<?xml version="1.0" encoding="UTF-8"?>
<alto xmlns:xsi="http://www.w3.org/2001/XMLSchema-instance" xsi:noNamespaceSchemaLocation="http://www.bl.uk/schemas/alto/alto-1-4.xsd" xmlns:xlink="http://www.w3.org/1999/xlink">
	<Description>
		<MeasurementUnit>mm10</MeasurementUnit>
		<sourceImageInformation>
			<fileName>//head1/IN/2008-29/A0011808733/000407.jp2</fileName>
		</sourceImageInformation>
		<OCRProcessing ID="OCRPROCESSING_1">
			<preProcessingStep>
				<processingSoftware>
					<softwareCreator>CCS Content Conversion Specialists GmbH, Germany</softwareCreator>
					<softwareName>CCS docWORKS</softwareName>
					<softwareVersion>6.1-0.67</softwareVersion>
				</processingSoftware>
			</preProcessingStep>
			<ocrProcessingStep>
				<processingSoftware>
					<softwareCreator>ABBYY (BIT Software), Russia</softwareCreator>
					<softwareName>Finereader</softwareName>
				</processingSoftware>
			</ocrProcessingStep>
		</OCRProcessing>
	</Description>
	<Styles>
		<TextStyle ID="TXT_0" FONTSIZE="11" FONTFAMILY="Courier New"/>
		<TextStyle ID="TXT_1" FONTSIZE="9" FONTFAMILY="Courier New"/>
		<ParagraphStyle ID="PAR_RIGHT" ALIGN="Right"/>
		<ParagraphStyle ID="PAR_LEFT" ALIGN="Left"/>
	</Styles>
	<Layout>
		<Page ID="P153" PHYSICAL_IMG_NR="153" HEIGHT="2078" WIDTH="1373" PRINTED_IMG_NR="139" POSITION="Right" ACCURACY="69.49">
			<TopMargin ID="P153_TM00001" HPOS="0" VPOS="0" WIDTH="1373" HEIGHT="152">
				<TextBlock ID="P153_TB00001" HPOS="1042" VPOS="123" WIDTH="49" HEIGHT="27" STYLEREFS="TXT_0 PAR_RIGHT">
					<TextLine ID="P153_TL00001" HPOS="1042" VPOS="123" WIDTH="49" HEIGHT="27">
						<String ID="P153_ST00001" HPOS="1042" VPOS="123" WIDTH="49" HEIGHT="27" CONTENT="139" WC="1.00" CC="000"/>
					</TextLine>
				</TextBlock>
			</TopMargin>
			<LeftMargin ID="P153_LM00001" HPOS="0" VPOS="152" WIDTH="129" HEIGHT="1641"/>
			<RightMargin ID="P153_RM00001" HPOS="1098" VPOS="152" WIDTH="275" HEIGHT="1641"/>
			<BottomMargin ID="P153_BM00001" HPOS="0" VPOS="1793" WIDTH="1373" HEIGHT="284"/>
			<PrintSpace ID="P153_PS00001" HPOS="129" VPOS="152" WIDTH="971" HEIGHT="1641">
				<TextBlock ID="P153_TB00002" HPOS="129" VPOS="173" WIDTH="965" HEIGHT="730" STYLEREFS="TXT_1 PAR_LEFT">
					<TextLine ID="P153_TL00002" HPOS="129" VPOS="174" WIDTH="963" HEIGHT="40">
						<String ID="P153_ST00002" HPOS="129" VPOS="184" WIDTH="90" HEIGHT="28" CONTENT="pagno" WC="0.74" CC="00453"/>
						<SP ID="P153_SP00001" HPOS="219" VPOS="212" WIDTH="27"/>
						<String ID="P153_ST00003" HPOS="246" VPOS="174" WIDTH="79" HEIGHT="28" CONTENT="molti" WC="0.95" CC="00020"/>
						<SP ID="P153_SP00002" HPOS="325" VPOS="212" WIDTH="27"/>
						<String ID="P153_ST00004" HPOS="352" VPOS="175" WIDTH="110" HEIGHT="28" CONTENT="citadini" WC="0.75" CC="42370100"/>
						<SP ID="P153_SP00003" HPOS="462" VPOS="212" WIDTH="31"/>
						<String ID="P153_ST00005" HPOS="493" VPOS="176" WIDTH="32" HEIGHT="28" CONTENT="de" WC="1.00" CC="00"/>
						<SP ID="P153_SP00004" HPOS="525" VPOS="212" WIDTH="32"/>
						<String ID="P153_ST00006" HPOS="557" VPOS="178" WIDTH="87" HEIGHT="27" CONTENT="Saona" WC="0.77" CC="00560"/>
						<SP ID="P153_SP00005" HPOS="644" VPOS="212" WIDTH="30"/>
						<String ID="P153_ST00007" HPOS="674" VPOS="177" WIDTH="61" HEIGHT="28" CONTENT="eleti" WC="0.93" CC="00003"/>
						<SP ID="P153_SP00006" HPOS="735" VPOS="212" WIDTH="30"/>
						<String ID="P153_ST00008" HPOS="765" VPOS="188" WIDTH="14" HEIGHT="17" CONTENT="a" WC="1.00" CC="0"/>
						<SP ID="P153_SP00007" HPOS="779" VPOS="212" WIDTH="24"/>
						<String ID="P153_ST00009" HPOS="803" VPOS="176" WIDTH="72" HEIGHT="38" CONTENT="sarge" WC="0.79" CC="50500"/>
						<SP ID="P153_SP00008" HPOS="875" VPOS="214" WIDTH="21"/>
						<String ID="P153_ST00010" HPOS="896" VPOS="177" WIDTH="160" HEIGHT="37" CONTENT="compagnia" WC="0.66" CC="610090560"/>
						<SP ID="P153_SP00009" HPOS="1056" VPOS="214" WIDTH="22"/>
						<String ID="P153_ST00011" HPOS="1078" VPOS="187" WIDTH="14" HEIGHT="17" CONTENT="e" WC="1.00" CC="0"/>
					</TextLine>
					<TextLine ID="P153_TL00003" HPOS="130" VPOS="224" WIDTH="964" HEIGHT="40">
						<String ID="P153_ST00012" HPOS="130" VPOS="224" WIDTH="51" HEIGHT="28" CONTENT="tuti" WC="0.68" CC="0606"/>
						<SP ID="P153_SP00010" HPOS="181" VPOS="252" WIDTH="19"/>
						<String ID="P153_ST00013" HPOS="200" VPOS="224" WIDTH="113" HEIGHT="28" CONTENT="insieme" WC="0.65" CC="6406006"/>
						<SP ID="P153_SP00011" HPOS="313" VPOS="252" WIDTH="20"/>
						<String ID="P153_ST00014" HPOS="333" VPOS="234" WIDTH="33" HEIGHT="18" CONTENT="ne" WC="0.68" CC="60"/>
						<SP ID="P153_SP00012" HPOS="366" VPOS="252" WIDTH="21"/>
						<String ID="P153_ST00015" HPOS="387" VPOS="224" WIDTH="108" HEIGHT="28" CONTENT="andono" WC="0.95" CC="020000"/>
						<SP ID="P153_SP00013" HPOS="495" VPOS="252" WIDTH="21"/>
						<String ID="P153_ST00016" HPOS="516" VPOS="226" WIDTH="28" HEIGHT="27" CONTENT="in" WC="0.35" CC="57"/>
						<SP ID="P153_SP00014" HPOS="544" VPOS="253" WIDTH="20"/>
						<String ID="P153_ST00017" HPOS="564" VPOS="226" WIDTH="62" HEIGHT="29" CONTENT="loco" WC="0.65" CC="4062"/>
						<SP ID="P153_SP00015" HPOS="626" VPOS="255" WIDTH="20"/>
						<String ID="P153_ST00018" HPOS="646" VPOS="237" WIDTH="47" HEIGHT="27" CONTENT="per" WC="0.73" CC="304"/>
						<SP ID="P153_SP00016" HPOS="693" VPOS="264" WIDTH="20"/>
						<String ID="P153_ST00019" HPOS="713" VPOS="226" WIDTH="97" HEIGHT="29" CONTENT="vedere" WC="0.97" CC="000100"/>
						<SP ID="P153_SP00017" HPOS="810" VPOS="264" WIDTH="21"/>
						<String ID="P153_ST00020" HPOS="831" VPOS="227" WIDTH="80" HEIGHT="37" CONTENT="quelo" WC="0.86" CC="06000"/>
						<SP ID="P153_SP00018" HPOS="911" VPOS="264" WIDTH="28"/>
						<String ID="P153_ST00021" HPOS="939" VPOS="237" WIDTH="28" HEIGHT="17" CONTENT="se" WC="0.68" CC="06"/>
						<SP ID="P153_SP00019" HPOS="967" VPOS="264" WIDTH="30"/>
						<String ID="P153_ST00022" HPOS="997" VPOS="234" WIDTH="97" HEIGHT="29" CONTENT="poteva" WC="0.56" CC="824009"/>
					</TextLine>
					<TextLine ID="P153_TL00004" HPOS="131" VPOS="273" WIDTH="963" HEIGHT="40">
						<String ID="P153_ST00023" HPOS="131" VPOS="273" WIDTH="53" HEIGHT="29" CONTENT="fare" WC="0.86" CC="0050"/>
						<SP ID="P153_SP00020" HPOS="184" VPOS="302" WIDTH="20"/>
						<String ID="P153_ST00024" HPOS="204" VPOS="283" WIDTH="15" HEIGHT="18" CONTENT="e" WC="1.00" CC="0"/>
						<SP ID="P153_SP00021" HPOS="219" VPOS="302" WIDTH="20"/>
						<String ID="P153_ST00025" HPOS="239" VPOS="274" WIDTH="70" HEIGHT="27" CONTENT="visto" WC="0.75" CC="02350"/>
						<SP ID="P153_SP00022" HPOS="309" VPOS="302" WIDTH="22"/>
						<String ID="P153_ST00026" HPOS="331" VPOS="274" WIDTH="18" HEIGHT="28" CONTENT="il" WC="0.64" CC="24"/>
						<SP ID="P153_SP00023" HPOS="349" VPOS="302" WIDTH="21"/>
						<String ID="P153_ST00027" HPOS="370" VPOS="282" WIDTH="58" HEIGHT="20" CONTENT="tuto" WC="0.64" CC="4306"/>
						<SP ID="P153_SP00024" HPOS="428" VPOS="302" WIDTH="20"/>
						<String ID="P153_ST00028" HPOS="448" VPOS="285" WIDTH="47" HEIGHT="27" CONTENT="per" WC="0.81" CC="005"/>
						<SP ID="P153_SP00025" HPOS="495" VPOS="312" WIDTH="30"/>
						<String ID="P153_ST00029" HPOS="525" VPOS="275" WIDTH="77" HEIGHT="27" CONTENT="molti" WC="0.82" CC="00404"/>
						<SP ID="P153_SP00026" HPOS="602" VPOS="312" WIDTH="32"/>
						<String ID="P153_ST00030" HPOS="634" VPOS="277" WIDTH="98" HEIGHT="36" CONTENT="respeti" WC="0.79" CC="1040016"/>
						<SP ID="P153_SP00027" HPOS="732" VPOS="313" WIDTH="30"/>
						<String ID="P153_ST00031" HPOS="762" VPOS="276" WIDTH="28" HEIGHT="27" CONTENT="fu" WC="0.60" CC="16"/>
						<SP ID="P153_SP00028" HPOS="790" VPOS="313" WIDTH="29"/>
						<String ID="P153_ST00032" HPOS="819" VPOS="284" WIDTH="114" HEIGHT="20" CONTENT="restreto" WC="0.82" CC="22004210"/>
						<SP ID="P153_SP00029" HPOS="933" VPOS="313" WIDTH="32"/>
						<String ID="P153_ST00033" HPOS="965" VPOS="284" WIDTH="39" HEIGHT="19" CONTENT="tra" WC="0.37" CC="099"/>
						<SP ID="P153_SP00030" HPOS="1004" VPOS="313" WIDTH="31"/>
						<String ID="P153_ST00034" HPOS="1035" VPOS="276" WIDTH="59" HEIGHT="27" CONTENT="loro" WC="0.70" CC="6004"/>
					</TextLine>
					<TextLine ID="P153_TL00005" HPOS="132" VPOS="322" WIDTH="962" HEIGHT="40">
						<String ID="P153_ST00035" HPOS="132" VPOS="323" WIDTH="31" HEIGHT="28" CONTENT="de" WC="1.00" CC="00"/>
						<SP ID="P153_SP00031" HPOS="163" VPOS="351" WIDTH="21"/>
						<String ID="P153_ST00036" HPOS="184" VPOS="322" WIDTH="54" HEIGHT="29" CONTENT="fare" WC="0.73" CC="0703"/>
						<SP ID="P153_SP00032" HPOS="238" VPOS="351" WIDTH="21"/>
						<String ID="P153_ST00037" HPOS="259" VPOS="323" WIDTH="24" HEIGHT="27" CONTENT="la" WC="0.67" CC="60"/>
						<SP ID="P153_SP00033" HPOS="283" VPOS="351" WIDTH="21"/>
						<String ID="P153_ST00038" HPOS="304" VPOS="322" WIDTH="55" HEIGHT="29" CONTENT="dita" WC="0.58" CC="0447"/>
						<SP ID="P153_SP00034" HPOS="359" VPOS="351" WIDTH="21"/>
						<String ID="P153_ST00039" HPOS="380" VPOS="323" WIDTH="99" HEIGHT="28" CONTENT="fortesa" WC="0.93" CC="0050000"/>
						<SP ID="P153_SP00035" HPOS="479" VPOS="351" WIDTH="21"/>
						<String ID="P153_ST00040" HPOS="500" VPOS="335" WIDTH="80" HEIGHT="26" CONTENT="sopra" WC="0.77" CC="40050"/>
						<SP ID="P153_SP00036" HPOS="580" VPOS="361" WIDTH="20"/>
						<String ID="P153_ST00041" HPOS="600" VPOS="324" WIDTH="27" HEIGHT="28" CONTENT="lo" WC="0.69" CC="41"/>
						<SP ID="P153_SP00037" HPOS="627" VPOS="361" WIDTH="22"/>
						<String ID="P153_ST00042" HPOS="649" VPOS="334" WIDTH="93" HEIGHT="19" CONTENT="monte" WC="0.84" CC="20050"/>
						<SP ID="P153_SP00038" HPOS="742" VPOS="361" WIDTH="21"/>
						<String ID="P153_ST00043" HPOS="763" VPOS="325" WIDTH="33" HEIGHT="27" CONTENT="de" WC="0.68" CC="60"/>
						<SP ID="P153_SP00039" HPOS="796" VPOS="361" WIDTH="21"/>
						<String ID="P153_ST00044" HPOS="817" VPOS="325" WIDTH="26" HEIGHT="27" CONTENT="lo" WC="0.76" CC="40"/>
						<SP ID="P153_SP00040" HPOS="843" VPOS="361" WIDTH="15"/>
						<String ID="P153_ST00045" HPOS="858" VPOS="325" WIDTH="84" HEIGHT="27" CONTENT="domo" WC="0.91" CC="0300"/>
						<SP ID="P153_SP00041" HPOS="942" VPOS="361" WIDTH="15"/>
						<String ID="P153_ST00046" HPOS="957" VPOS="324" WIDTH="41" HEIGHT="28" CONTENT="adi" WC="1.00" CC="000"/>
						<SP ID="P153_SP00042" HPOS="998" VPOS="361" WIDTH="15"/>
						<String ID="P153_ST00047" HPOS="1013" VPOS="325" WIDTH="81" HEIGHT="37" CONTENT="primi" WC="0.87" CC="00204"/>
					</TextLine>
					<TextLine ID="P153_TL00006" HPOS="131" VPOS="373" WIDTH="963" HEIGHT="39">
						<String ID="P153_ST00048" HPOS="131" VPOS="373" WIDTH="85" HEIGHT="37" CONTENT="agusti" WC="0.63" CC="904035"/>
						<SP ID="P153_SP00043" HPOS="216" VPOS="410" WIDTH="23"/>
						<String ID="P153_ST00049" HPOS="239" VPOS="381" WIDTH="70" HEIGHT="28" CONTENT="1542" WC="0.88" CC="0004"/>
						<SP ID="P153_SP00044" HPOS="309" VPOS="410" WIDTH="22"/>
						<String ID="P153_ST00050" HPOS="331" VPOS="373" WIDTH="21" HEIGHT="28" CONTENT="E" WC="1.00" CC="0"/>
						<SP ID="P153_SP00045" HPOS="352" VPOS="410" WIDTH="21"/>
						<String ID="P153_ST00051" HPOS="373" VPOS="373" WIDTH="24" HEIGHT="28" CONTENT="al" WC="0.81" CC="03"/>
						<SP ID="P153_SP00046" HPOS="397" VPOS="410" WIDTH="23"/>
						<String ID="P153_ST00052" HPOS="420" VPOS="382" WIDTH="15" HEIGHT="19" CONTENT="2" WC="0.71" CC="2"/>
						<SP ID="P153_SP00047" HPOS="435" VPOS="410" WIDTH="23"/>
						<String ID="P153_ST00053" HPOS="458" VPOS="373" WIDTH="31" HEIGHT="28" CONTENT="de" WC="1.00" CC="00"/>
						<SP ID="P153_SP00048" HPOS="489" VPOS="410" WIDTH="22"/>
						<String ID="P153_ST00054" HPOS="511" VPOS="383" WIDTH="96" HEIGHT="28" CONTENT="agosto" WC="0.83" CC="900000"/>
						<SP ID="P153_SP00049" HPOS="607" VPOS="411" WIDTH="23"/>
						<String ID="P153_ST00055" HPOS="630" VPOS="373" WIDTH="32" HEIGHT="28" CONTENT="de" WC="1.00" CC="00"/>
						<SP ID="P153_SP00050" HPOS="662" VPOS="411" WIDTH="25"/>
						<String ID="P153_ST00056" HPOS="687" VPOS="383" WIDTH="70" HEIGHT="28" CONTENT="1542" WC="0.92" CC="0003"/>
						<SP ID="P153_SP00051" HPOS="757" VPOS="411" WIDTH="31"/>
						<String ID="P153_ST00057" HPOS="788" VPOS="374" WIDTH="97" HEIGHT="28" CONTENT="deteno" WC="0.94" CC="001001"/>
						<SP ID="P153_SP00052" HPOS="885" VPOS="411" WIDTH="31"/>
						<String ID="P153_ST00058" HPOS="916" VPOS="375" WIDTH="130" HEIGHT="37" CONTENT="principio" WC="0.59" CC="040763850"/>
						<SP ID="P153_SP00053" HPOS="1046" VPOS="412" WIDTH="34"/>
						<String ID="P153_ST00059" HPOS="1080" VPOS="384" WIDTH="14" HEIGHT="17" CONTENT="a" WC="0.01" CC="9"/>
					</TextLine>
					<TextLine ID="P153_TL00007" HPOS="131" VPOS="422" WIDTH="963" HEIGHT="39">
						<String ID="P153_ST00060" HPOS="131" VPOS="422" WIDTH="53" HEIGHT="28" CONTENT="fare" WC="0.97" CC="0000"/>
						<SP ID="P153_SP00054" HPOS="184" VPOS="450" WIDTH="20"/>
						<String ID="P153_ST00061" HPOS="204" VPOS="422" WIDTH="122" HEIGHT="28" CONTENT="lavorare" WC="0.91" CC="06000000"/>
						<SP ID="P153_SP00055" HPOS="326" VPOS="450" WIDTH="20"/>
						<String ID="P153_ST00062" HPOS="346" VPOS="432" WIDTH="46" HEIGHT="27" CONTENT="per" WC="0.96" CC="010"/>
						<SP ID="P153_SP00056" HPOS="392" VPOS="459" WIDTH="22"/>
						<String ID="P153_ST00063" HPOS="414" VPOS="422" WIDTH="53" HEIGHT="29" CONTENT="fare" WC="0.56" CC="0673"/>
						<SP ID="P153_SP00057" HPOS="467" VPOS="459" WIDTH="20"/>
						<String ID="P153_ST00064" HPOS="487" VPOS="423" WIDTH="55" HEIGHT="28" CONTENT="dita" WC="0.44" CC="6608"/>
						<SP ID="P153_SP00058" HPOS="542" VPOS="459" WIDTH="21"/>
						<String ID="P153_ST00065" HPOS="563" VPOS="423" WIDTH="99" HEIGHT="28" CONTENT="fortesa" WC="0.80" CC="1033050"/>
						<SP ID="P153_SP00059" HPOS="662" VPOS="459" WIDTH="15"/>
						<String ID="P153_ST00066" HPOS="677" VPOS="425" WIDTH="19" HEIGHT="26" CONTENT="îe" WC="0.60" CC="80"/>
						<SP ID="P153_SP00060" HPOS="696" VPOS="459" WIDTH="15"/>
						<String ID="P153_ST00067" HPOS="711" VPOS="423" WIDTH="27" HEIGHT="28" CONTENT="lo" WC="0.93" CC="10"/>
						<SP ID="P153_SP00061" HPOS="738" VPOS="459" WIDTH="13"/>
						<String ID="P153_ST00068" HPOS="751" VPOS="424" WIDTH="89" HEIGHT="37" CONTENT="primo" WC="0.72" CC="04503"/>
						<SP ID="P153_SP00062" HPOS="840" VPOS="461" WIDTH="16"/>
						<String ID="P153_ST00069" HPOS="856" VPOS="424" WIDTH="78" HEIGHT="27" CONTENT="iorno" WC="0.79" CC="60400"/>
						<SP ID="P153_SP00063" HPOS="934" VPOS="461" WIDTH="14"/>
						<String ID="P153_ST00070" HPOS="948" VPOS="423" WIDTH="25" HEIGHT="28" CONTENT="le" WC="0.73" CC="50"/>
						<SP ID="P153_SP00064" HPOS="973" VPOS="461" WIDTH="16"/>
						<String ID="P153_ST00071" HPOS="989" VPOS="424" WIDTH="105" HEIGHT="27" CONTENT="miseno" WC="0.94" CC="020000"/>
					</TextLine>
					<TextLine ID="P153_TL00008" HPOS="132" VPOS="471" WIDTH="962" HEIGHT="39">
						<String ID="P153_ST00072" HPOS="132" VPOS="482" WIDTH="13" HEIGHT="18" CONTENT="a" WC="1.00" CC="0"/>
						<SP ID="P153_SP00065" HPOS="145" VPOS="500" WIDTH="21"/>
						<String ID="P153_ST00073" HPOS="166" VPOS="471" WIDTH="54" HEIGHT="29" CONTENT="fare" WC="0.78" CC="0520"/>
						<SP ID="P153_SP00066" HPOS="220" VPOS="500" WIDTH="21"/>
						<String ID="P153_ST00074" HPOS="241" VPOS="473" WIDTH="104" HEIGHT="27" CONTENT="minare" WC="0.48" CC="608950"/>
						<SP ID="P153_SP00067" HPOS="345" VPOS="500" WIDTH="21"/>
						<String ID="P153_ST00075" HPOS="366" VPOS="472" WIDTH="122" HEIGHT="37" CONTENT="lospitale" WC="0.69" CC="600004555"/>
						<SP ID="P153_SP00068" HPOS="488" VPOS="509" WIDTH="21"/>
						<String ID="P153_ST00076" HPOS="509" VPOS="472" WIDTH="32" HEIGHT="28" CONTENT="de" WC="0.94" CC="01"/>
						<SP ID="P153_SP00069" HPOS="541" VPOS="509" WIDTH="21"/>
						<String ID="P153_ST00077" HPOS="562" VPOS="472" WIDTH="17" HEIGHT="28" CONTENT="li" WC="0.65" CC="70"/>
						<SP ID="P153_SP00070" HPOS="579" VPOS="509" WIDTH="23"/>
						<String ID="P153_ST00078" HPOS="602" VPOS="473" WIDTH="103" HEIGHT="36" CONTENT="caregai" WC="0.72" CC="7900001"/>
						<SP ID="P153_SP00071" HPOS="705" VPOS="509" WIDTH="21"/>
						<String ID="P153_ST00079" HPOS="726" VPOS="483" WIDTH="14" HEIGHT="17" CONTENT="e" WC="1.00" CC="0"/>
						<SP ID="P153_SP00072" HPOS="740" VPOS="509" WIDTH="24"/>
						<String ID="P153_ST00080" HPOS="764" VPOS="473" WIDTH="46" HEIGHT="37" CONTENT="poi" WC="0.76" CC="006"/>
						<SP ID="P153_SP00073" HPOS="810" VPOS="510" WIDTH="27"/>
						<String ID="P153_ST00081" HPOS="837" VPOS="473" WIDTH="122" HEIGHT="37" CONTENT="lospitale" WC="0.72" CC="300923040"/>
						<SP ID="P153_SP00074" HPOS="959" VPOS="510" WIDTH="29"/>
						<String ID="P153_ST00082" HPOS="988" VPOS="473" WIDTH="32" HEIGHT="27" CONTENT="de" WC="1.00" CC="00"/>
						<SP ID="P153_SP00075" HPOS="1020" VPOS="510" WIDTH="27"/>
						<String ID="P153_ST00083" HPOS="1047" VPOS="483" WIDTH="47" HEIGHT="17" CONTENT="san" WC="0.70" CC="062"/>
					</TextLine>
					<TextLine ID="P153_TL00009" HPOS="134" VPOS="521" WIDTH="960" HEIGHT="37">
						<String ID="P153_ST00084" HPOS="134" VPOS="521" WIDTH="81" HEIGHT="28" CONTENT="Paulo" WC="0.60" CC="59040"/>
						<SP ID="P153_SP00076" HPOS="215" VPOS="549" WIDTH="21"/>
						<String ID="P153_ST00085" HPOS="236" VPOS="532" WIDTH="13" HEIGHT="17" CONTENT="e" WC="0.67" CC="3"/>
						<SP ID="P153_SP00077" HPOS="249" VPOS="549" WIDTH="22"/>
						<String ID="P153_ST00086" HPOS="271" VPOS="522" WIDTH="45" HEIGHT="36" CONTENT="poi" WC="1.00" CC="000"/>
						<SP ID="P153_SP00078" HPOS="316" VPOS="558" WIDTH="21"/>
						<String ID="P153_ST00087" HPOS="337" VPOS="521" WIDTH="32" HEIGHT="28" CONTENT="de" WC="1.00" CC="00"/>
						<SP ID="P153_SP00079" HPOS="369" VPOS="558" WIDTH="21"/>
						<String ID="P153_ST00088" HPOS="390" VPOS="522" WIDTH="78" HEIGHT="27" CONTENT="iorno" WC="0.69" CC="50530"/>
						<SP ID="P153_SP00080" HPOS="468" VPOS="558" WIDTH="22"/>
						<String ID="P153_ST00089" HPOS="490" VPOS="523" WIDTH="26" HEIGHT="26" CONTENT="in" WC="0.56" CC="26"/>
						<SP ID="P153_SP00081" HPOS="516" VPOS="558" WIDTH="23"/>
						<String ID="P153_ST00090" HPOS="539" VPOS="523" WIDTH="80" HEIGHT="27" CONTENT="iorno" WC="0.80" CC="20070"/>
						<SP ID="P153_SP00082" HPOS="619" VPOS="558" WIDTH="21"/>
						<String ID="P153_ST00091" HPOS="640" VPOS="522" WIDTH="139" HEIGHT="28" CONTENT="andavano" WC="0.80" CC="90000500"/>
						<SP ID="P153_SP00083" HPOS="779" VPOS="558" WIDTH="22"/>
						<String ID="P153_ST00092" HPOS="801" VPOS="522" WIDTH="131" HEIGHT="28" CONTENT="minando" WC="0.58" CC="9178000"/>
						<SP ID="P153_SP00084" HPOS="932" VPOS="558" WIDTH="27"/>
						<String ID="P153_ST00093" HPOS="959" VPOS="522" WIDTH="24" HEIGHT="27" CONTENT="le" WC="0.65" CC="60"/>
						<SP ID="P153_SP00085" HPOS="983" VPOS="558" WIDTH="22"/>
						<String ID="P153_ST00094" HPOS="1005" VPOS="532" WIDTH="89" HEIGHT="18" CONTENT="cazase" WC="0.73" CC="026600"/>
					</TextLine>
					<TextLine ID="P153_TL00010" HPOS="133" VPOS="570" WIDTH="961" HEIGHT="38">
						<String ID="P153_ST00095" HPOS="133" VPOS="571" WIDTH="32" HEIGHT="28" CONTENT="de" WC="1.00" CC="00"/>
						<SP ID="P153_SP00086" HPOS="165" VPOS="599" WIDTH="20"/>
						<String ID="P153_ST00096" HPOS="185" VPOS="571" WIDTH="19" HEIGHT="27" CONTENT="li" WC="0.90" CC="20"/>
						<SP ID="P153_SP00087" HPOS="204" VPOS="599" WIDTH="13"/>
						<String ID="P153_ST00097" HPOS="217" VPOS="571" WIDTH="84" HEIGHT="27" CONTENT="batuti" WC="0.75" CC="203224"/>
						<SP ID="P153_SP00088" HPOS="301" VPOS="599" WIDTH="14"/>
						<String ID="P153_ST00098" HPOS="315" VPOS="581" WIDTH="13" HEIGHT="17" CONTENT="e" WC="1.00" CC="0"/>
						<SP ID="P153_SP00089" HPOS="328" VPOS="599" WIDTH="16"/>
						<String ID="P153_ST00099" HPOS="344" VPOS="570" WIDTH="120" HEIGHT="38" CONTENT="lospitale" WC="0.83" CC="000020740"/>
						<SP ID="P153_SP00090" HPOS="464" VPOS="608" WIDTH="17"/>
						<String ID="P153_ST00100" HPOS="481" VPOS="570" WIDTH="51" HEIGHT="29" CONTENT="deli" WC="0.98" CC="0000"/>
						<SP ID="P153_SP00091" HPOS="532" VPOS="608" WIDTH="14"/>
						<String ID="P153_ST00101" HPOS="546" VPOS="571" WIDTH="131" HEIGHT="37" CONTENT="pelegrini" WC="0.86" CC="000005060"/>
						<SP ID="P153_SP00092" HPOS="677" VPOS="608" WIDTH="14"/>
						<String ID="P153_ST00102" HPOS="691" VPOS="572" WIDTH="143" HEIGHT="27" CONTENT="nominato" WC="0.66" CC="60053046"/>
						<SP ID="P153_SP00093" HPOS="834" VPOS="608" WIDTH="15"/>
						<String ID="P153_ST00103" HPOS="849" VPOS="571" WIDTH="130" HEIGHT="36" CONTENT="hospitale" WC="0.94" CC="000005000"/>
						<SP ID="P153_SP00094" HPOS="979" VPOS="608" WIDTH="15"/>
						<String ID="P153_ST00104" HPOS="994" VPOS="570" WIDTH="100" HEIGHT="37" CONTENT="grande" WC="0.76" CC="066100"/>
					</TextLine>
					<TextLine ID="P153_TL00011" HPOS="133" VPOS="619" WIDTH="961" HEIGHT="37">
						<String ID="P153_ST00105" HPOS="133" VPOS="630" WIDTH="14" HEIGHT="18" CONTENT="e" WC="1.00" CC="0"/>
						<SP ID="P153_SP00095" HPOS="147" VPOS="648" WIDTH="20"/>
						<String ID="P153_ST00106" HPOS="167" VPOS="619" WIDTH="138" HEIGHT="30" CONTENT="andavano" WC="0.58" CC="06090763"/>
						<SP ID="P153_SP00096" HPOS="305" VPOS="649" WIDTH="21"/>
						<String ID="P153_ST00107" HPOS="326" VPOS="619" WIDTH="110" HEIGHT="29" CONTENT="fasendo" WC="0.92" CC="0000005"/>
						<SP ID="P153_SP00097" HPOS="436" VPOS="649" WIDTH="22"/>
						<String ID="P153_ST00108" HPOS="458" VPOS="619" WIDTH="170" HEIGHT="29" CONTENT="fondamenti" WC="0.66" CC="0037002856"/>
						<SP ID="P153_SP00098" HPOS="628" VPOS="649" WIDTH="21"/>
						<String ID="P153_ST00109" HPOS="649" VPOS="619" WIDTH="70" HEIGHT="28" CONTENT="dove" WC="1.00" CC="0000"/>
						<SP ID="P153_SP00099" HPOS="719" VPOS="649" WIDTH="21"/>
						<String ID="P153_ST00110" HPOS="740" VPOS="620" WIDTH="111" HEIGHT="27" CONTENT="voliano" WC="0.82" CC="0440020"/>
						<SP ID="P153_SP00100" HPOS="851" VPOS="649" WIDTH="15"/>
						<String ID="P153_ST00111" HPOS="866" VPOS="619" WIDTH="53" HEIGHT="28" CONTENT="fare" WC="0.93" CC="0020"/>
						<SP ID="P153_SP00101" HPOS="919" VPOS="649" WIDTH="15"/>
						<String ID="P153_ST00112" HPOS="934" VPOS="619" WIDTH="23" HEIGHT="28" CONTENT="la" WC="0.92" CC="10"/>
						<SP ID="P153_SP00102" HPOS="957" VPOS="649" WIDTH="15"/>
						<String ID="P153_ST00113" HPOS="972" VPOS="621" WIDTH="122" HEIGHT="35" CONTENT="muragia" WC="0.47" CC="2659344"/>
					</TextLine>
					<TextLine ID="P153_TL00012" HPOS="133" VPOS="669" WIDTH="960" HEIGHT="37">
						<String ID="P153_ST00114" HPOS="133" VPOS="670" WIDTH="33" HEIGHT="28" CONTENT="de" WC="0.58" CC="80"/>
						<SP ID="P153_SP00103" HPOS="166" VPOS="698" WIDTH="19"/>
						<String ID="P153_ST00115" HPOS="185" VPOS="669" WIDTH="25" HEIGHT="28" CONTENT="la" WC="0.73" CC="50"/>
						<SP ID="P153_SP00104" HPOS="210" VPOS="698" WIDTH="20"/>
						<String ID="P153_ST00116" HPOS="230" VPOS="669" WIDTH="97" HEIGHT="28" CONTENT="fortesa" WC="0.81" CC="0030009"/>
						<SP ID="P153_SP00105" HPOS="327" VPOS="698" WIDTH="21"/>
						<String ID="P153_ST00117" HPOS="348" VPOS="679" WIDTH="13" HEIGHT="18" CONTENT="e" WC="1.00" CC="0"/>
						<SP ID="P153_SP00106" HPOS="361" VPOS="698" WIDTH="21"/>
						<String ID="P153_ST00118" HPOS="382" VPOS="669" WIDTH="34" HEIGHT="28" CONTENT="ali" WC="0.82" CC="031"/>
						<SP ID="P153_SP00107" HPOS="416" VPOS="698" WIDTH="22"/>
						<String ID="P153_ST00119" HPOS="438" VPOS="677" WIDTH="32" HEIGHT="28" CONTENT="23" WC="0.83" CC="30"/>
						<SP ID="P153_SP00108" HPOS="470" VPOS="705" WIDTH="24"/>
						<String ID="P153_ST00120" HPOS="494" VPOS="669" WIDTH="31" HEIGHT="27" CONTENT="de" WC="1.00" CC="00"/>
						<SP ID="P153_SP00109" HPOS="525" VPOS="705" WIDTH="23"/>
						<String ID="P153_ST00121" HPOS="548" VPOS="677" WIDTH="94" HEIGHT="29" CONTENT="agosto" WC="0.91" CC="003100"/>
						<SP ID="P153_SP00110" HPOS="642" VPOS="706" WIDTH="22"/>
						<String ID="P153_ST00122" HPOS="664" VPOS="669" WIDTH="98" HEIGHT="28" CONTENT="deteno" WC="0.81" CC="002062"/>
						<SP ID="P153_SP00111" HPOS="762" VPOS="706" WIDTH="15"/>
						<String ID="P153_ST00123" HPOS="777" VPOS="669" WIDTH="132" HEIGHT="37" CONTENT="principio" WC="0.76" CC="040642020"/>
						<SP ID="P153_SP00112" HPOS="909" VPOS="706" WIDTH="16"/>
						<String ID="P153_ST00124" HPOS="925" VPOS="669" WIDTH="32" HEIGHT="27" CONTENT="de" WC="1.00" CC="00"/>
						<SP ID="P153_SP00113" HPOS="957" VPOS="706" WIDTH="15"/>
						<String ID="P153_ST00125" HPOS="972" VPOS="669" WIDTH="121" HEIGHT="27" CONTENT="lavorare" WC="0.82" CC="50000062"/>
					</TextLine>
					<TextLine ID="P153_TL00013" HPOS="133" VPOS="718" WIDTH="961" HEIGHT="38">
						<String ID="P153_ST00126" HPOS="133" VPOS="719" WIDTH="33" HEIGHT="28" CONTENT="de" WC="0.96" CC="00"/>
						<SP ID="P153_SP00114" HPOS="166" VPOS="747" WIDTH="18"/>
						<String ID="P153_ST00127" HPOS="184" VPOS="720" WIDTH="84" HEIGHT="36" CONTENT="pietre" WC="0.81" CC="030430"/>
						<SP ID="P153_SP00115" HPOS="268" VPOS="756" WIDTH="20"/>
						<String ID="P153_ST00128" HPOS="288" VPOS="729" WIDTH="14" HEIGHT="17" CONTENT="e" WC="1.00" CC="0"/>
						<SP ID="P153_SP00116" HPOS="302" VPOS="756" WIDTH="21"/>
						<String ID="P153_ST00129" HPOS="323" VPOS="718" WIDTH="27" HEIGHT="29" CONTENT="di" WC="1.00" CC="00"/>
						<SP ID="P153_SP00117" HPOS="350" VPOS="756" WIDTH="21"/>
						<String ID="P153_ST00130" HPOS="371" VPOS="718" WIDTH="98" HEIGHT="28" CONTENT="calsina" WC="0.56" CC="6840370"/>
						<SP ID="P153_SP00118" HPOS="469" VPOS="756" WIDTH="21"/>
						<String ID="P153_ST00131" HPOS="490" VPOS="728" WIDTH="79" HEIGHT="27" CONTENT="sopra" WC="0.85" CC="30040"/>
						<SP ID="P153_SP00119" HPOS="569" VPOS="756" WIDTH="19"/>
						<String ID="P153_ST00132" HPOS="588" VPOS="718" WIDTH="26" HEIGHT="28" CONTENT="lo" WC="0.72" CC="50"/>
						<SP ID="P153_SP00120" HPOS="614" VPOS="756" WIDTH="22"/>
						<String ID="P153_ST00133" HPOS="636" VPOS="726" WIDTH="136" HEIGHT="20" CONTENT="convento" WC="0.60" CC="63500564"/>
						<SP ID="P153_SP00121" HPOS="772" VPOS="756" WIDTH="20"/>
						<String ID="P153_ST00134" HPOS="792" VPOS="718" WIDTH="32" HEIGHT="28" CONTENT="de" WC="1.00" CC="00"/>
						<SP ID="P153_SP00122" HPOS="824" VPOS="756" WIDTH="22"/>
						<String ID="P153_ST00135" HPOS="846" VPOS="726" WIDTH="77" HEIGHT="20" CONTENT="santo" WC="0.84" CC="00510"/>
						<SP ID="P153_SP00123" HPOS="923" VPOS="756" WIDTH="22"/>
						<String ID="P153_ST00136" HPOS="945" VPOS="718" WIDTH="149" HEIGHT="27" CONTENT="Dominico" WC="0.71" CC="10540650"/>
					</TextLine>
					<TextLine ID="P153_TL00014" HPOS="134" VPOS="766" WIDTH="960" HEIGHT="38">
						<String ID="P153_ST00137" HPOS="134" VPOS="778" WIDTH="14" HEIGHT="19" CONTENT="e" WC="1.00" CC="0"/>
						<SP ID="P153_SP00124" HPOS="148" VPOS="797" WIDTH="21"/>
						<String ID="P153_ST00138" HPOS="169" VPOS="778" WIDTH="80" HEIGHT="18" CONTENT="como" WC="0.91" CC="3000"/>
						<SP ID="P153_SP00125" HPOS="249" VPOS="797" WIDTH="22"/>
						<String ID="P153_ST00139" HPOS="271" VPOS="768" WIDTH="24" HEIGHT="28" CONTENT="la" WC="1.00" CC="00"/>
						<SP ID="P153_SP00126" HPOS="295" VPOS="797" WIDTH="21"/>
						<String ID="P153_ST00140" HPOS="316" VPOS="770" WIDTH="120" HEIGHT="34" CONTENT="muragia" WC="0.64" CC="0720068"/>
						<SP ID="P153_SP00127" HPOS="436" VPOS="804" WIDTH="22"/>
						<String ID="P153_ST00141" HPOS="458" VPOS="767" WIDTH="27" HEIGHT="28" CONTENT="fu" WC="0.88" CC="02"/>
						<SP ID="P153_SP00128" HPOS="485" VPOS="804" WIDTH="22"/>
						<String ID="P153_ST00142" HPOS="507" VPOS="767" WIDTH="25" HEIGHT="28" CONTENT="di" WC="0.75" CC="04"/>
						<SP ID="P153_SP00129" HPOS="532" VPOS="804" WIDTH="21"/>
						<String ID="P153_ST00143" HPOS="553" VPOS="767" WIDTH="82" HEIGHT="28" CONTENT="altesa" WC="0.88" CC="006000"/>
						<SP ID="P153_SP00130" HPOS="635" VPOS="804" WIDTH="19"/>
						<String ID="P153_ST00144" HPOS="654" VPOS="767" WIDTH="33" HEIGHT="28" CONTENT="da" WC="0.50" CC="09"/>
						<SP ID="P153_SP00131" HPOS="687" VPOS="804" WIDTH="25"/>
						<String ID="P153_ST00145" HPOS="712" VPOS="777" WIDTH="29" HEIGHT="27" CONTENT="15" WC="0.20" CC="87"/>
						<SP ID="P153_SP00132" HPOS="741" VPOS="804" WIDTH="24"/>
						<String ID="P153_ST00146" HPOS="765" VPOS="768" WIDTH="27" HEIGHT="27" CONTENT="in" WC="0.47" CC="37"/>
						<SP ID="P153_SP00133" HPOS="792" VPOS="804" WIDTH="22"/>
						<String ID="P153_ST00147" HPOS="814" VPOS="770" WIDTH="53" HEIGHT="32" CONTENT="20/" WC="0.61" CC="109"/>
						<SP ID="P153_SP00134" HPOS="867" VPOS="804" WIDTH="21"/>
						<String ID="P153_ST00148" HPOS="888" VPOS="768" WIDTH="87" HEIGHT="36" CONTENT="parmi" WC="0.86" CC="00105"/>
						<SP ID="P153_SP00135" HPOS="975" VPOS="804" WIDTH="20"/>
						<String ID="P153_ST00149" HPOS="995" VPOS="766" WIDTH="99" HEIGHT="28" CONTENT="deteno" WC="0.45" CC="803675"/>
					</TextLine>
					<TextLine ID="P153_TL00015" HPOS="133" VPOS="815" WIDTH="961" HEIGHT="40">
						<String ID="P153_ST00150" HPOS="133" VPOS="818" WIDTH="132" HEIGHT="37" CONTENT="principio" WC="0.65" CC="051764050"/>
						<SP ID="P153_SP00136" HPOS="265" VPOS="855" WIDTH="28"/>
						<String ID="P153_ST00151" HPOS="293" VPOS="827" WIDTH="13" HEIGHT="17" CONTENT="a" WC="1.00" CC="0"/>
						<SP ID="P153_SP00137" HPOS="306" VPOS="855" WIDTH="28"/>
						<String ID="P153_ST00152" HPOS="334" VPOS="817" WIDTH="112" HEIGHT="28" CONTENT="fondare" WC="0.80" CC="0060060"/>
						<SP ID="P153_SP00138" HPOS="446" VPOS="855" WIDTH="27"/>
						<String ID="P153_ST00153" HPOS="473" VPOS="817" WIDTH="41" HEIGHT="28" CONTENT="alo" WC="0.79" CC="600"/>
						<SP ID="P153_SP00139" HPOS="514" VPOS="855" WIDTH="27"/>
						<String ID="P153_ST00154" HPOS="541" VPOS="827" WIDTH="113" HEIGHT="27" CONTENT="sperone" WC="0.74" CC="0006451"/>
						<SP ID="P153_SP00140" HPOS="654" VPOS="855" WIDTH="26"/>
						<String ID="P153_ST00155" HPOS="680" VPOS="827" WIDTH="79" HEIGHT="17" CONTENT="verso" WC="0.85" CC="16000"/>
						<SP ID="P153_SP00141" HPOS="759" VPOS="855" WIDTH="27"/>
						<String ID="P153_ST00156" HPOS="786" VPOS="817" WIDTH="25" HEIGHT="27" CONTENT="la" WC="0.31" CC="58"/>
						<SP ID="P153_SP00142" HPOS="811" VPOS="855" WIDTH="21"/>
						<String ID="P153_ST00157" HPOS="832" VPOS="816" WIDTH="57" HEIGHT="28" CONTENT="foze" WC="0.82" CC="0330"/>
						<SP ID="P153_SP00143" HPOS="889" VPOS="855" WIDTH="22"/>
						<String ID="P153_ST00158" HPOS="911" VPOS="815" WIDTH="110" HEIGHT="29" CONTENT="fasendo" WC="0.86" CC="3000600"/>
						<SP ID="P153_SP00144" HPOS="1021" VPOS="855" WIDTH="21"/>
						<String ID="P153_ST00159" HPOS="1042" VPOS="826" WIDTH="52" HEIGHT="18" CONTENT="una" WC="0.43" CC="457"/>
					</TextLine>
					<TextLine ID="P153_TL00016" HPOS="134" VPOS="865" WIDTH="960" HEIGHT="38">
						<String ID="P153_ST00160" HPOS="134" VPOS="876" WIDTH="78" HEIGHT="27" CONTENT="grosa" WC="0.80" CC="27000"/>
						<SP ID="P153_SP00145" HPOS="212" VPOS="903" WIDTH="20"/>
						<String ID="P153_ST00161" HPOS="232" VPOS="868" WIDTH="120" HEIGHT="35" CONTENT="muragia" WC="0.86" CC="0030050"/>
						<SP ID="P153_SP00146" HPOS="352" VPOS="903" WIDTH="21"/>
						<String ID="P153_ST00162" HPOS="373" VPOS="877" WIDTH="79" HEIGHT="26" CONTENT="sopra" WC="0.86" CC="40020"/>
						<SP ID="P153_SP00147" HPOS="452" VPOS="903" WIDTH="13"/>
						<String ID="P153_ST00163" HPOS="465" VPOS="866" WIDTH="52" HEIGHT="37" CONTENT="pali" WC="0.84" CC="0041"/>
						<SP ID="P153_SP00148" HPOS="517" VPOS="903" WIDTH="15"/>
						<String ID="P153_ST00164" HPOS="532" VPOS="866" WIDTH="26" HEIGHT="29" CONTENT="di" WC="0.72" CC="05"/>
						<SP ID="P153_SP00149" HPOS="558" VPOS="903" WIDTH="17"/>
						<String ID="P153_ST00165" HPOS="575" VPOS="876" WIDTH="82" HEIGHT="18" CONTENT="verna" WC="0.65" CC="01069"/>
						<SP ID="P153_SP00150" HPOS="657" VPOS="903" WIDTH="14"/>
						<String ID="P153_ST00166" HPOS="671" VPOS="866" WIDTH="146" HEIGHT="28" CONTENT="lavorando" WC="0.75" CC="500007701"/>
						<SP ID="P153_SP00151" HPOS="817" VPOS="903" WIDTH="15"/>
						<String ID="P153_ST00167" HPOS="832" VPOS="876" WIDTH="52" HEIGHT="18" CONTENT="con" WC="0.45" CC="447"/>
						<SP ID="P153_SP00152" HPOS="884" VPOS="903" WIDTH="14"/>
						<String ID="P153_ST00168" HPOS="898" VPOS="865" WIDTH="99" HEIGHT="38" CONTENT="grande" WC="0.75" CC="910400"/>
						<SP ID="P153_SP00153" HPOS="997" VPOS="903" WIDTH="14"/>
						<String ID="P153_ST00169" HPOS="1011" VPOS="876" WIDTH="83" HEIGHT="27" CONTENT="quan-" WC="0.92" CC="00003"/>
					</TextLine>
				</TextBlock>
				<TextBlock ID="P153_TB00003" HPOS="131" VPOS="1010" WIDTH="967" HEIGHT="106" STYLEREFS="TXT_1 PAR_LEFT">
					<TextLine ID="P153_TL00017" HPOS="132" VPOS="1010" WIDTH="966" HEIGHT="32">
						<String ID="P153_ST00170" HPOS="132" VPOS="1012" WIDTH="72" HEIGHT="30" CONTENT="degno" WC="0.47" CC="06964"/>
						<SP ID="P153_SP00154" HPOS="204" VPOS="1042" WIDTH="16"/>
						<String ID="P153_ST00171" HPOS="220" VPOS="1011" WIDTH="21" HEIGHT="23" CONTENT="di" WC="0.64" CC="07"/>
						<SP ID="P153_SP00155" HPOS="241" VPOS="1042" WIDTH="17"/>
						<String ID="P153_ST00172" HPOS="258" VPOS="1016" WIDTH="53" HEIGHT="17" CONTENT="nota" WC="0.37" CC="6557"/>
						<SP ID="P153_SP00156" HPOS="311" VPOS="1042" WIDTH="18"/>
						<String ID="P153_ST00173" HPOS="329" VPOS="1019" WIDTH="38" HEIGHT="23" CONTENT="per" WC="0.83" CC="040"/>
						<SP ID="P153_SP00157" HPOS="367" VPOS="1042" WIDTH="18"/>
						<String ID="P153_ST00174" HPOS="385" VPOS="1011" WIDTH="21" HEIGHT="22" CONTENT="lo" WC="0.66" CC="15"/>
						<SP ID="P153_SP00158" HPOS="406" VPOS="1042" WIDTH="17"/>
						<String ID="P153_ST00175" HPOS="423" VPOS="1012" WIDTH="83" HEIGHT="22" CONTENT="storico" WC="0.55" CC="4630654"/>
						<SP ID="P153_SP00159" HPOS="506" VPOS="1042" WIDTH="17"/>
						<String ID="P153_ST00176" HPOS="523" VPOS="1011" WIDTH="112" HEIGHT="22" CONTENT="Savonese" WC="0.72" CC="06045021"/>
						<SP ID="P153_SP00160" HPOS="635" VPOS="1042" WIDTH="18"/>
						<String ID="P153_ST00177" HPOS="653" VPOS="1010" WIDTH="15" HEIGHT="23" CONTENT="il" WC="0.48" CC="64"/>
						<SP ID="P153_SP00161" HPOS="668" VPOS="1042" WIDTH="17"/>
						<String ID="P153_ST00178" HPOS="685" VPOS="1011" WIDTH="56" HEIGHT="22" CONTENT="fatto" WC="0.40" CC="59445"/>
						<SP ID="P153_SP00162" HPOS="741" VPOS="1042" WIDTH="17"/>
						<String ID="P153_ST00179" HPOS="758" VPOS="1012" WIDTH="41" HEIGHT="21" CONTENT="che" WC="0.68" CC="422"/>
						<SP ID="P153_SP00163" HPOS="799" VPOS="1042" WIDTH="17"/>
						<String ID="P153_ST00180" HPOS="816" VPOS="1015" WIDTH="33" HEIGHT="18" CONTENT="tre" WC="0.74" CC="601"/>
						<SP ID="P153_SP00164" HPOS="849" VPOS="1042" WIDTH="13"/>
						<String ID="P153_ST00181" HPOS="862" VPOS="1011" WIDTH="144" HEIGHT="22" CONTENT="concittadini" WC="0.62" CC="532322470480"/>
						<SP ID="P153_SP00165" HPOS="1006" VPOS="1042" WIDTH="14"/>
						<String ID="P153_ST00182" HPOS="1020" VPOS="1011" WIDTH="22" HEIGHT="22" CONTENT="in" WC="0.72" CC="05"/>
						<SP ID="P153_SP00166" HPOS="1042" VPOS="1042" WIDTH="12"/>
						<String ID="P153_ST00183" HPOS="1054" VPOS="1019" WIDTH="44" HEIGHT="14" CONTENT="cosi" WC="0.54" CC="3347"/>
					</TextLine>
					<TextLine ID="P153_TL00018" HPOS="132" VPOS="1052" WIDTH="966" HEIGHT="30">
						<String ID="P153_ST00184" HPOS="132" VPOS="1053" WIDTH="91" HEIGHT="22" CONTENT="luttuosi" WC="0.51" CC="24647067"/>
						<SP ID="P153_SP00167" HPOS="223" VPOS="1075" WIDTH="17"/>
						<String ID="P153_ST00185" HPOS="240" VPOS="1053" WIDTH="110" HEIGHT="22" CONTENT="momenti" WC="0.58" CC="7331607"/>
						<SP ID="P153_SP00168" HPOS="350" VPOS="1075" WIDTH="18"/>
						<String ID="P153_ST00186" HPOS="368" VPOS="1058" WIDTH="147" HEIGHT="17" CONTENT="accettassero" WC="0.44" CC="726256975715"/>
						<SP ID="P153_SP00169" HPOS="515" VPOS="1075" WIDTH="18"/>
						<String ID="P153_ST00187" HPOS="533" VPOS="1053" WIDTH="58" HEIGHT="22" CONTENT="dalla" WC="0.54" CC="07509"/>
						<SP ID="P153_SP00170" HPOS="591" VPOS="1075" WIDTH="24"/>
						<String ID="P153_ST00188" HPOS="615" VPOS="1053" WIDTH="54" HEIGHT="29" CONTENT="Rep." WC="0.89" CC="0400"/>
						<SP ID="P153_SP00171" HPOS="669" VPOS="1082" WIDTH="23"/>
						<String ID="P153_ST00189" HPOS="692" VPOS="1052" WIDTH="120" HEIGHT="23" CONTENT="Genovese" WC="0.77" CC="04060430"/>
						<SP ID="P153_SP00172" HPOS="812" VPOS="1082" WIDTH="21"/>
						<String ID="P153_ST00190" HPOS="833" VPOS="1058" WIDTH="63" HEIGHT="17" CONTENT="tanto" WC="0.65" CC="20265"/>
						<SP ID="P153_SP00173" HPOS="896" VPOS="1082" WIDTH="22"/>
						<String ID="P153_ST00191" HPOS="918" VPOS="1052" WIDTH="98" HEIGHT="29" CONTENT="ignobile" WC="0.64" CC="20566700"/>
						<SP ID="P153_SP00174" HPOS="1016" VPOS="1082" WIDTH="22"/>
						<String ID="P153_ST00192" HPOS="1038" VPOS="1060" WIDTH="60" HEIGHT="15" CONTENT="man" SUBS_TYPE="HypPart1" SUBS_CONTENT="mandato." WC="0.56" CC="7540"/>
						<HYP CONTENT="-"/>
					</TextLine>
					<TextLine ID="P153_TL00019" HPOS="131" VPOS="1094" WIDTH="617" HEIGHT="22">
						<String ID="P153_ST00193" HPOS="131" VPOS="1095" WIDTH="59" HEIGHT="21" CONTENT="dato." SUBS_TYPE="HypPart2" SUBS_CONTENT="mandato." WC="0.56" CC="07760"/>
						<SP ID="P153_SP00175" HPOS="190" VPOS="1116" WIDTH="17"/>
						<String ID="P153_ST00194" HPOS="207" VPOS="1096" WIDTH="104" HEIGHT="20" CONTENT="Davvero" WC="0.50" CC="3709256"/>
						<SP ID="P153_SP00176" HPOS="311" VPOS="1116" WIDTH="18"/>
						<String ID="P153_ST00195" HPOS="329" VPOS="1096" WIDTH="40" HEIGHT="20" CONTENT="che" WC="0.58" CC="606"/>
						<SP ID="P153_SP00177" HPOS="369" VPOS="1116" WIDTH="18"/>
						<String ID="P153_ST00196" HPOS="387" VPOS="1095" WIDTH="99" HEIGHT="21" CONTENT="Graiano" WC="0.63" CC="0470066"/>
						<SP ID="P153_SP00178" HPOS="486" VPOS="1116" WIDTH="17"/>
						<String ID="P153_ST00197" HPOS="503" VPOS="1102" WIDTH="71" HEIGHT="14" CONTENT="aveva" WC="0.82" CC="60100"/>
						<SP ID="P153_SP00179" HPOS="574" VPOS="1116" WIDTH="16"/>
						<String ID="P153_ST00198" HPOS="590" VPOS="1094" WIDTH="59" HEIGHT="22" CONTENT="fatto" WC="0.56" CC="07607"/>
						<SP ID="P153_SP00180" HPOS="649" VPOS="1116" WIDTH="14"/>
						<String ID="P153_ST00199" HPOS="663" VPOS="1094" WIDTH="85" HEIGHT="22" CONTENT="scuola." WC="0.58" CC="2544470"/>
					</TextLine>
				</TextBlock>
				<TextBlock ID="P153_TB00004" HPOS="129" VPOS="1135" WIDTH="969" HEIGHT="238" STYLEREFS="TXT_1 PAR_LEFT">
					<TextLine ID="P153_TL00020" HPOS="176" VPOS="1136" WIDTH="919" HEIGHT="30">
						<String ID="P153_ST00200" HPOS="176" VPOS="1137" WIDTH="25" HEIGHT="21" CONTENT="In" WC="0.37" CC="29"/>
						<SP ID="P153_SP00181" HPOS="201" VPOS="1158" WIDTH="17"/>
						<String ID="P153_ST00201" HPOS="218" VPOS="1144" WIDTH="28" HEIGHT="14" CONTENT="un" WC="0.46" CC="45"/>
						<SP ID="P153_SP00182" HPOS="246" VPOS="1158" WIDTH="18"/>
						<String ID="P153_ST00202" HPOS="264" VPOS="1141" WIDTH="47" HEIGHT="17" CONTENT="atto" WC="0.63" CC="5241"/>
						<SP ID="P153_SP00183" HPOS="311" VPOS="1158" WIDTH="17"/>
						<String ID="P153_ST00203" HPOS="328" VPOS="1136" WIDTH="20" HEIGHT="22" CONTENT="di" WC="0.73" CC="05"/>
						<SP ID="P153_SP00184" HPOS="348" VPOS="1158" WIDTH="18"/>
						<String ID="P153_ST00204" HPOS="366" VPOS="1137" WIDTH="54" HEIGHT="21" CONTENT="Zino" WC="0.66" CC="0076"/>
						<SP ID="P153_SP00185" HPOS="420" VPOS="1158" WIDTH="17"/>
						<String ID="P153_ST00205" HPOS="437" VPOS="1136" WIDTH="118" HEIGHT="22" CONTENT="Grimaldo" WC="0.62" CC="04539500"/>
						<SP ID="P153_SP00186" HPOS="555" VPOS="1158" WIDTH="17"/>
						<String ID="P153_ST00206" HPOS="572" VPOS="1141" WIDTH="79" HEIGHT="25" CONTENT="rogato" WC="0.54" CC="048714"/>
						<SP ID="P153_SP00187" HPOS="651" VPOS="1166" WIDTH="17"/>
						<String ID="P153_ST00207" HPOS="668" VPOS="1136" WIDTH="22" HEIGHT="22" CONTENT="in" WC="0.78" CC="40"/>
						<SP ID="P153_SP00188" HPOS="690" VPOS="1166" WIDTH="17"/>
						<String ID="P153_ST00208" HPOS="707" VPOS="1136" WIDTH="103" HEIGHT="27" CONTENT="Genova," WC="0.58" CC="0064890"/>
						<SP ID="P153_SP00189" HPOS="810" VPOS="1166" WIDTH="17"/>
						<String ID="P153_ST00209" HPOS="827" VPOS="1136" WIDTH="111" HEIGHT="29" CONTENT="riportato" WC="0.59" CC="060016965"/>
						<SP ID="P153_SP00190" HPOS="938" VPOS="1166" WIDTH="20"/>
						<String ID="P153_ST00210" HPOS="958" VPOS="1136" WIDTH="137" HEIGHT="22" CONTENT="dall'Alizeri" WC="0.52" CC="056660267661"/>
					</TextLine>
					<TextLine ID="P153_TL00021" HPOS="131" VPOS="1177" WIDTH="967" HEIGHT="31">
						<String ID="P153_ST00211" HPOS="131" VPOS="1178" WIDTH="58" HEIGHT="23" CONTENT="nella" WC="0.72" CC="30036"/>
						<SP ID="P153_SP00191" HPOS="189" VPOS="1201" WIDTH="17"/>
						<String ID="P153_ST00212" HPOS="206" VPOS="1186" WIDTH="39" HEIGHT="15" CONTENT="sua" WC="0.34" CC="359"/>
						<SP ID="P153_SP00192" HPOS="245" VPOS="1201" WIDTH="15"/>
						<String ID="P153_ST00213" HPOS="260" VPOS="1186" WIDTH="76" HEIGHT="22" CONTENT="opera," WC="0.76" CC="205070"/>
						<SP ID="P153_SP00193" HPOS="336" VPOS="1208" WIDTH="17"/>
						<String ID="P153_ST00214" HPOS="353" VPOS="1179" WIDTH="34" HEIGHT="29" CONTENT="già" WC="0.85" CC="040"/>
						<SP ID="P153_SP00194" HPOS="387" VPOS="1208" WIDTH="18"/>
						<String ID="P153_ST00215" HPOS="405" VPOS="1179" WIDTH="74" HEIGHT="26" CONTENT="citata," WC="0.48" CC="7219670"/>
						<SP ID="P153_SP00195" HPOS="479" VPOS="1208" WIDTH="17"/>
						<String ID="P153_ST00216" HPOS="496" VPOS="1178" WIDTH="88" HEIGHT="23" CONTENT="Notizie" WC="0.79" CC="0350500"/>
						<SP ID="P153_SP00196" HPOS="584" VPOS="1208" WIDTH="17"/>
						<String ID="P153_ST00217" HPOS="601" VPOS="1178" WIDTH="33" HEIGHT="22" CONTENT="dei" WC="0.16" CC="978"/>
						<SP ID="P153_SP00197" HPOS="634" VPOS="1208" WIDTH="18"/>
						<String ID="P153_ST00218" HPOS="652" VPOS="1177" WIDTH="121" HEIGHT="23" CONTENT="Professori" WC="0.72" CC="0060715500"/>
						<SP ID="P153_SP00198" HPOS="773" VPOS="1208" WIDTH="23"/>
						<String ID="P153_ST00219" HPOS="796" VPOS="1177" WIDTH="37" HEIGHT="22" CONTENT="del" WC="0.71" CC="062"/>
						<SP ID="P153_SP00199" HPOS="833" VPOS="1208" WIDTH="20"/>
						<String ID="P153_ST00220" HPOS="853" VPOS="1177" WIDTH="93" HEIGHT="30" CONTENT="disegno" WC="0.58" CC="0153755"/>
						<SP ID="P153_SP00200" HPOS="946" VPOS="1208" WIDTH="21"/>
						<String ID="P153_ST00221" HPOS="967" VPOS="1178" WIDTH="22" HEIGHT="21" CONTENT="in" WC="0.38" CC="56"/>
						<SP ID="P153_SP00201" HPOS="989" VPOS="1208" WIDTH="21"/>
						<String ID="P153_ST00222" HPOS="1010" VPOS="1178" WIDTH="88" HEIGHT="30" CONTENT="Liguria" WC="0.51" CC="0883067"/>
					</TextLine>
					<TextLine ID="P153_TL00022" HPOS="129" VPOS="1219" WIDTH="969" HEIGHT="31">
						<String ID="P153_ST00223" HPOS="129" VPOS="1219" WIDTH="37" HEIGHT="30" CONTENT="(T." WC="0.80" CC="500"/>
						<SP ID="P153_SP00202" HPOS="166" VPOS="1249" WIDTH="20"/>
						<String ID="P153_ST00224" HPOS="186" VPOS="1226" WIDTH="7" HEIGHT="22" CONTENT="5" WC="0.28" CC="7"/>
						<SP ID="P153_SP00203" HPOS="193" VPOS="1249" WIDTH="21"/>
						<String ID="P153_ST00225" HPOS="214" VPOS="1228" WIDTH="19" HEIGHT="22" CONTENT="p." WC="1.00" CC="00"/>
						<SP ID="P153_SP00204" HPOS="233" VPOS="1250" WIDTH="21"/>
						<String ID="P153_ST00226" HPOS="254" VPOS="1220" WIDTH="50" HEIGHT="29" CONTENT="127)" WC="0.80" CC="2500"/>
						<SP ID="P153_SP00205" HPOS="304" VPOS="1250" WIDTH="17"/>
						<String ID="P153_ST00227" HPOS="321" VPOS="1220" WIDTH="16" HEIGHT="23" CONTENT="il" WC="0.72" CC="50"/>
						<SP ID="P153_SP00206" HPOS="337" VPOS="1250" WIDTH="17"/>
						<String ID="P153_ST00228" HPOS="354" VPOS="1220" WIDTH="56" HEIGHT="22" CONTENT="Pace" WC="0.98" CC="0000"/>
						<SP ID="P153_SP00207" HPOS="410" VPOS="1250" WIDTH="18"/>
						<String ID="P153_ST00229" HPOS="428" VPOS="1220" WIDTH="101" HEIGHT="22" CONTENT="Antonio" WC="0.47" CC="0465666"/>
						<SP ID="P153_SP00208" HPOS="529" VPOS="1250" WIDTH="17"/>
						<String ID="P153_ST00230" HPOS="546" VPOS="1219" WIDTH="110" HEIGHT="23" CONTENT="Sormano" WC="0.76" CC="0621060"/>
						<SP ID="P153_SP00209" HPOS="656" VPOS="1250" WIDTH="18"/>
						<String ID="P153_ST00231" HPOS="674" VPOS="1221" WIDTH="11" HEIGHT="21" CONTENT="è" WC="0.37" CC="6"/>
						<SP ID="P153_SP00210" HPOS="685" VPOS="1250" WIDTH="17"/>
						<String ID="P153_ST00232" HPOS="702" VPOS="1220" WIDTH="118" HEIGHT="21" CONTENT="nominato" WC="0.54" CC="70983700"/>
						<SP ID="P153_SP00211" HPOS="820" VPOS="1250" WIDTH="14"/>
						<String ID="P153_ST00233" HPOS="834" VPOS="1225" WIDTH="38" HEIGHT="22" CONTENT="per" WC="0.89" CC="020"/>
						<SP ID="P153_SP00212" HPOS="872" VPOS="1250" WIDTH="12"/>
						<String ID="P153_ST00234" HPOS="884" VPOS="1226" WIDTH="56" HEIGHT="15" CONTENT="unus" WC="0.68" CC="3900"/>
						<SP ID="P153_SP00213" HPOS="940" VPOS="1250" WIDTH="11"/>
						<String ID="P153_ST00235" HPOS="951" VPOS="1226" WIDTH="26" HEIGHT="15" CONTENT="ex" WC="0.17" CC="96"/>
						<SP ID="P153_SP00214" HPOS="977" VPOS="1250" WIDTH="12"/>
						<String ID="P153_ST00236" HPOS="989" VPOS="1219" WIDTH="109" HEIGHT="30" CONTENT="magistris" WC="0.59" CC="519244900"/>
					</TextLine>
					<TextLine ID="P153_TL00023" HPOS="130" VPOS="1260" WIDTH="968" HEIGHT="32">
						<String ID="P153_ST00237" HPOS="130" VPOS="1263" WIDTH="44" HEIGHT="21" CONTENT="sive" WC="0.87" CC="0050"/>
						<SP ID="P153_SP00215" HPOS="174" VPOS="1284" WIDTH="15"/>
						<String ID="P153_ST00238" HPOS="189" VPOS="1264" WIDTH="62" HEIGHT="27" CONTENT="caput" WC="0.88" CC="00005"/>
						<SP ID="P153_SP00216" HPOS="251" VPOS="1291" WIDTH="15"/>
						<String ID="P153_ST00239" HPOS="266" VPOS="1263" WIDTH="68" HEIGHT="29" CONTENT="operis" WC="0.81" CC="504000"/>
						<SP ID="P153_SP00217" HPOS="334" VPOS="1292" WIDTH="17"/>
						<String ID="P153_ST00240" HPOS="351" VPOS="1261" WIDTH="140" HEIGHT="23" CONTENT="demolilionis" WC="0.64" CC="292600602308"/>
						<SP ID="P153_SP00218" HPOS="491" VPOS="1292" WIDTH="23"/>
						<String ID="P153_ST00241" HPOS="514" VPOS="1269" WIDTH="25" HEIGHT="14" CONTENT="ac" WC="1.00" CC="00"/>
						<SP ID="P153_SP00219" HPOS="539" VPOS="1292" WIDTH="17"/>
						<String ID="P153_ST00242" HPOS="556" VPOS="1263" WIDTH="61" HEIGHT="21" CONTENT="ruine" WC="0.73" CC="06006"/>
						<SP ID="P153_SP00220" HPOS="617" VPOS="1292" WIDTH="18"/>
						<String ID="P153_ST00243" HPOS="635" VPOS="1263" WIDTH="119" HEIGHT="20" CONTENT="meniarum" WC="0.62" CC="06700078"/>
						<SP ID="P153_SP00221" HPOS="754" VPOS="1292" WIDTH="18"/>
						<String ID="P153_ST00244" HPOS="772" VPOS="1261" WIDTH="76" HEIGHT="23" CONTENT="Saone." WC="0.64" CC="002990"/>
						<SP ID="P153_SP00222" HPOS="848" VPOS="1292" WIDTH="20"/>
						<String ID="P153_ST00245" HPOS="868" VPOS="1260" WIDTH="85" HEIGHT="22" CONTENT="Inoltre" WC="0.64" CC="5551006"/>
						<SP ID="P153_SP00223" HPOS="953" VPOS="1292" WIDTH="22"/>
						<String ID="P153_ST00246" HPOS="975" VPOS="1260" WIDTH="36" HEIGHT="22" CONTENT="dal" WC="0.75" CC="070"/>
						<SP ID="P153_SP00224" HPOS="1011" VPOS="1292" WIDTH="22"/>
						<String ID="P153_ST00247" HPOS="1033" VPOS="1261" WIDTH="65" HEIGHT="21" CONTENT="docu" SUBS_TYPE="HypPart1" SUBS_CONTENT="documento" WC="0.54" CC="66630"/>
						<HYP CONTENT="-"/>
					</TextLine>
					<TextLine ID="P153_TL00024" HPOS="131" VPOS="1302" WIDTH="967" HEIGHT="31">
						<String ID="P153_ST00248" HPOS="131" VPOS="1308" WIDTH="77" HEIGHT="17" CONTENT="mento" SUBS_TYPE="HypPart2" SUBS_CONTENT="documento" WC="0.46" CC="53565"/>
						<SP ID="P153_SP00225" HPOS="208" VPOS="1325" WIDTH="16"/>
						<String ID="P153_ST00249" HPOS="224" VPOS="1304" WIDTH="36" HEIGHT="28" CONTENT="qui" WC="0.35" CC="935"/>
						<SP ID="P153_SP00226" HPOS="260" VPOS="1332" WIDTH="19"/>
						<String ID="P153_ST00250" HPOS="279" VPOS="1310" WIDTH="104" HEIGHT="23" CONTENT="appresso" WC="0.64" CC="90060046"/>
						<SP ID="P153_SP00227" HPOS="383" VPOS="1333" WIDTH="17"/>
						<String ID="P153_ST00251" HPOS="400" VPOS="1304" WIDTH="87" HEIGHT="21" CONTENT="sembra" WC="0.81" CC="400007"/>
						<SP ID="P153_SP00228" HPOS="487" VPOS="1333" WIDTH="17"/>
						<String ID="P153_ST00252" HPOS="504" VPOS="1303" WIDTH="42" HEIGHT="22" CONTENT="che" WC="0.41" CC="763"/>
						<SP ID="P153_SP00229" HPOS="546" VPOS="1333" WIDTH="17"/>
						<String ID="P153_ST00253" HPOS="563" VPOS="1304" WIDTH="20" HEIGHT="20" CONTENT="di" WC="1.00" CC="00"/>
						<SP ID="P153_SP00230" HPOS="583" VPOS="1333" WIDTH="18"/>
						<String ID="P153_ST00254" HPOS="601" VPOS="1303" WIDTH="71" HEIGHT="21" CONTENT="costui" WC="0.45" CC="745087"/>
						<SP ID="P153_SP00231" HPOS="672" VPOS="1333" WIDTH="17"/>
						<String ID="P153_ST00255" HPOS="689" VPOS="1310" WIDTH="23" HEIGHT="14" CONTENT="se" WC="0.66" CC="06"/>
						<SP ID="P153_SP00232" HPOS="712" VPOS="1333" WIDTH="17"/>
						<String ID="P153_ST00256" HPOS="729" VPOS="1310" WIDTH="28" HEIGHT="14" CONTENT="ne" WC="0.40" CC="56"/>
						<SP ID="P153_SP00233" HPOS="757" VPOS="1333" WIDTH="17"/>
						<String ID="P153_ST00257" HPOS="774" VPOS="1307" WIDTH="104" HEIGHT="17" CONTENT="trovasse" WC="0.49" CC="60707675"/>
						<SP ID="P153_SP00234" HPOS="878" VPOS="1333" WIDTH="17"/>
						<String ID="P153_ST00258" HPOS="895" VPOS="1309" WIDTH="43" HEIGHT="22" CONTENT="pur" WC="0.76" CC="070"/>
						<SP ID="P153_SP00235" HPOS="938" VPOS="1333" WIDTH="16"/>
						<String ID="P153_ST00259" HPOS="954" VPOS="1307" WIDTH="106" HEIGHT="17" CONTENT="contenta" WC="0.57" CC="76019540"/>
						<SP ID="P153_SP00236" HPOS="1060" VPOS="1333" WIDTH="18"/>
						<String ID="P153_ST00260" HPOS="1078" VPOS="1302" WIDTH="20" HEIGHT="22" CONTENT="la" WC="0.34" CC="39"/>
					</TextLine>
					<TextLine ID="P153_TL00025" HPOS="130" VPOS="1345" WIDTH="354" HEIGHT="28">
						<String ID="P153_ST00261" HPOS="130" VPOS="1345" WIDTH="145" HEIGHT="23" CONTENT="Serenissima" WC="0.60" CC="00737666050"/>
						<SP ID="P153_SP00237" HPOS="275" VPOS="1368" WIDTH="16"/>
						<String ID="P153_ST00262" HPOS="291" VPOS="1345" WIDTH="23" HEIGHT="23" CONTENT="in" WC="0.65" CC="06"/>
						<SP ID="P153_SP00238" HPOS="314" VPOS="1368" WIDTH="17"/>
						<String ID="P153_ST00263" HPOS="331" VPOS="1345" WIDTH="45" HEIGHT="23" CONTENT="tale" WC="0.54" CC="6622"/>
						<SP ID="P153_SP00239" HPOS="376" VPOS="1368" WIDTH="17"/>
						<String ID="P153_ST00264" HPOS="393" VPOS="1345" WIDTH="91" HEIGHT="28" CONTENT="bisogna" WC="0.49" CC="2434945"/>
						<SP ID="P153_SP00240" HPOS="484" VPOS="1373" WIDTH="0"/>
					</TextLine>
				</TextBlock>
				<TextBlock ID="P153_TB00005" HPOS="130" VPOS="1384" WIDTH="970" HEIGHT="409" STYLEREFS="TXT_1 PAR_LEFT">
					<TextLine ID="P153_TL00026" HPOS="176" VPOS="1384" WIDTH="923" HEIGHT="33">
						<String ID="P153_ST00265" HPOS="176" VPOS="1386" WIDTH="145" HEIGHT="23" CONTENT="Illustrissimi" WC="0.66" CC="0004235630464"/>
						<SP ID="P153_SP00241" HPOS="321" VPOS="1409" WIDTH="17"/>
						<String ID="P153_ST00266" HPOS="338" VPOS="1391" WIDTH="22" HEIGHT="17" CONTENT="et" WC="0.50" CC="45"/>
						<SP ID="P153_SP00242" HPOS="360" VPOS="1409" WIDTH="17"/>
						<String ID="P153_ST00267" HPOS="377" VPOS="1386" WIDTH="114" HEIGHT="31" CONTENT="magnifici" WC="0.59" CC="770231165"/>
						<SP ID="P153_SP00243" HPOS="491" VPOS="1417" WIDTH="18"/>
						<String ID="P153_ST00268" HPOS="509" VPOS="1386" WIDTH="88" HEIGHT="30" CONTENT="Signori" WC="0.85" CC="2007100"/>
						<SP ID="P153_SP00244" HPOS="597" VPOS="1417" WIDTH="17"/>
						<String ID="P153_ST00269" HPOS="614" VPOS="1386" WIDTH="61" HEIGHT="23" CONTENT="miei." WC="0.72" CC="70033"/>
						<SP ID="P153_SP00245" HPOS="675" VPOS="1417" WIDTH="18"/>
						<String ID="P153_ST00270" HPOS="693" VPOS="1394" WIDTH="12" HEIGHT="13" CONTENT="«" WC="0.92" CC="0"/>
						<SP ID="P153_SP00246" HPOS="705" VPOS="1417" WIDTH="14"/>
						<String ID="P153_ST00271" HPOS="719" VPOS="1387" WIDTH="21" HEIGHT="20" CONTENT="A" WC="1.00" CC="0"/>
						<SP ID="P153_SP00247" HPOS="740" VPOS="1417" WIDTH="17"/>
						<String ID="P153_ST00272" HPOS="757" VPOS="1386" WIDTH="98" HEIGHT="30" CONTENT="risposta" WC="0.62" CC="34601507"/>
						<SP ID="P153_SP00248" HPOS="855" VPOS="1417" WIDTH="18"/>
						<String ID="P153_ST00273" HPOS="873" VPOS="1386" WIDTH="26" HEIGHT="21" CONTENT="de" WC="0.69" CC="06"/>
						<SP ID="P153_SP00249" HPOS="899" VPOS="1417" WIDTH="17"/>
						<String ID="P153_ST00274" HPOS="916" VPOS="1385" WIDTH="20" HEIGHT="22" CONTENT="la" WC="0.31" CC="66"/>
						<SP ID="P153_SP00250" HPOS="936" VPOS="1417" WIDTH="18"/>
						<String ID="P153_ST00275" HPOS="954" VPOS="1390" WIDTH="66" HEIGHT="17" CONTENT="avuta" WC="0.45" CC="67760"/>
						<SP ID="P153_SP00251" HPOS="1020" VPOS="1417" WIDTH="17"/>
						<String ID="P153_ST00276" HPOS="1037" VPOS="1384" WIDTH="62" HEIGHT="23" CONTENT="daV." WC="0.70" CC="0901"/>
					</TextLine>
					<TextLine ID="P153_TL00027" HPOS="131" VPOS="1428" WIDTH="968" HEIGHT="30">
						<String ID="P153_ST00277" HPOS="131" VPOS="1428" WIDTH="20" HEIGHT="23" CONTENT="S." WC="1.00" CC="00"/>
						<SP ID="P153_SP00252" HPOS="151" VPOS="1451" WIDTH="17"/>
						<String ID="P153_ST00278" HPOS="168" VPOS="1428" WIDTH="26" HEIGHT="23" CONTENT="de" WC="0.41" CC="74"/>
						<SP ID="P153_SP00253" HPOS="194" VPOS="1451" WIDTH="20"/>
						<String ID="P153_ST00279" HPOS="214" VPOS="1428" WIDTH="25" HEIGHT="23" CONTENT="16" WC="0.75" CC="40"/>
						<SP ID="P153_SP00254" HPOS="239" VPOS="1451" WIDTH="17"/>
						<String ID="P153_ST00280" HPOS="256" VPOS="1429" WIDTH="130" HEIGHT="22" CONTENT="brevissima" WC="0.65" CC="4600141536"/>
						<SP ID="P153_SP00255" HPOS="386" VPOS="1451" WIDTH="17"/>
						<String ID="P153_ST00281" HPOS="403" VPOS="1435" WIDTH="56" HEIGHT="23" CONTENT="poco" WC="0.57" CC="0673"/>
						<SP ID="P153_SP00256" HPOS="459" VPOS="1458" WIDTH="18"/>
						<String ID="P153_ST00282" HPOS="477" VPOS="1428" WIDTH="46" HEIGHT="22" CONTENT="aria" WC="0.66" CC="7060"/>
						<SP ID="P153_SP00257" HPOS="523" VPOS="1458" WIDTH="17"/>
						<String ID="P153_ST00283" HPOS="540" VPOS="1429" WIDTH="26" HEIGHT="21" CONTENT="da" WC="0.64" CC="07"/>
						<SP ID="P153_SP00258" HPOS="566" VPOS="1458" WIDTH="18"/>
						<String ID="P153_ST00284" HPOS="584" VPOS="1428" WIDTH="40" HEIGHT="23" CONTENT="dir." WC="0.96" CC="0000"/>
						<SP ID="P153_SP00259" HPOS="624" VPOS="1458" WIDTH="18"/>
						<String ID="P153_ST00285" HPOS="642" VPOS="1429" WIDTH="20" HEIGHT="21" CONTENT="A" WC="1.00" CC="0"/>
						<SP ID="P153_SP00260" HPOS="662" VPOS="1458" WIDTH="18"/>
						<String ID="P153_ST00286" HPOS="680" VPOS="1428" WIDTH="20" HEIGHT="21" CONTENT="la" WC="0.50" CC="09"/>
						<SP ID="P153_SP00261" HPOS="700" VPOS="1458" WIDTH="18"/>
						<String ID="P153_ST00287" HPOS="718" VPOS="1428" WIDTH="62" HEIGHT="21" CONTENT="ruina" WC="0.61" CC="06407"/>
						<SP ID="P153_SP00262" HPOS="780" VPOS="1458" WIDTH="18"/>
						<String ID="P153_ST00288" HPOS="798" VPOS="1428" WIDTH="18" HEIGHT="22" CONTENT="si" WC="0.79" CC="03"/>
						<SP ID="P153_SP00263" HPOS="816" VPOS="1458" WIDTH="18"/>
						<String ID="P153_ST00289" HPOS="834" VPOS="1428" WIDTH="82" HEIGHT="22" CONTENT="anderà" WC="0.50" CC="725219"/>
						<SP ID="P153_SP00264" HPOS="916" VPOS="1458" WIDTH="20"/>
						<String ID="P153_ST00290" HPOS="936" VPOS="1434" WIDTH="11" HEIGHT="15" CONTENT="a" WC="1.00" CC="0"/>
						<SP ID="P153_SP00265" HPOS="947" VPOS="1458" WIDTH="19"/>
						<String ID="P153_ST00291" HPOS="966" VPOS="1434" WIDTH="75" HEIGHT="22" CONTENT="presso" WC="0.62" CC="073641"/>
						<SP ID="P153_SP00266" HPOS="1041" VPOS="1458" WIDTH="16"/>
						<String ID="P153_ST00292" HPOS="1057" VPOS="1434" WIDTH="42" HEIGHT="15" CONTENT="con" WC="0.38" CC="296"/>
					</TextLine>
					<TextLine ID="P153_TL00028" HPOS="131" VPOS="1467" WIDTH="968" HEIGHT="33">
						<String ID="P153_ST00293" HPOS="131" VPOS="1474" WIDTH="57" HEIGHT="19" CONTENT="tutta" WC="0.65" CC="30337"/>
						<SP ID="P153_SP00267" HPOS="188" VPOS="1493" WIDTH="16"/>
						<String ID="P153_ST00294" HPOS="204" VPOS="1470" WIDTH="22" HEIGHT="22" CONTENT="la" WC="0.50" CC="09"/>
						<SP ID="P153_SP00268" HPOS="226" VPOS="1493" WIDTH="16"/>
						<String ID="P153_ST00295" HPOS="242" VPOS="1470" WIDTH="115" HEIGHT="30" CONTENT="diligentia" WC="0.87" CC="6003000200"/>
						<SP ID="P153_SP00269" HPOS="357" VPOS="1500" WIDTH="17"/>
						<String ID="P153_ST00296" HPOS="374" VPOS="1471" WIDTH="17" HEIGHT="21" CONTENT="si" WC="0.37" CC="47"/>
						<SP ID="P153_SP00270" HPOS="391" VPOS="1500" WIDTH="18"/>
						<String ID="P153_ST00297" HPOS="409" VPOS="1472" WIDTH="64" HEIGHT="28" CONTENT="potrà" WC="0.81" CC="03600"/>
						<SP ID="P153_SP00271" HPOS="473" VPOS="1500" WIDTH="20"/>
						<String ID="P153_ST00298" HPOS="493" VPOS="1470" WIDTH="57" HEIGHT="22" CONTENT="visto" WC="0.71" CC="00516"/>
						<SP ID="P153_SP00272" HPOS="550" VPOS="1500" WIDTH="18"/>
						<String ID="P153_ST00299" HPOS="568" VPOS="1469" WIDTH="20" HEIGHT="22" CONTENT="la" WC="0.37" CC="57"/>
						<SP ID="P153_SP00273" HPOS="588" VPOS="1500" WIDTH="18"/>
						<String ID="P153_ST00300" HPOS="606" VPOS="1474" WIDTH="76" HEIGHT="17" CONTENT="mente" WC="0.40" CC="82577"/>
						<SP ID="P153_SP00274" HPOS="682" VPOS="1500" WIDTH="18"/>
						<String ID="P153_ST00301" HPOS="700" VPOS="1470" WIDTH="20" HEIGHT="21" CONTENT="di" WC="0.19" CC="96"/>
						<SP ID="P153_SP00275" HPOS="720" VPOS="1500" WIDTH="17"/>
						<String ID="P153_ST00302" HPOS="737" VPOS="1470" WIDTH="26" HEIGHT="22" CONTENT="V." WC="1.00" CC="00"/>
						<SP ID="P153_SP00276" HPOS="763" VPOS="1500" WIDTH="17"/>
						<String ID="P153_ST00303" HPOS="780" VPOS="1469" WIDTH="21" HEIGHT="23" CONTENT="S." WC="1.00" CC="00"/>
						<SP ID="P153_SP00277" HPOS="801" VPOS="1500" WIDTH="17"/>
						<String ID="P153_ST00304" HPOS="818" VPOS="1469" WIDTH="22" HEIGHT="21" CONTENT="in" WC="0.79" CC="04"/>
						<SP ID="P153_SP00278" HPOS="840" VPOS="1500" WIDTH="17"/>
						<String ID="P153_ST00305" HPOS="857" VPOS="1468" WIDTH="21" HEIGHT="22" CONTENT="la" WC="0.86" CC="20"/>
						<SP ID="P153_SP00279" HPOS="878" VPOS="1500" WIDTH="17"/>
						<String ID="P153_ST00306" HPOS="895" VPOS="1468" WIDTH="64" HEIGHT="30" CONTENT="quale" WC="0.25" CC="86759"/>
						<SP ID="P153_SP00280" HPOS="959" VPOS="1500" WIDTH="18"/>
						<String ID="P153_ST00307" HPOS="977" VPOS="1468" WIDTH="17" HEIGHT="22" CONTENT="si" WC="0.52" CC="36"/>
						<SP ID="P153_SP00281" HPOS="994" VPOS="1500" WIDTH="23"/>
						<String ID="P153_ST00308" HPOS="1017" VPOS="1467" WIDTH="21" HEIGHT="23" CONTENT="fa" WC="1.00" CC="00"/>
						<SP ID="P153_SP00282" HPOS="1038" VPOS="1500" WIDTH="21"/>
						<String ID="P153_ST00309" HPOS="1059" VPOS="1475" WIDTH="40" HEIGHT="22" CONTENT="pur" WC="0.29" CC="956"/>
					</TextLine>
					<TextLine ID="P153_TL00029" HPOS="131" VPOS="1509" WIDTH="968" HEIGHT="33">
						<String ID="P153_ST00310" HPOS="131" VPOS="1512" WIDTH="72" HEIGHT="22" CONTENT="buona" WC="0.66" CC="56320"/>
						<SP ID="P153_SP00283" HPOS="203" VPOS="1534" WIDTH="24"/>
						<String ID="P153_ST00311" HPOS="227" VPOS="1519" WIDTH="55" HEIGHT="23" CONTENT="opra" WC="0.68" CC="2360"/>
						<SP ID="P153_SP00284" HPOS="282" VPOS="1542" WIDTH="24"/>
						<String ID="P153_ST00312" HPOS="306" VPOS="1512" WIDTH="87" HEIGHT="22" CONTENT="avendo" WC="0.79" CC="064000"/>
						<SP ID="P153_SP00285" HPOS="393" VPOS="1542" WIDTH="26"/>
						<String ID="P153_ST00313" HPOS="419" VPOS="1517" WIDTH="122" HEIGHT="17" CONTENT="raccettato" WC="0.62" CC="1362416612"/>
						<SP ID="P153_SP00286" HPOS="541" VPOS="1542" WIDTH="24"/>
						<String ID="P153_ST00314" HPOS="565" VPOS="1512" WIDTH="53" HEIGHT="22" CONTENT="tutti" WC="0.55" CC="64505"/>
						<SP ID="P153_SP00287" HPOS="618" VPOS="1542" WIDTH="25"/>
						<String ID="P153_ST00315" HPOS="643" VPOS="1511" WIDTH="14" HEIGHT="22" CONTENT="li" WC="0.57" CC="35"/>
						<SP ID="P153_SP00288" HPOS="657" VPOS="1542" WIDTH="27"/>
						<String ID="P153_ST00316" HPOS="684" VPOS="1510" WIDTH="131" HEIGHT="23" CONTENT="ferramenti" WC="0.61" CC="0440724806"/>
						<SP ID="P153_SP00289" HPOS="815" VPOS="1542" WIDTH="19"/>
						<String ID="P153_ST00317" HPOS="834" VPOS="1511" WIDTH="22" HEIGHT="21" CONTENT="di" WC="0.89" CC="02"/>
						<SP ID="P153_SP00290" HPOS="856" VPOS="1542" WIDTH="17"/>
						<String ID="P153_ST00318" HPOS="873" VPOS="1517" WIDTH="61" HEIGHT="16" CONTENT="novo" WC="0.53" CC="7604"/>
						<SP ID="P153_SP00291" HPOS="934" VPOS="1542" WIDTH="16"/>
						<String ID="P153_ST00319" HPOS="950" VPOS="1517" WIDTH="12" HEIGHT="15" CONTENT="e" WC="1.00" CC="0"/>
						<SP ID="P153_SP00292" HPOS="962" VPOS="1542" WIDTH="16"/>
						<String ID="P153_ST00320" HPOS="978" VPOS="1509" WIDTH="58" HEIGHT="24" CONTENT="fatto" WC="0.69" CC="00536"/>
						<SP ID="P153_SP00293" HPOS="1036" VPOS="1542" WIDTH="16"/>
						<String ID="P153_ST00321" HPOS="1052" VPOS="1509" WIDTH="47" HEIGHT="23" CONTENT="fare" WC="0.49" CC="8740"/>
					</TextLine>
					<TextLine ID="P153_TL00030" HPOS="131" VPOS="1551" WIDTH="968" HEIGHT="32">
						<String ID="P153_ST00322" HPOS="131" VPOS="1554" WIDTH="101" HEIGHT="29" CONTENT="parecchi" WC="0.60" CC="07004757"/>
						<SP ID="P153_SP00294" HPOS="232" VPOS="1583" WIDTH="16"/>
						<String ID="P153_ST00323" HPOS="248" VPOS="1554" WIDTH="58" HEIGHT="23" CONTENT="cunii" WC="0.47" CC="62673"/>
						<SP ID="P153_SP00295" HPOS="306" VPOS="1583" WIDTH="16"/>
						<String ID="P153_ST00324" HPOS="322" VPOS="1555" WIDTH="71" HEIGHT="28" CONTENT="grossi" WC="0.60" CC="904044"/>
						<SP ID="P153_SP00296" HPOS="393" VPOS="1583" WIDTH="17"/>
						<String ID="P153_ST00325" HPOS="410" VPOS="1561" WIDTH="42" HEIGHT="15" CONTENT="con" WC="0.60" CC="407"/>
						<SP ID="P153_SP00297" HPOS="452" VPOS="1583" WIDTH="17"/>
						<String ID="P153_ST00326" HPOS="469" VPOS="1553" WIDTH="15" HEIGHT="22" CONTENT="li" WC="0.69" CC="14"/>
						<SP ID="P153_SP00298" HPOS="484" VPOS="1583" WIDTH="17"/>
						<String ID="P153_ST00327" HPOS="501" VPOS="1554" WIDTH="59" HEIGHT="29" CONTENT="quali" WC="0.57" CC="06563"/>
						<SP ID="P153_SP00299" HPOS="560" VPOS="1583" WIDTH="17"/>
						<String ID="P153_ST00328" HPOS="577" VPOS="1554" WIDTH="17" HEIGHT="21" CONTENT="si" WC="0.33" CC="67"/>
						<SP ID="P153_SP00300" HPOS="594" VPOS="1583" WIDTH="18"/>
						<String ID="P153_ST00329" HPOS="612" VPOS="1553" WIDTH="20" HEIGHT="22" CONTENT="fa" WC="0.50" CC="09"/>
						<SP ID="P153_SP00301" HPOS="632" VPOS="1583" WIDTH="17"/>
						<String ID="P153_ST00330" HPOS="649" VPOS="1554" WIDTH="72" HEIGHT="21" CONTENT="buona" WC="0.43" CC="66177"/>
						<SP ID="P153_SP00302" HPOS="721" VPOS="1583" WIDTH="17"/>
						<String ID="P153_ST00331" HPOS="738" VPOS="1560" WIDTH="61" HEIGHT="22" CONTENT="opra." WC="0.28" CC="59990"/>
						<SP ID="P153_SP00303" HPOS="799" VPOS="1583" WIDTH="18"/>
						<String ID="P153_ST00332" HPOS="817" VPOS="1552" WIDTH="27" HEIGHT="23" CONTENT="Se" WC="0.74" CC="05"/>
						<SP ID="P153_SP00304" HPOS="844" VPOS="1583" WIDTH="11"/>
						<String ID="P153_ST00333" HPOS="855" VPOS="1553" WIDTH="27" HEIGHT="30" CONTENT="gè" WC="0.85" CC="02"/>
						<SP ID="P153_SP00305" HPOS="882" VPOS="1583" WIDTH="22"/>
						<String ID="P153_ST00334" HPOS="904" VPOS="1556" WIDTH="64" HEIGHT="18" CONTENT="usato" WC="0.57" CC="03655"/>
						<SP ID="P153_SP00306" HPOS="968" VPOS="1583" WIDTH="16"/>
						<String ID="P153_ST00335" HPOS="984" VPOS="1559" WIDTH="45" HEIGHT="15" CONTENT="una" WC="0.51" CC="319"/>
						<SP ID="P153_SP00307" HPOS="1029" VPOS="1583" WIDTH="24"/>
						<String ID="P153_ST00336" HPOS="1053" VPOS="1551" WIDTH="46" HEIGHT="22" CONTENT="dili" SUBS_TYPE="HypPart1" SUBS_CONTENT="diligentia" WC="0.83" CC="04030"/>
						<HYP CONTENT="-"/>
					</TextLine>
					<TextLine ID="P153_TL00031" HPOS="130" VPOS="1594" WIDTH="969" HEIGHT="32">
						<String ID="P153_ST00337" HPOS="130" VPOS="1596" WIDTH="74" HEIGHT="30" CONTENT="gentia" SUBS_TYPE="HypPart2" SUBS_CONTENT="diligentia" WC="0.63" CC="517511"/>
						<SP ID="P153_SP00308" HPOS="204" VPOS="1626" WIDTH="17"/>
						<String ID="P153_ST00338" HPOS="221" VPOS="1596" WIDTH="41" HEIGHT="22" CONTENT="che" WC="0.63" CC="640"/>
						<SP ID="P153_SP00309" HPOS="262" VPOS="1626" WIDTH="17"/>
						<String ID="P153_ST00339" HPOS="279" VPOS="1601" WIDTH="79" HEIGHT="25" CONTENT="questo" WC="0.60" CC="065046"/>
						<SP ID="P153_SP00310" HPOS="358" VPOS="1626" WIDTH="17"/>
						<String ID="P153_ST00340" HPOS="375" VPOS="1601" WIDTH="98" HEIGHT="16" CONTENT="maestro" WC="0.69" CC="0744400"/>
						<SP ID="P153_SP00311" HPOS="473" VPOS="1626" WIDTH="19"/>
						<String ID="P153_ST00341" HPOS="492" VPOS="1595" WIDTH="52" HEIGHT="22" CONTENT="Pace" WC="0.78" CC="0080"/>
						<SP ID="P153_SP00312" HPOS="544" VPOS="1626" WIDTH="17"/>
						<String ID="P153_ST00342" HPOS="561" VPOS="1595" WIDTH="94" HEIGHT="22" CONTENT="Antonio" WC="0.72" CC="6075000"/>
						<SP ID="P153_SP00313" HPOS="655" VPOS="1626" WIDTH="17"/>
						<String ID="P153_ST00343" HPOS="672" VPOS="1602" WIDTH="55" HEIGHT="22" CONTENT="capo" WC="0.38" CC="7745"/>
						<SP ID="P153_SP00314" HPOS="727" VPOS="1626" WIDTH="17"/>
						<String ID="P153_ST00344" HPOS="744" VPOS="1594" WIDTH="27" HEIGHT="23" CONTENT="de" WC="1.00" CC="00"/>
						<SP ID="P153_SP00315" HPOS="771" VPOS="1626" WIDTH="24"/>
						<String ID="P153_ST00345" HPOS="795" VPOS="1601" WIDTH="67" HEIGHT="22" CONTENT="opera" WC="0.68" CC="60009"/>
						<SP ID="P153_SP00316" HPOS="862" VPOS="1626" WIDTH="26"/>
						<String ID="P153_ST00346" HPOS="888" VPOS="1600" WIDTH="24" HEIGHT="16" CONTENT="su" WC="0.63" CC="16"/>
						<SP ID="P153_SP00317" HPOS="912" VPOS="1626" WIDTH="23"/>
						<String ID="P153_ST00347" HPOS="935" VPOS="1599" WIDTH="78" HEIGHT="24" CONTENT="queste" WC="0.66" CC="135440"/>
						<SP ID="P153_SP00318" HPOS="1013" VPOS="1626" WIDTH="23"/>
						<String ID="P153_ST00348" HPOS="1036" VPOS="1594" WIDTH="63" HEIGHT="22" CONTENT="ruine" WC="0.75" CC="02404"/>
					</TextLine>
					<TextLine ID="P153_TL00032" HPOS="132" VPOS="1635" WIDTH="968" HEIGHT="33">
						<String ID="P153_ST00349" HPOS="132" VPOS="1638" WIDTH="65" HEIGHT="24" CONTENT="asiste" WC="0.48" CC="755641"/>
						<SP ID="P153_SP00319" HPOS="197" VPOS="1662" WIDTH="16"/>
						<String ID="P153_ST00350" HPOS="213" VPOS="1644" WIDTH="42" HEIGHT="17" CONTENT="con" WC="0.84" CC="030"/>
						<SP ID="P153_SP00320" HPOS="255" VPOS="1662" WIDTH="17"/>
						<String ID="P153_ST00351" HPOS="272" VPOS="1638" WIDTH="116" HEIGHT="30" CONTENT="diligentia" WC="0.59" CC="0010557747"/>
						<SP ID="P153_SP00321" HPOS="388" VPOS="1668" WIDTH="17"/>
						<String ID="P153_ST00352" HPOS="405" VPOS="1644" WIDTH="65" HEIGHT="22" CONTENT="sopra" WC="0.60" CC="45009"/>
						<SP ID="P153_SP00322" HPOS="470" VPOS="1668" WIDTH="17"/>
						<String ID="P153_ST00353" HPOS="487" VPOS="1639" WIDTH="21" HEIGHT="21" CONTENT="la" WC="0.76" CC="40"/>
						<SP ID="P153_SP00323" HPOS="508" VPOS="1668" WIDTH="17"/>
						<String ID="P153_ST00354" HPOS="525" VPOS="1644" WIDTH="67" HEIGHT="22" CONTENT="opera" WC="0.69" CC="60207"/>
						<SP ID="P153_SP00324" HPOS="592" VPOS="1668" WIDTH="17"/>
						<String ID="P153_ST00355" HPOS="609" VPOS="1644" WIDTH="12" HEIGHT="15" CONTENT="e" WC="0.84" CC="1"/>
						<SP ID="P153_SP00325" HPOS="621" VPOS="1668" WIDTH="17"/>
						<String ID="P153_ST00356" HPOS="638" VPOS="1637" WIDTH="93" HEIGHT="29" CONTENT="dispone" WC="0.67" CC="0043571"/>
						<SP ID="P153_SP00326" HPOS="731" VPOS="1668" WIDTH="16"/>
						<String ID="P153_ST00357" HPOS="747" VPOS="1636" WIDTH="15" HEIGHT="21" CONTENT="li" WC="0.46" CC="82"/>
						<SP ID="P153_SP00327" HPOS="762" VPOS="1668" WIDTH="20"/>
						<String ID="P153_ST00358" HPOS="782" VPOS="1635" WIDTH="72" HEIGHT="23" CONTENT="lavori" WC="0.74" CC="160600"/>
						<SP ID="P153_SP00328" HPOS="854" VPOS="1668" WIDTH="19"/>
						<String ID="P153_ST00359" HPOS="873" VPOS="1635" WIDTH="97" HEIGHT="23" CONTENT="secondo" WC="0.60" CC="3260635"/>
						<SP ID="P153_SP00329" HPOS="970" VPOS="1668" WIDTH="22"/>
						<String ID="P153_ST00360" HPOS="992" VPOS="1637" WIDTH="12" HEIGHT="21" CONTENT="è" WC="0.44" CC="5"/>
						<SP ID="P153_SP00330" HPOS="1004" VPOS="1668" WIDTH="23"/>
						<String ID="P153_ST00361" HPOS="1027" VPOS="1643" WIDTH="73" HEIGHT="14" CONTENT="neces" SUBS_TYPE="HypPart1" SUBS_CONTENT="necessario" WC="0.68" CC="664010"/>
						<HYP CONTENT="-"/>
					</TextLine>
					<TextLine ID="P153_TL00033" HPOS="131" VPOS="1677" WIDTH="969" HEIGHT="32">
						<String ID="P153_ST00362" HPOS="131" VPOS="1679" WIDTH="57" HEIGHT="23" CONTENT="sario" SUBS_TYPE="HypPart2" SUBS_CONTENT="necessario" WC="0.93" CC="00003"/>
						<SP ID="P153_SP00331" HPOS="188" VPOS="1702" WIDTH="17"/>
						<String ID="P153_ST00363" HPOS="205" VPOS="1680" WIDTH="41" HEIGHT="22" CONTENT="itta" WC="0.66" CC="5700"/>
						<SP ID="P153_SP00332" HPOS="246" VPOS="1702" WIDTH="16"/>
						<String ID="P153_ST00364" HPOS="262" VPOS="1680" WIDTH="41" HEIGHT="22" CONTENT="che" WC="0.67" CC="504"/>
						<SP ID="P153_SP00333" HPOS="303" VPOS="1702" WIDTH="17"/>
						<String ID="P153_ST00365" HPOS="320" VPOS="1679" WIDTH="17" HEIGHT="23" CONTENT="si" WC="0.50" CC="36"/>
						<SP ID="P153_SP00334" HPOS="337" VPOS="1702" WIDTH="17"/>
						<String ID="P153_ST00366" HPOS="354" VPOS="1678" WIDTH="22" HEIGHT="23" CONTENT="fa" WC="0.69" CC="60"/>
						<SP ID="P153_SP00335" HPOS="376" VPOS="1702" WIDTH="16"/>
						<String ID="P153_ST00367" HPOS="392" VPOS="1681" WIDTH="44" HEIGHT="20" CONTENT="ben" WC="0.55" CC="246"/>
						<SP ID="P153_SP00336" HPOS="436" VPOS="1702" WIDTH="17"/>
						<String ID="P153_ST00368" HPOS="453" VPOS="1686" WIDTH="104" HEIGHT="23" CONTENT="processo" WC="0.61" CC="04463065"/>
						<SP ID="P153_SP00337" HPOS="557" VPOS="1709" WIDTH="18"/>
						<String ID="P153_ST00369" HPOS="575" VPOS="1684" WIDTH="41" HEIGHT="18" CONTENT="etc." WC="0.78" CC="3220"/>
						<SP ID="P153_SP00338" HPOS="616" VPOS="1709" WIDTH="16"/>
						<String ID="P153_ST00370" HPOS="632" VPOS="1685" WIDTH="14" HEIGHT="17" CONTENT="»" WC="0.35" CC="6"/>
						<SP ID="P153_SP00339" HPOS="646" VPOS="1709" WIDTH="18"/>
						<String ID="P153_ST00371" HPOS="664" VPOS="1692" WIDTH="28" HEIGHT="2" CONTENT="—" WC="0.20" CC="8"/>
						<SP ID="P153_SP00340" HPOS="692" VPOS="1709" WIDTH="19"/>
						<String ID="P153_ST00372" HPOS="711" VPOS="1677" WIDTH="26" HEIGHT="22" CONTENT="Di" WC="0.71" CC="50"/>
						<SP ID="P153_SP00341" HPOS="737" VPOS="1709" WIDTH="17"/>
						<String ID="P153_ST00373" HPOS="754" VPOS="1677" WIDTH="74" HEIGHT="22" CONTENT="Saona" WC="0.62" CC="08640"/>
						<SP ID="P153_SP00342" HPOS="828" VPOS="1709" WIDTH="18"/>
						<String ID="P153_ST00374" HPOS="846" VPOS="1685" WIDTH="11" HEIGHT="14" CONTENT="a" WC="1.00" CC="0"/>
						<SP ID="P153_SP00343" HPOS="857" VPOS="1709" WIDTH="18"/>
						<String ID="P153_ST00375" HPOS="875" VPOS="1677" WIDTH="20" HEIGHT="22" CONTENT="di" WC="0.71" CC="05"/>
						<SP ID="P153_SP00344" HPOS="895" VPOS="1709" WIDTH="23"/>
						<String ID="P153_ST00376" HPOS="918" VPOS="1677" WIDTH="75" HEIGHT="23" CONTENT="XVIII" WC="0.70" CC="10714"/>
						<SP ID="P153_SP00345" HPOS="993" VPOS="1709" WIDTH="21"/>
						<String ID="P153_ST00377" HPOS="1014" VPOS="1677" WIDTH="20" HEIGHT="22" CONTENT="di" WC="0.97" CC="00"/>
						<SP ID="P153_SP00346" HPOS="1034" VPOS="1709" WIDTH="23"/>
						<String ID="P153_ST00378" HPOS="1057" VPOS="1677" WIDTH="43" HEIGHT="22" CONTENT="Ge" SUBS_TYPE="HypPart1" SUBS_CONTENT="Genaro" WC="0.86" CC="040"/>
						<HYP CONTENT="-"/>
					</TextLine>
					<TextLine ID="P153_TL00034" HPOS="131" VPOS="1719" WIDTH="968" HEIGHT="28">
						<String ID="P153_ST00379" HPOS="131" VPOS="1728" WIDTH="55" HEIGHT="16" CONTENT="naro" SUBS_TYPE="HypPart2" SUBS_CONTENT="Genaro" WC="0.73" CC="6003"/>
						<SP ID="P153_SP00347" HPOS="186" VPOS="1744" WIDTH="17"/>
						<String ID="P153_ST00380" HPOS="203" VPOS="1721" WIDTH="155" HEIGHT="23" CONTENT="MDXXVIII1" WC="0.72" CC="090003234"/>
						<SP ID="P153_SP00348" HPOS="358" VPOS="1744" WIDTH="17"/>
						<String ID="P153_ST00381" HPOS="375" VPOS="1721" WIDTH="94" HEIGHT="23" CONTENT="Lodixio" WC="0.75" CC="0000654"/>
						<SP ID="P153_SP00349" HPOS="469" VPOS="1744" WIDTH="17"/>
						<String ID="P153_ST00382" HPOS="486" VPOS="1721" WIDTH="95" HEIGHT="22" CONTENT="Lercaro" WC="0.58" CC="0437534"/>
						<SP ID="P153_SP00350" HPOS="581" VPOS="1744" WIDTH="16"/>
						<String ID="P153_ST00383" HPOS="597" VPOS="1720" WIDTH="108" HEIGHT="23" CONTENT="Potestas." WC="0.53" CC="315556770"/>
						<SP ID="P153_SP00351" HPOS="705" VPOS="1744" WIDTH="19"/>
						<String ID="P153_ST00384" HPOS="724" VPOS="1720" WIDTH="100" HEIGHT="25" CONTENT="(Archiv." WC="0.61" CC="70657300"/>
						<SP ID="P153_SP00352" HPOS="824" VPOS="1745" WIDTH="16"/>
						<String ID="P153_ST00385" HPOS="840" VPOS="1719" WIDTH="99" HEIGHT="24" CONTENT="Govern." WC="0.75" CC="0006172"/>
						<SP ID="P153_SP00353" HPOS="939" VPOS="1745" WIDTH="17"/>
						<String ID="P153_ST00386" HPOS="956" VPOS="1719" WIDTH="143" HEIGHT="28" CONTENT="Litterarum," WC="0.66" CC="03630072480"/>
					</TextLine>
					<TextLine ID="P153_TL00035" HPOS="134" VPOS="1762" WIDTH="234" HEIGHT="31">
						<String ID="P153_ST00387" HPOS="134" VPOS="1762" WIDTH="87" HEIGHT="31" CONTENT="foglia.:." WC="0.40" CC="879049282"/>
						<SP ID="P153_SP00354" HPOS="221" VPOS="1793" WIDTH="22"/>
						<String ID="P153_ST00388" HPOS="243" VPOS="1771" WIDTH="4" HEIGHT="13" CONTENT="1" WC="0.24" CC="7"/>
						<String ID="P153_ST00389" HPOS="257" VPOS="1770" WIDTH="8" HEIGHT="21" CONTENT="5" WC="0.25" CC="7"/>
						<String ID="P153_ST00390" HPOS="274" VPOS="1771" WIDTH="31" HEIGHT="21" CONTENT="13." WC="0.55" CC="840"/>
						<SP ID="P153_SP00355" HPOS="305" VPOS="1793" WIDTH="19"/>
						<String ID="P153_ST00391" HPOS="324" VPOS="1764" WIDTH="44" HEIGHT="29" CONTENT="29)," WC="0.42" CC="9570"/>
					</TextLine>
				</TextBlock>
			</PrintSpace>
		</Page>
	</Layout>
</alto>
