<?xml version="1.0" encoding="UTF-8"?>
<alto xmlns:xsi="http://www.w3.org/2001/XMLSchema-instance" xsi:noNamespaceSchemaLocation="http://www.bl.uk/schemas/alto/alto-1-4.xsd" xmlns:xlink="http://www.w3.org/1999/xlink">
	<Description>
		<MeasurementUnit>mm10</MeasurementUnit>
		<sourceImageInformation>
			<fileName>//head1/IN/2008-29/A0011808733/000273.jp2</fileName>
		</sourceImageInformation>
		<OCRProcessing ID="OCRPROCESSING_1">
			<preProcessingStep>
				<processingSoftware>
					<softwareCreator>CCS Content Conversion Specialists GmbH, Germany</softwareCreator>
					<softwareName>CCS docWORKS</softwareName>
					<softwareVersion>6.1-0.67</softwareVersion>
				</processingSoftware>
			</preProcessingStep>
			<ocrProcessingStep>
				<processingSoftware>
					<softwareCreator>ABBYY (BIT Software), Russia</softwareCreator>
					<softwareName>Finereader</softwareName>
				</processingSoftware>
			</ocrProcessingStep>
		</OCRProcessing>
	</Description>
	<Styles>
		<TextStyle ID="TXT_0" FONTSIZE="11" FONTFAMILY="Courier New"/>
		<TextStyle ID="TXT_1" FONTSIZE="9" FONTFAMILY="Courier New"/>
		<ParagraphStyle ID="PAR_RIGHT" ALIGN="Right"/>
		<ParagraphStyle ID="PAR_LEFT" ALIGN="Left"/>
	</Styles>
	<Layout>
		<Page ID="P19" PHYSICAL_IMG_NR="19" HEIGHT="2078" WIDTH="1373" PRINTED_IMG_NR="5" POSITION="Right" ACCURACY="73.67">
			<TopMargin ID="P19_TM00001" HPOS="0" VPOS="0" WIDTH="1373" HEIGHT="132">
				<TextBlock ID="P19_TB00001" HPOS="1051" VPOS="104" WIDTH="11" HEIGHT="26" STYLEREFS="TXT_0 PAR_RIGHT">
					<TextLine ID="P19_TL00001" HPOS="1051" VPOS="104" WIDTH="11" HEIGHT="26">
						<String ID="P19_ST00001" HPOS="1051" VPOS="104" WIDTH="11" HEIGHT="26" CONTENT="5" WC="1.00" CC="0"/>
					</TextLine>
				</TextBlock>
			</TopMargin>
			<LeftMargin ID="P19_LM00001" HPOS="0" VPOS="132" WIDTH="106" HEIGHT="1644"/>
			<RightMargin ID="P19_RM00001" HPOS="1065" VPOS="132" WIDTH="308" HEIGHT="1644"/>
			<BottomMargin ID="P19_BM00001" HPOS="0" VPOS="1776" WIDTH="1373" HEIGHT="301"/>
			<PrintSpace ID="P19_PS00001" HPOS="106" VPOS="132" WIDTH="959" HEIGHT="1644">
				<TextBlock ID="P19_TB00002" HPOS="106" VPOS="147" WIDTH="954" HEIGHT="108" STYLEREFS="TXT_1 PAR_LEFT">
					<TextLine ID="P19_TL00002" HPOS="107" VPOS="150" WIDTH="953" HEIGHT="47">
						<String ID="P19_ST00002" HPOS="107" VPOS="150" WIDTH="111" HEIGHT="46" CONTENT="legava" WC="0.83" CC="000900"/>
						<SP ID="P19_SP00001" HPOS="218" VPOS="196" WIDTH="25"/>
						<String ID="P19_ST00003" HPOS="243" VPOS="151" WIDTH="58" HEIGHT="35" CONTENT="alle" WC="0.51" CC="9503"/>
						<SP ID="P19_SP00002" HPOS="301" VPOS="196" WIDTH="26"/>
						<String ID="P19_ST00004" HPOS="327" VPOS="160" WIDTH="44" HEIGHT="26" CONTENT="tre" WC="0.68" CC="440"/>
						<SP ID="P19_SP00003" HPOS="371" VPOS="196" WIDTH="32"/>
						<String ID="P19_ST00005" HPOS="403" VPOS="152" WIDTH="87" HEIGHT="45" CONTENT="figlie" WC="0.74" CC="009330"/>
						<SP ID="P19_SP00004" HPOS="490" VPOS="197" WIDTH="33"/>
						<String ID="P19_ST00006" HPOS="523" VPOS="153" WIDTH="101" HEIGHT="35" CONTENT="fiorini" WC="0.76" CC="9004002"/>
						<SP ID="P19_SP00005" HPOS="624" VPOS="197" WIDTH="35"/>
						<String ID="P19_ST00007" HPOS="659" VPOS="155" WIDTH="76" HEIGHT="38" CONTENT="800," WC="0.74" CC="5111"/>
						<SP ID="P19_SP00006" HPOS="735" VPOS="197" WIDTH="27"/>
						<String ID="P19_ST00008" HPOS="762" VPOS="153" WIDTH="78" HEIGHT="35" CONTENT="oltre" WC="0.91" CC="04000"/>
						<SP ID="P19_SP00007" HPOS="840" VPOS="197" WIDTH="33"/>
						<String ID="P19_ST00009" HPOS="873" VPOS="167" WIDTH="16" HEIGHT="21" CONTENT="a" WC="0.47" CC="5"/>
						<SP ID="P19_SP00008" HPOS="889" VPOS="197" WIDTH="34"/>
						<String ID="P19_ST00010" HPOS="923" VPOS="155" WIDTH="49" HEIGHT="33" CONTENT="ciò" WC="0.85" CC="400"/>
						<SP ID="P19_SP00009" HPOS="972" VPOS="197" WIDTH="33"/>
						<String ID="P19_ST00011" HPOS="1005" VPOS="155" WIDTH="55" HEIGHT="34" CONTENT="che" WC="0.72" CC="071"/>
					</TextLine>
					<TextLine ID="P19_TL00003" HPOS="107" VPOS="215" WIDTH="953" HEIGHT="40">
						<String ID="P19_ST00012" HPOS="107" VPOS="215" WIDTH="70" HEIGHT="31" CONTENT="avrà" WC="0.69" CC="6005"/>
						<SP ID="P19_SP00010" HPOS="177" VPOS="246" WIDTH="28"/>
						<String ID="P19_ST00013" HPOS="205" VPOS="216" WIDTH="128" HEIGHT="31" CONTENT="lasciato" WC="0.57" CC="50063755"/>
						<SP ID="P19_SP00011" HPOS="333" VPOS="247" WIDTH="26"/>
						<String ID="P19_ST00014" HPOS="359" VPOS="215" WIDTH="25" HEIGHT="32" CONTENT="ai" WC="1.00" CC="00"/>
						<SP ID="P19_SP00012" HPOS="384" VPOS="247" WIDTH="29"/>
						<String ID="P19_ST00015" HPOS="413" VPOS="222" WIDTH="43" HEIGHT="25" CONTENT="tre" WC="0.34" CC="667"/>
						<SP ID="P19_SP00013" HPOS="456" VPOS="247" WIDTH="26"/>
						<String ID="P19_ST00016" HPOS="482" VPOS="215" WIDTH="117" HEIGHT="33" CONTENT="maschi" WC="0.81" CC="000721"/>
						<SP ID="P19_SP00014" HPOS="599" VPOS="248" WIDTH="27"/>
						<String ID="P19_ST00017" HPOS="626" VPOS="215" WIDTH="56" HEIGHT="33" CONTENT="che" WC="0.57" CC="740"/>
						<SP ID="P19_SP00015" HPOS="682" VPOS="248" WIDTH="25"/>
						<String ID="P19_ST00018" HPOS="707" VPOS="216" WIDTH="129" HEIGHT="32" CONTENT="nomina" WC="0.75" CC="600340"/>
						<SP ID="P19_SP00016" HPOS="836" VPOS="248" WIDTH="19"/>
						<String ID="P19_ST00019" HPOS="855" VPOS="216" WIDTH="94" HEIGHT="33" CONTENT="eredi." WC="0.68" CC="060740"/>
						<SP ID="P19_SP00017" HPOS="949" VPOS="249" WIDTH="19"/>
						<String ID="P19_ST00020" HPOS="968" VPOS="217" WIDTH="92" HEIGHT="38" CONTENT="Anzi," WC="0.64" CC="08512"/>
					</TextLine>
				</TextBlock>
				<TextBlock ID="P19_TB00003" HPOS="107" VPOS="274" WIDTH="955" HEIGHT="1007" STYLEREFS="TXT_1 PAR_LEFT">
					<TextLine ID="P19_TL00004" HPOS="108" VPOS="274" WIDTH="952" HEIGHT="45">
						<String ID="P19_ST00021" HPOS="108" VPOS="274" WIDTH="49" HEIGHT="33" CONTENT="nel" WC="0.82" CC="104"/>
						<SP ID="P19_SP00018" HPOS="157" VPOS="307" WIDTH="25"/>
						<String ID="P19_ST00022" HPOS="182" VPOS="274" WIDTH="149" HEIGHT="34" CONTENT="ritenerlo" WC="0.87" CC="006020200"/>
						<SP ID="P19_SP00019" HPOS="331" VPOS="308" WIDTH="24"/>
						<String ID="P19_ST00023" HPOS="355" VPOS="276" WIDTH="78" HEIGHT="33" CONTENT="assai" WC="0.62" CC="71044"/>
						<SP ID="P19_SP00020" HPOS="433" VPOS="309" WIDTH="26"/>
						<String ID="P19_ST00024" HPOS="459" VPOS="276" WIDTH="107" HEIGHT="43" CONTENT="agiato" WC="0.60" CC="600924"/>
						<SP ID="P19_SP00021" HPOS="566" VPOS="319" WIDTH="25"/>
						<String ID="P19_ST00025" HPOS="591" VPOS="277" WIDTH="26" HEIGHT="32" CONTENT="ci" WC="0.72" CC="50"/>
						<SP ID="P19_SP00022" HPOS="617" VPOS="319" WIDTH="26"/>
						<String ID="P19_ST00026" HPOS="643" VPOS="276" WIDTH="160" HEIGHT="33" CONTENT="conferma" WC="0.83" CC="70600000"/>
						<SP ID="P19_SP00023" HPOS="803" VPOS="319" WIDTH="35"/>
						<String ID="P19_ST00027" HPOS="838" VPOS="277" WIDTH="17" HEIGHT="32" CONTENT="il" WC="0.29" CC="76"/>
						<SP ID="P19_SP00024" HPOS="855" VPOS="319" WIDTH="29"/>
						<String ID="P19_ST00028" HPOS="884" VPOS="276" WIDTH="77" HEIGHT="33" CONTENT="fatto" WC="0.81" CC="00107"/>
						<SP ID="P19_SP00025" HPOS="961" VPOS="319" WIDTH="32"/>
						<String ID="P19_ST00029" HPOS="993" VPOS="277" WIDTH="67" HEIGHT="38" CONTENT="che," WC="0.89" CC="4000"/>
					</TextLine>
					<TextLine ID="P19_TL00005" HPOS="108" VPOS="335" WIDTH="954" HEIGHT="47">
						<String ID="P19_ST00030" HPOS="108" VPOS="335" WIDTH="141" HEIGHT="34" CONTENT="volendo" WC="0.84" CC="0030105"/>
						<SP ID="P19_SP00026" HPOS="249" VPOS="369" WIDTH="24"/>
						<String ID="P19_ST00031" HPOS="273" VPOS="336" WIDTH="44" HEIGHT="43" CONTENT="gli" WC="0.84" CC="040"/>
						<SP ID="P19_SP00027" HPOS="317" VPOS="379" WIDTH="26"/>
						<String ID="P19_ST00032" HPOS="343" VPOS="337" WIDTH="121" HEIGHT="33" CONTENT="uomini" WC="0.82" CC="500202"/>
						<SP ID="P19_SP00028" HPOS="464" VPOS="379" WIDTH="27"/>
						<String ID="P19_ST00033" HPOS="491" VPOS="337" WIDTH="28" HEIGHT="33" CONTENT="di" WC="0.81" CC="03"/>
						<SP ID="P19_SP00029" HPOS="519" VPOS="379" WIDTH="28"/>
						<String ID="P19_ST00034" HPOS="547" VPOS="337" WIDTH="29" HEIGHT="33" CONTENT="S." WC="0.64" CC="70"/>
						<SP ID="P19_SP00030" HPOS="576" VPOS="379" WIDTH="27"/>
						<String ID="P19_ST00035" HPOS="603" VPOS="337" WIDTH="159" HEIGHT="33" CONTENT="Bernardo" WC="0.83" CC="00800400"/>
						<SP ID="P19_SP00031" HPOS="762" VPOS="379" WIDTH="20"/>
						<String ID="P19_ST00036" HPOS="782" VPOS="338" WIDTH="119" HEIGHT="43" CONTENT="erigere" WC="0.93" CC="0000040"/>
						<SP ID="P19_SP00032" HPOS="901" VPOS="381" WIDTH="18"/>
						<String ID="P19_ST00037" HPOS="919" VPOS="350" WIDTH="57" HEIGHT="20" CONTENT="una" WC="0.87" CC="300"/>
						<SP ID="P19_SP00033" HPOS="976" VPOS="381" WIDTH="21"/>
						<String ID="P19_ST00038" HPOS="997" VPOS="350" WIDTH="65" HEIGHT="32" CONTENT="cap" SUBS_TYPE="HypPart1" SUBS_CONTENT="cappella" WC="0.71" CC="6400"/>
						<HYP CONTENT="-"/>
					</TextLine>
					<TextLine ID="P19_TL00006" HPOS="110" VPOS="396" WIDTH="952" HEIGHT="46">
						<String ID="P19_ST00039" HPOS="110" VPOS="396" WIDTH="77" HEIGHT="44" CONTENT="pella" SUBS_TYPE="HypPart2" SUBS_CONTENT="cappella" WC="0.86" CC="06000"/>
						<SP ID="P19_SP00034" HPOS="187" VPOS="440" WIDTH="26"/>
						<String ID="P19_ST00040" HPOS="213" VPOS="404" WIDTH="150" HEIGHT="26" CONTENT="sontuosa" WC="0.63" CC="03456009"/>
						<SP ID="P19_SP00035" HPOS="363" VPOS="440" WIDTH="27"/>
						<String ID="P19_ST00041" HPOS="390" VPOS="409" WIDTH="14" HEIGHT="21" CONTENT="e" WC="1.00" CC="0"/>
						<SP ID="P19_SP00036" HPOS="404" VPOS="440" WIDTH="27"/>
						<String ID="P19_ST00042" HPOS="431" VPOS="397" WIDTH="117" HEIGHT="44" CONTENT="grande" WC="0.80" CC="009010"/>
						<SP ID="P19_SP00037" HPOS="548" VPOS="441" WIDTH="27"/>
						<String ID="P19_ST00043" HPOS="575" VPOS="409" WIDTH="60" HEIGHT="22" CONTENT="ove" WC="1.00" CC="000"/>
						<SP ID="P19_SP00038" HPOS="635" VPOS="441" WIDTH="27"/>
						<String ID="P19_ST00044" HPOS="662" VPOS="410" WIDTH="45" HEIGHT="21" CONTENT="era" WC="0.81" CC="041"/>
						<SP ID="P19_SP00039" HPOS="707" VPOS="441" WIDTH="39"/>
						<String ID="P19_ST00045" HPOS="746" VPOS="410" WIDTH="125" HEIGHT="32" CONTENT="apparsa" WC="0.59" CC="9990000"/>
						<SP ID="P19_SP00040" HPOS="871" VPOS="442" WIDTH="35"/>
						<String ID="P19_ST00046" HPOS="906" VPOS="398" WIDTH="38" HEIGHT="35" CONTENT="N," WC="0.40" CC="74"/>
						<SP ID="P19_SP00041" HPOS="944" VPOS="442" WIDTH="28"/>
						<String ID="P19_ST00047" HPOS="972" VPOS="400" WIDTH="28" HEIGHT="31" CONTENT="S." WC="1.00" CC="00"/>
						<SP ID="P19_SP00042" HPOS="1000" VPOS="442" WIDTH="34"/>
						<String ID="P19_ST00048" HPOS="1034" VPOS="398" WIDTH="28" HEIGHT="34" CONTENT="al" WC="0.53" CC="54"/>
					</TextLine>
					<TextLine ID="P19_TL00007" HPOS="108" VPOS="458" WIDTH="954" HEIGHT="42">
						<String ID="P19_ST00049" HPOS="108" VPOS="458" WIDTH="103" HEIGHT="39" CONTENT="Botta," WC="0.85" CC="320002"/>
						<SP ID="P19_SP00043" HPOS="211" VPOS="497" WIDTH="27"/>
						<String ID="P19_ST00050" HPOS="238" VPOS="469" WIDTH="38" HEIGHT="22" CONTENT="ne" WC="1.00" CC="00"/>
						<SP ID="P19_SP00044" HPOS="276" VPOS="497" WIDTH="26"/>
						<String ID="P19_ST00051" HPOS="302" VPOS="458" WIDTH="141" HEIGHT="33" CONTENT="chiesero" WC="0.72" CC="55500030"/>
						<SP ID="P19_SP00045" HPOS="443" VPOS="497" WIDTH="26"/>
						<String ID="P19_ST00052" HPOS="469" VPOS="459" WIDTH="117" HEIGHT="33" CONTENT="licenza" WC="0.64" CC="4130716"/>
						<SP ID="P19_SP00046" HPOS="586" VPOS="497" WIDTH="27"/>
						<String ID="P19_ST00053" HPOS="613" VPOS="471" WIDTH="15" HEIGHT="20" CONTENT="a" WC="1.00" CC="0"/>
						<SP ID="P19_SP00047" HPOS="628" VPOS="497" WIDTH="19"/>
						<String ID="P19_ST00054" HPOS="647" VPOS="459" WIDTH="205" HEIGHT="34" CONTENT="Bartolomeo" WC="0.70" CC="9645000003"/>
						<SP ID="P19_SP00048" HPOS="852" VPOS="497" WIDTH="15"/>
						<String ID="P19_ST00055" HPOS="867" VPOS="459" WIDTH="142" HEIGHT="41" CONTENT="Zabrera," WC="0.76" CC="05510050"/>
						<SP ID="P19_SP00049" HPOS="1009" VPOS="500" WIDTH="14"/>
						<String ID="P19_ST00056" HPOS="1023" VPOS="460" WIDTH="39" HEIGHT="33" CONTENT="al" SUBS_TYPE="HypPart1" SUBS_CONTENT="allora" WC="0.64" CC="730"/>
						<HYP CONTENT="-"/>
					</TextLine>
					<TextLine ID="P19_TL00008" HPOS="111" VPOS="519" WIDTH="950" HEIGHT="44">
						<String ID="P19_ST00057" HPOS="111" VPOS="519" WIDTH="63" HEIGHT="33" CONTENT="lora" SUBS_TYPE="HypPart2" SUBS_CONTENT="allora" WC="0.69" CC="5006"/>
						<SP ID="P19_SP00050" HPOS="174" VPOS="552" WIDTH="22"/>
						<String ID="P19_ST00058" HPOS="196" VPOS="519" WIDTH="124" HEIGHT="33" CONTENT="Vicario" WC="0.86" CC="0240002"/>
						<SP ID="P19_SP00051" HPOS="320" VPOS="552" WIDTH="13"/>
						<String ID="P19_ST00059" HPOS="333" VPOS="519" WIDTH="153" HEIGHT="33" CONTENT="Generale" WC="0.80" CC="00610800"/>
						<SP ID="P19_SP00052" HPOS="486" VPOS="552" WIDTH="15"/>
						<String ID="P19_ST00060" HPOS="501" VPOS="520" WIDTH="49" HEIGHT="37" CONTENT="del" WC="0.73" CC="008"/>
						<SP ID="P19_SP00053" HPOS="550" VPOS="557" WIDTH="20"/>
						<String ID="P19_ST00061" HPOS="570" VPOS="520" WIDTH="163" HEIGHT="33" CONTENT="Cardinale" WC="0.79" CC="291005000"/>
						<SP ID="P19_SP00054" HPOS="733" VPOS="557" WIDTH="13"/>
						<String ID="P19_ST00062" HPOS="746" VPOS="521" WIDTH="137" HEIGHT="42" CONTENT="Spinola," WC="0.69" CC="09080060"/>
						<SP ID="P19_SP00055" HPOS="883" VPOS="563" WIDTH="17"/>
						<String ID="P19_ST00063" HPOS="900" VPOS="533" WIDTH="161" HEIGHT="21" CONTENT="savonese." WC="0.72" CC="002050843"/>
					</TextLine>
					<TextLine ID="P19_TL00009" HPOS="109" VPOS="580" WIDTH="953" HEIGHT="44">
						<String ID="P19_ST00064" HPOS="109" VPOS="580" WIDTH="169" HEIGHT="33" CONTENT="Temendo" WC="0.91" CC="0000005"/>
						<SP ID="P19_SP00056" HPOS="278" VPOS="613" WIDTH="25"/>
						<String ID="P19_ST00065" HPOS="303" VPOS="581" WIDTH="100" HEIGHT="43" CONTENT="questi" WC="0.73" CC="064500"/>
						<SP ID="P19_SP00057" HPOS="403" VPOS="624" WIDTH="27"/>
						<String ID="P19_ST00066" HPOS="430" VPOS="592" WIDTH="63" HEIGHT="22" CONTENT="non" WC="0.75" CC="304"/>
						<SP ID="P19_SP00058" HPOS="493" VPOS="624" WIDTH="26"/>
						<String ID="P19_ST00067" HPOS="519" VPOS="592" WIDTH="146" HEIGHT="22" CONTENT="avessero" WC="0.86" CC="90000001"/>
						<SP ID="P19_SP00059" HPOS="665" VPOS="624" WIDTH="25"/>
						<String ID="P19_ST00068" HPOS="690" VPOS="594" WIDTH="17" HEIGHT="20" CONTENT="a" WC="1.00" CC="0"/>
						<SP ID="P19_SP00060" HPOS="707" VPOS="624" WIDTH="26"/>
						<String ID="P19_ST00069" HPOS="733" VPOS="593" WIDTH="125" HEIGHT="21" CONTENT="mancar" WC="0.93" CC="001200"/>
						<SP ID="P19_SP00061" HPOS="858" VPOS="624" WIDTH="26"/>
						<String ID="P19_ST00070" HPOS="884" VPOS="581" WIDTH="68" HEIGHT="34" CONTENT="loro" WC="0.71" CC="0074"/>
						<SP ID="P19_SP00062" HPOS="952" VPOS="624" WIDTH="26"/>
						<String ID="P19_ST00071" HPOS="978" VPOS="583" WIDTH="8" HEIGHT="31" CONTENT="i" WC="0.53" CC="4"/>
						<SP ID="P19_SP00063" HPOS="986" VPOS="624" WIDTH="27"/>
						<String ID="P19_ST00072" HPOS="1013" VPOS="583" WIDTH="49" HEIGHT="32" CONTENT="da" SUBS_TYPE="HypPart1" SUBS_CONTENT="danari," WC="0.42" CC="970"/>
						<HYP CONTENT="-"/>
					</TextLine>
					<TextLine ID="P19_TL00010" HPOS="109" VPOS="640" WIDTH="950" HEIGHT="40">
						<String ID="P19_ST00073" HPOS="109" VPOS="640" WIDTH="74" HEIGHT="40" CONTENT="nari," SUBS_TYPE="HypPart2" SUBS_CONTENT="danari," WC="0.71" CC="17500"/>
						<SP ID="P19_SP00064" HPOS="183" VPOS="680" WIDTH="27"/>
						<String ID="P19_ST00074" HPOS="210" VPOS="652" WIDTH="64" HEIGHT="22" CONTENT="non" WC="0.45" CC="438"/>
						<SP ID="P19_SP00065" HPOS="274" VPOS="680" WIDTH="25"/>
						<String ID="P19_ST00075" HPOS="299" VPOS="641" WIDTH="219" HEIGHT="34" CONTENT="accondiscese" WC="0.70" CC="760050065201"/>
						<SP ID="P19_SP00066" HPOS="518" VPOS="680" WIDTH="25"/>
						<String ID="P19_ST00076" HPOS="543" VPOS="642" WIDTH="59" HEIGHT="33" CONTENT="alla" WC="0.70" CC="6230"/>
						<SP ID="P19_SP00067" HPOS="602" VPOS="680" WIDTH="28"/>
						<String ID="P19_ST00077" HPOS="630" VPOS="641" WIDTH="75" HEIGHT="34" CONTENT="fatta" WC="1.00" CC="00000"/>
						<SP ID="P19_SP00068" HPOS="705" VPOS="680" WIDTH="34"/>
						<String ID="P19_ST00078" HPOS="739" VPOS="642" WIDTH="157" HEIGHT="34" CONTENT="domanda" WC="0.69" CC="0300565"/>
						<SP ID="P19_SP00069" HPOS="896" VPOS="680" WIDTH="35"/>
						<String ID="P19_ST00079" HPOS="931" VPOS="656" WIDTH="30" HEIGHT="20" CONTENT="se" WC="0.64" CC="07"/>
						<SP ID="P19_SP00070" HPOS="961" VPOS="680" WIDTH="36"/>
						<String ID="P19_ST00080" HPOS="997" VPOS="655" WIDTH="62" HEIGHT="22" CONTENT="non" WC="0.45" CC="456"/>
					</TextLine>
					<TextLine ID="P19_TL00011" HPOS="110" VPOS="701" WIDTH="952" HEIGHT="45">
						<String ID="P19_ST00081" HPOS="110" VPOS="701" WIDTH="126" HEIGHT="44" CONTENT="quando" WC="0.74" CC="007601"/>
						<SP ID="P19_SP00071" HPOS="236" VPOS="745" WIDTH="32"/>
						<String ID="P19_ST00082" HPOS="268" VPOS="702" WIDTH="19" HEIGHT="33" CONTENT="il" WC="0.94" CC="10"/>
						<SP ID="P19_SP00072" HPOS="287" VPOS="745" WIDTH="38"/>
						<String ID="P19_ST00083" HPOS="325" VPOS="702" WIDTH="165" HEIGHT="33" CONTENT="Leonardo" WC="0.51" CC="00589608"/>
						<SP ID="P19_SP00073" HPOS="490" VPOS="745" WIDTH="35"/>
						<String ID="P19_ST00084" HPOS="525" VPOS="704" WIDTH="146" HEIGHT="42" CONTENT="promise," WC="0.74" CC="97300000"/>
						<SP ID="P19_SP00074" HPOS="671" VPOS="746" WIDTH="34"/>
						<String ID="P19_ST00085" HPOS="705" VPOS="703" WIDTH="67" HEIGHT="40" CONTENT="che," WC="0.40" CC="7573"/>
						<SP ID="P19_SP00075" HPOS="772" VPOS="746" WIDTH="26"/>
						<String ID="P19_ST00086" HPOS="798" VPOS="705" WIDTH="75" HEIGHT="32" CONTENT="dato" WC="0.14" CC="9976"/>
						<SP ID="P19_SP00076" HPOS="873" VPOS="746" WIDTH="29"/>
						<String ID="P19_ST00087" HPOS="902" VPOS="705" WIDTH="160" HEIGHT="32" CONTENT="venissero" WC="0.76" CC="048300040"/>
					</TextLine>
					<TextLine ID="P19_TL00012" HPOS="111" VPOS="762" WIDTH="949" HEIGHT="40">
						<String ID="P19_ST00088" HPOS="111" VPOS="773" WIDTH="94" HEIGHT="22" CONTENT="meno" WC="0.58" CC="6530"/>
						<SP ID="P19_SP00077" HPOS="205" VPOS="795" WIDTH="27"/>
						<String ID="P19_ST00089" HPOS="232" VPOS="763" WIDTH="7" HEIGHT="32" CONTENT="i" WC="0.59" CC="4"/>
						<SP ID="P19_SP00078" HPOS="239" VPOS="795" WIDTH="26"/>
						<String ID="P19_ST00090" HPOS="265" VPOS="763" WIDTH="115" HEIGHT="39" CONTENT="mezzi," WC="0.94" CC="000300"/>
						<SP ID="P19_SP00079" HPOS="380" VPOS="802" WIDTH="27"/>
						<String ID="P19_ST00091" HPOS="407" VPOS="762" WIDTH="17" HEIGHT="35" CONTENT="1'" WC="0.79" CC="03"/>
						<SP ID="P19_SP00080" HPOS="424" VPOS="802" WIDTH="13"/>
						<String ID="P19_ST00092" HPOS="437" VPOS="763" WIDTH="134" HEIGHT="33" CONTENT="avrebbe" WC="0.70" CC="9030700"/>
						<SP ID="P19_SP00081" HPOS="571" VPOS="802" WIDTH="26"/>
						<String ID="P19_ST00093" HPOS="597" VPOS="775" WIDTH="71" HEIGHT="22" CONTENT="esso" WC="0.86" CC="0005"/>
						<SP ID="P19_SP00082" HPOS="668" VPOS="802" WIDTH="26"/>
						<String ID="P19_ST00094" HPOS="694" VPOS="764" WIDTH="140" HEIGHT="33" CONTENT="ultimata" WC="0.57" CC="06759060"/>
						<SP ID="P19_SP00083" HPOS="834" VPOS="802" WIDTH="27"/>
						<String ID="P19_ST00095" HPOS="861" VPOS="765" WIDTH="49" HEIGHT="32" CONTENT="del" WC="0.90" CC="003"/>
						<SP ID="P19_SP00084" HPOS="910" VPOS="802" WIDTH="27"/>
						<String ID="P19_ST00096" HPOS="937" VPOS="776" WIDTH="67" HEIGHT="22" CONTENT="suo." WC="0.89" CC="0040"/>
						<SP ID="P19_SP00085" HPOS="1004" VPOS="802" WIDTH="18"/>
						<String ID="P19_ST00097" HPOS="1022" VPOS="765" WIDTH="38" HEIGHT="33" CONTENT="Di" WC="0.88" CC="02"/>
					</TextLine>
					<TextLine ID="P19_TL00013" HPOS="111" VPOS="823" WIDTH="951" HEIGHT="44">
						<String ID="P19_ST00098" HPOS="111" VPOS="823" WIDTH="49" HEIGHT="33" CONTENT="ciò" WC="0.83" CC="201"/>
						<SP ID="P19_SP00086" HPOS="160" VPOS="856" WIDTH="24"/>
						<String ID="P19_ST00099" HPOS="184" VPOS="824" WIDTH="25" HEIGHT="32" CONTENT="si" WC="1.00" CC="00"/>
						<SP ID="P19_SP00087" HPOS="209" VPOS="856" WIDTH="26"/>
						<String ID="P19_ST00100" HPOS="235" VPOS="825" WIDTH="81" HEIGHT="42" CONTENT="rogò" WC="0.89" CC="0004"/>
						<SP ID="P19_SP00088" HPOS="316" VPOS="867" WIDTH="19"/>
						<String ID="P19_ST00101" HPOS="335" VPOS="824" WIDTH="198" HEIGHT="40" CONTENT="istrumento," WC="0.81" CC="00000904024"/>
						<SP ID="P19_SP00089" HPOS="533" VPOS="867" WIDTH="15"/>
						<String ID="P19_ST00102" HPOS="548" VPOS="836" WIDTH="92" HEIGHT="22" CONTENT="come" WC="0.83" CC="3300"/>
						<SP ID="P19_SP00090" HPOS="640" VPOS="867" WIDTH="17"/>
						<String ID="P19_ST00103" HPOS="657" VPOS="837" WIDTH="34" HEIGHT="20" CONTENT="ce" WC="0.67" CC="60"/>
						<SP ID="P19_SP00091" HPOS="691" VPOS="867" WIDTH="16"/>
						<String ID="P19_ST00104" HPOS="707" VPOS="837" WIDTH="39" HEIGHT="21" CONTENT="ne" WC="0.90" CC="20"/>
						<SP ID="P19_SP00092" HPOS="746" VPOS="867" WIDTH="19"/>
						<String ID="P19_ST00105" HPOS="765" VPOS="825" WIDTH="132" HEIGHT="33" CONTENT="informa" WC="0.61" CC="5460550"/>
						<SP ID="P19_SP00093" HPOS="897" VPOS="867" WIDTH="19"/>
						<String ID="P19_ST00106" HPOS="916" VPOS="826" WIDTH="17" HEIGHT="31" CONTENT="il" WC="0.38" CC="56"/>
						<SP ID="P19_SP00094" HPOS="933" VPOS="867" WIDTH="21"/>
						<String ID="P19_ST00107" HPOS="954" VPOS="834" WIDTH="108" HEIGHT="25" CONTENT="nostro" WC="0.74" CC="630040"/>
					</TextLine>
					<TextLine ID="P19_TL00014" HPOS="111" VPOS="884" WIDTH="949" HEIGHT="44">
						<String ID="P19_ST00108" HPOS="111" VPOS="884" WIDTH="38" HEIGHT="33" CONTENT="A." WC="0.96" CC="00"/>
						<SP ID="P19_SP00095" HPOS="149" VPOS="917" WIDTH="28"/>
						<String ID="P19_ST00109" HPOS="177" VPOS="884" WIDTH="59" HEIGHT="33" CONTENT="Nel" WC="0.93" CC="200"/>
						<SP ID="P19_SP00096" HPOS="236" VPOS="917" WIDTH="30"/>
						<String ID="P19_ST00110" HPOS="266" VPOS="887" WIDTH="93" HEIGHT="41" CONTENT="1536," WC="0.57" CC="46241"/>
						<SP ID="P19_SP00097" HPOS="359" VPOS="928" WIDTH="29"/>
						<String ID="P19_ST00111" HPOS="388" VPOS="886" WIDTH="18" HEIGHT="31" CONTENT="6" WC="0.28" CC="7"/>
						<SP ID="P19_SP00098" HPOS="406" VPOS="928" WIDTH="26"/>
						<String ID="P19_ST00112" HPOS="432" VPOS="885" WIDTH="181" HEIGHT="40" CONTENT="settembre," WC="0.87" CC="0005002300"/>
						<SP ID="P19_SP00099" HPOS="613" VPOS="928" WIDTH="17"/>
						<String ID="P19_ST00113" HPOS="630" VPOS="897" WIDTH="90" HEIGHT="21" CONTENT="come" WC="1.00" CC="0000"/>
						<SP ID="P19_SP00100" HPOS="720" VPOS="928" WIDTH="26"/>
						<String ID="P19_ST00114" HPOS="746" VPOS="886" WIDTH="106" HEIGHT="33" CONTENT="risulta" WC="0.62" CC="6005058"/>
						<SP ID="P19_SP00101" HPOS="852" VPOS="928" WIDTH="18"/>
						<String ID="P19_ST00115" HPOS="870" VPOS="887" WIDTH="37" HEIGHT="31" CONTENT="da" WC="0.50" CC="09"/>
						<SP ID="P19_SP00102" HPOS="907" VPOS="928" WIDTH="20"/>
						<String ID="P19_ST00116" HPOS="927" VPOS="894" WIDTH="65" HEIGHT="24" CONTENT="atto" WC="0.48" CC="9360"/>
						<SP ID="P19_SP00103" HPOS="992" VPOS="928" WIDTH="19"/>
						<String ID="P19_ST00117" HPOS="1011" VPOS="886" WIDTH="49" HEIGHT="33" CONTENT="del" WC="0.99" CC="000"/>
					</TextLine>
					<TextLine ID="P19_TL00015" HPOS="111" VPOS="945" WIDTH="948" HEIGHT="44">
						<String ID="P19_ST00118" HPOS="111" VPOS="946" WIDTH="71" HEIGHT="32" CONTENT="Not." WC="0.62" CC="0363"/>
						<SP ID="P19_SP00104" HPOS="182" VPOS="978" WIDTH="28"/>
						<String ID="P19_ST00119" HPOS="210" VPOS="945" WIDTH="143" HEIGHT="33" CONTENT="Antonio" WC="0.56" CC="0453635"/>
						<SP ID="P19_SP00105" HPOS="353" VPOS="978" WIDTH="25"/>
						<String ID="P19_ST00120" HPOS="378" VPOS="945" WIDTH="103" HEIGHT="40" CONTENT="Risso," WC="0.93" CC="040000"/>
						<SP ID="P19_SP00106" HPOS="481" VPOS="985" WIDTH="27"/>
						<String ID="P19_ST00121" HPOS="508" VPOS="946" WIDTH="150" HEIGHT="43" CONTENT="riportato" WC="0.70" CC="400086700"/>
						<SP ID="P19_SP00107" HPOS="658" VPOS="989" WIDTH="33"/>
						<String ID="P19_ST00122" HPOS="691" VPOS="946" WIDTH="29" HEIGHT="34" CONTENT="in" WC="0.66" CC="51"/>
						<SP ID="P19_SP00108" HPOS="720" VPOS="989" WIDTH="33"/>
						<String ID="P19_ST00123" HPOS="753" VPOS="955" WIDTH="74" HEIGHT="24" CONTENT="note" WC="0.75" CC="1043"/>
						<SP ID="P19_SP00109" HPOS="827" VPOS="989" WIDTH="35"/>
						<String ID="P19_ST00124" HPOS="862" VPOS="947" WIDTH="115" HEIGHT="32" CONTENT="inedite" WC="0.63" CC="0609045"/>
						<SP ID="P19_SP00110" HPOS="977" VPOS="989" WIDTH="34"/>
						<String ID="P19_ST00125" HPOS="1011" VPOS="947" WIDTH="48" HEIGHT="32" CONTENT="dai" WC="0.49" CC="078"/>
					</TextLine>
					<TextLine ID="P19_TL00016" HPOS="110" VPOS="1005" WIDTH="950" HEIGHT="45">
						<String ID="P19_ST00126" HPOS="110" VPOS="1007" WIDTH="128" HEIGHT="38" CONTENT="Pavese," WC="0.91" CC="0600000"/>
						<SP ID="P19_SP00111" HPOS="238" VPOS="1045" WIDTH="26"/>
						<String ID="P19_ST00127" HPOS="264" VPOS="1005" WIDTH="31" HEIGHT="33" CONTENT="lo" WC="0.90" CC="20"/>
						<SP ID="P19_SP00112" HPOS="295" VPOS="1045" WIDTH="26"/>
						<String ID="P19_ST00128" HPOS="321" VPOS="1005" WIDTH="148" HEIGHT="34" CONTENT="vediamo" WC="0.69" CC="0000946"/>
						<SP ID="P19_SP00113" HPOS="469" VPOS="1045" WIDTH="24"/>
						<String ID="P19_ST00129" HPOS="493" VPOS="1006" WIDTH="150" HEIGHT="44" CONTENT="deputato" WC="0.63" CC="00060759"/>
						<SP ID="P19_SP00114" HPOS="643" VPOS="1050" WIDTH="25"/>
						<String ID="P19_ST00130" HPOS="668" VPOS="1007" WIDTH="57" HEIGHT="33" CONTENT="alla" WC="0.72" CC="6400"/>
						<SP ID="P19_SP00115" HPOS="725" VPOS="1050" WIDTH="26"/>
						<String ID="P19_ST00131" HPOS="751" VPOS="1006" WIDTH="132" HEIGHT="34" CONTENT="fabbrica" WC="0.74" CC="00064450"/>
						<SP ID="P19_SP00116" HPOS="883" VPOS="1050" WIDTH="34"/>
						<String ID="P19_ST00132" HPOS="917" VPOS="1008" WIDTH="29" HEIGHT="32" CONTENT="di" WC="0.82" CC="03"/>
						<SP ID="P19_SP00117" HPOS="946" VPOS="1050" WIDTH="32"/>
						<String ID="P19_ST00133" HPOS="978" VPOS="1007" WIDTH="82" HEIGHT="32" CONTENT="detta" WC="0.68" CC="00509"/>
					</TextLine>
					<TextLine ID="P19_TL00017" HPOS="111" VPOS="1067" WIDTH="951" HEIGHT="43">
						<String ID="P19_ST00134" HPOS="111" VPOS="1067" WIDTH="112" HEIGHT="39" CONTENT="chiesa," WC="0.79" CC="0500043"/>
						<SP ID="P19_SP00118" HPOS="223" VPOS="1106" WIDTH="20"/>
						<String ID="P19_ST00135" HPOS="243" VPOS="1067" WIDTH="29" HEIGHT="32" CONTENT="in" WC="0.78" CC="12"/>
						<SP ID="P19_SP00119" HPOS="272" VPOS="1106" WIDTH="19"/>
						<String ID="P19_ST00136" HPOS="291" VPOS="1067" WIDTH="188" HEIGHT="43" CONTENT="compagnia" WC="0.80" CC="500000407"/>
						<SP ID="P19_SP00120" HPOS="479" VPOS="1110" WIDTH="18"/>
						<String ID="P19_ST00137" HPOS="497" VPOS="1068" WIDTH="30" HEIGHT="32" CONTENT="di" WC="0.80" CC="03"/>
						<SP ID="P19_SP00121" HPOS="527" VPOS="1110" WIDTH="19"/>
						<String ID="P19_ST00138" HPOS="546" VPOS="1067" WIDTH="128" HEIGHT="34" CONTENT="Stefano" WC="0.67" CC="0614064"/>
						<SP ID="P19_SP00122" HPOS="674" VPOS="1110" WIDTH="17"/>
						<String ID="P19_ST00139" HPOS="691" VPOS="1068" WIDTH="171" HEIGHT="34" CONTENT="Rocchetta" WC="0.74" CC="007500620"/>
						<SP ID="P19_SP00123" HPOS="862" VPOS="1110" WIDTH="21"/>
						<String ID="P19_ST00140" HPOS="883" VPOS="1068" WIDTH="36" HEIGHT="33" CONTENT="ed" WC="1.00" CC="00"/>
						<SP ID="P19_SP00124" HPOS="919" VPOS="1110" WIDTH="19"/>
						<String ID="P19_ST00141" HPOS="938" VPOS="1068" WIDTH="124" HEIGHT="33" CONTENT="Andrea" WC="0.53" CC="069209"/>
					</TextLine>
					<TextLine ID="P19_TL00018" HPOS="111" VPOS="1126" WIDTH="951" HEIGHT="45">
						<String ID="P19_ST00142" HPOS="111" VPOS="1128" WIDTH="205" HEIGHT="43" CONTENT="Corradengo" WC="0.86" CC="0050001600"/>
						<SP ID="P19_SP00125" HPOS="316" VPOS="1171" WIDTH="26"/>
						<String ID="P19_ST00143" HPOS="342" VPOS="1126" WIDTH="113" HEIGHT="42" CONTENT="Niella," WC="0.86" CC="0402002"/>
						<SP ID="P19_SP00126" HPOS="455" VPOS="1171" WIDTH="20"/>
						<String ID="P19_ST00144" HPOS="475" VPOS="1139" WIDTH="111" HEIGHT="32" CONTENT="pagare" WC="0.72" CC="070900"/>
						<SP ID="P19_SP00127" HPOS="586" VPOS="1171" WIDTH="27"/>
						<String ID="P19_ST00145" HPOS="613" VPOS="1141" WIDTH="15" HEIGHT="20" CONTENT="a" WC="1.00" CC="0"/>
						<SP ID="P19_SP00128" HPOS="628" VPOS="1171" WIDTH="18"/>
						<String ID="P19_ST00146" HPOS="646" VPOS="1129" WIDTH="78" HEIGHT="32" CONTENT="Pace" WC="0.53" CC="0098"/>
						<SP ID="P19_SP00129" HPOS="724" VPOS="1171" WIDTH="19"/>
						<String ID="P19_ST00147" HPOS="743" VPOS="1130" WIDTH="142" HEIGHT="31" CONTENT="Antonio" WC="0.70" CC="0651700"/>
						<SP ID="P19_SP00130" HPOS="885" VPOS="1171" WIDTH="22"/>
						<String ID="P19_ST00148" HPOS="907" VPOS="1129" WIDTH="155" HEIGHT="32" CONTENT="Sormano" WC="0.88" CC="0000700"/>
					</TextLine>
					<TextLine ID="P19_TL00019" HPOS="110" VPOS="1187" WIDTH="952" HEIGHT="46">
						<String ID="P19_ST00149" HPOS="110" VPOS="1187" WIDTH="91" HEIGHT="46" CONTENT="(fatto" WC="0.76" CC="400360"/>
						<SP ID="P19_SP00131" HPOS="201" VPOS="1233" WIDTH="26"/>
						<String ID="P19_ST00150" HPOS="227" VPOS="1188" WIDTH="150" HEIGHT="33" CONTENT="cittadino" WC="0.73" CC="564250000"/>
						<SP ID="P19_SP00132" HPOS="377" VPOS="1233" WIDTH="26"/>
						<String ID="P19_ST00151" HPOS="403" VPOS="1189" WIDTH="29" HEIGHT="32" CONTENT="di" WC="0.77" CC="04"/>
						<SP ID="P19_SP00133" HPOS="432" VPOS="1233" WIDTH="19"/>
						<String ID="P19_ST00152" HPOS="451" VPOS="1189" WIDTH="141" HEIGHT="44" CONTENT="Savona)" WC="0.56" CC="0700598"/>
						<SP ID="P19_SP00134" HPOS="592" VPOS="1233" WIDTH="18"/>
						<String ID="P19_ST00153" HPOS="610" VPOS="1189" WIDTH="56" HEIGHT="33" CONTENT="che" WC="0.75" CC="330"/>
						<SP ID="P19_SP00135" HPOS="666" VPOS="1233" WIDTH="19"/>
						<String ID="P19_ST00154" HPOS="685" VPOS="1193" WIDTH="89" HEIGHT="29" CONTENT="n'era" WC="0.80" CC="60030"/>
						<SP ID="P19_SP00136" HPOS="774" VPOS="1233" WIDTH="15"/>
						<String ID="P19_ST00155" HPOS="789" VPOS="1190" WIDTH="174" HEIGHT="40" CONTENT="architetto," WC="0.54" CC="09760470553"/>
						<SP ID="P19_SP00137" HPOS="963" VPOS="1233" WIDTH="15"/>
						<String ID="P19_ST00156" HPOS="978" VPOS="1189" WIDTH="84" HEIGHT="33" CONTENT="scudi" WC="0.48" CC="07493"/>
					</TextLine>
					<TextLine ID="P19_TL00020" HPOS="111" VPOS="1249" WIDTH="347" HEIGHT="32">
						<String ID="P19_ST00157" HPOS="111" VPOS="1251" WIDTH="41" HEIGHT="30" CONTENT="26" WC="0.64" CC="15"/>
						<SP ID="P19_SP00138" HPOS="152" VPOS="1281" WIDTH="25"/>
						<String ID="P19_ST00158" HPOS="177" VPOS="1249" WIDTH="29" HEIGHT="32" CONTENT="d'" WC="0.91" CC="01"/>
						<SP ID="P19_SP00139" HPOS="206" VPOS="1281" WIDTH="16"/>
						<String ID="P19_ST00159" HPOS="222" VPOS="1261" WIDTH="58" HEIGHT="20" CONTENT="oro" WC="1.00" CC="000"/>
						<SP ID="P19_SP00140" HPOS="280" VPOS="1281" WIDTH="25"/>
						<String ID="P19_ST00160" HPOS="305" VPOS="1249" WIDTH="50" HEIGHT="32" CONTENT="del" WC="0.65" CC="054"/>
						<SP ID="P19_SP00141" HPOS="355" VPOS="1281" WIDTH="26"/>
						<String ID="P19_ST00161" HPOS="381" VPOS="1249" WIDTH="77" HEIGHT="32" CONTENT="sole." WC="0.90" CC="00400"/>
					</TextLine>
				</TextBlock>
				<TextBlock ID="P19_TB00004" HPOS="109" VPOS="1309" WIDTH="956" HEIGHT="467" STYLEREFS="TXT_1 PAR_LEFT">
					<TextLine ID="P19_TL00021" HPOS="179" VPOS="1309" WIDTH="884" HEIGHT="42">
						<String ID="P19_ST00162" HPOS="179" VPOS="1310" WIDTH="101" HEIGHT="33" CONTENT="Come" WC="0.78" CC="4400"/>
						<SP ID="P19_SP00142" HPOS="280" VPOS="1343" WIDTH="26"/>
						<String ID="P19_ST00163" HPOS="306" VPOS="1309" WIDTH="172" HEIGHT="34" CONTENT="vedemmo" WC="0.92" CC="0000004"/>
						<SP ID="P19_SP00143" HPOS="478" VPOS="1343" WIDTH="26"/>
						<String ID="P19_ST00164" HPOS="504" VPOS="1310" WIDTH="48" HEIGHT="33" CONTENT="dal" WC="0.83" CC="004"/>
						<SP ID="P19_SP00144" HPOS="552" VPOS="1343" WIDTH="27"/>
						<String ID="P19_ST00165" HPOS="579" VPOS="1319" WIDTH="193" HEIGHT="24" CONTENT="testamento" WC="0.59" CC="7000075774"/>
						<SP ID="P19_SP00145" HPOS="772" VPOS="1343" WIDTH="25"/>
						<String ID="P19_ST00166" HPOS="797" VPOS="1310" WIDTH="48" HEIGHT="34" CONTENT="del" WC="0.75" CC="007"/>
						<SP ID="P19_SP00146" HPOS="845" VPOS="1344" WIDTH="39"/>
						<String ID="P19_ST00167" HPOS="884" VPOS="1311" WIDTH="179" HEIGHT="40" CONTENT="Leonardo," WC="0.82" CC="320500013"/>
					</TextLine>
					<TextLine ID="P19_TL00022" HPOS="110" VPOS="1369" WIDTH="953" HEIGHT="47">
						<String ID="P19_ST00168" HPOS="110" VPOS="1370" WIDTH="62" HEIGHT="34" CONTENT="Gio" WC="0.83" CC="031"/>
						<SP ID="P19_SP00147" HPOS="172" VPOS="1404" WIDTH="13"/>
						<String ID="P19_ST00169" HPOS="185" VPOS="1371" WIDTH="163" HEIGHT="43" CONTENT="Agostino" WC="0.94" CC="00000400"/>
						<SP ID="P19_SP00148" HPOS="348" VPOS="1414" WIDTH="25"/>
						<String ID="P19_ST00170" HPOS="373" VPOS="1369" WIDTH="30" HEIGHT="34" CONTENT="fu" WC="0.73" CC="05"/>
						<SP ID="P19_SP00149" HPOS="403" VPOS="1414" WIDTH="27"/>
						<String ID="P19_ST00171" HPOS="430" VPOS="1383" WIDTH="65" HEIGHT="21" CONTENT="uno" WC="0.80" CC="302"/>
						<SP ID="P19_SP00150" HPOS="495" VPOS="1414" WIDTH="24"/>
						<String ID="P19_ST00172" HPOS="519" VPOS="1371" WIDTH="50" HEIGHT="33" CONTENT="dei" WC="0.90" CC="020"/>
						<SP ID="P19_SP00151" HPOS="569" VPOS="1414" WIDTH="27"/>
						<String ID="P19_ST00173" HPOS="596" VPOS="1371" WIDTH="68" HEIGHT="33" CONTENT="suoi" WC="0.72" CC="0505"/>
						<SP ID="P19_SP00152" HPOS="664" VPOS="1414" WIDTH="27"/>
						<String ID="P19_ST00174" HPOS="691" VPOS="1373" WIDTH="44" HEIGHT="31" CONTENT="sei" WC="0.76" CC="007"/>
						<SP ID="P19_SP00153" HPOS="735" VPOS="1414" WIDTH="27"/>
						<String ID="P19_ST00175" HPOS="762" VPOS="1371" WIDTH="64" HEIGHT="43" CONTENT="figli" WC="0.80" CC="22040"/>
						<SP ID="P19_SP00154" HPOS="826" VPOS="1414" WIDTH="28"/>
						<String ID="P19_ST00176" HPOS="854" VPOS="1383" WIDTH="15" HEIGHT="21" CONTENT="e" WC="1.00" CC="0"/>
						<SP ID="P19_SP00155" HPOS="869" VPOS="1414" WIDTH="31"/>
						<String ID="P19_ST00177" HPOS="900" VPOS="1384" WIDTH="116" HEIGHT="32" CONTENT="nacque" WC="0.41" CC="095926"/>
						<SP ID="P19_SP00156" HPOS="1016" VPOS="1416" WIDTH="28"/>
						<String ID="P19_ST00178" HPOS="1044" VPOS="1372" WIDTH="19" HEIGHT="32" CONTENT="il" WC="0.77" CC="04"/>
					</TextLine>
					<TextLine ID="P19_TL00023" HPOS="113" VPOS="1431" WIDTH="950" HEIGHT="44">
						<String ID="P19_ST00179" HPOS="113" VPOS="1442" WIDTH="14" HEIGHT="33" CONTENT="5" WC="0.30" CC="6"/>
						<SP ID="P19_SP00157" HPOS="127" VPOS="1475" WIDTH="28"/>
						<String ID="P19_ST00180" HPOS="155" VPOS="1431" WIDTH="168" HEIGHT="34" CONTENT="settembre" WC="0.81" CC="001003055"/>
						<SP ID="P19_SP00158" HPOS="323" VPOS="1475" WIDTH="26"/>
						<String ID="P19_ST00181" HPOS="349" VPOS="1431" WIDTH="50" HEIGHT="34" CONTENT="del" WC="1.00" CC="000"/>
						<SP ID="P19_SP00159" HPOS="399" VPOS="1475" WIDTH="31"/>
						<String ID="P19_ST00182" HPOS="430" VPOS="1442" WIDTH="95" HEIGHT="33" CONTENT="1595," WC="0.48" CC="04962"/>
						<SP ID="P19_SP00160" HPOS="525" VPOS="1475" WIDTH="26"/>
						<String ID="P19_ST00183" HPOS="551" VPOS="1443" WIDTH="92" HEIGHT="22" CONTENT="come" WC="0.82" CC="7000"/>
						<SP ID="P19_SP00161" HPOS="643" VPOS="1475" WIDTH="26"/>
						<String ID="P19_ST00184" HPOS="669" VPOS="1432" WIDTH="63" HEIGHT="43" CONTENT="egli" WC="0.57" CC="0907"/>
						<SP ID="P19_SP00162" HPOS="732" VPOS="1475" WIDTH="26"/>
						<String ID="P19_ST00185" HPOS="758" VPOS="1441" WIDTH="101" HEIGHT="24" CONTENT="stesso" WC="0.69" CC="070092"/>
						<SP ID="P19_SP00163" HPOS="859" VPOS="1475" WIDTH="26"/>
						<String ID="P19_ST00186" HPOS="885" VPOS="1433" WIDTH="98" HEIGHT="32" CONTENT="scrive" WC="0.72" CC="073005"/>
						<SP ID="P19_SP00164" HPOS="983" VPOS="1475" WIDTH="30"/>
						<String ID="P19_ST00187" HPOS="1013" VPOS="1432" WIDTH="50" HEIGHT="33" CONTENT="nel" WC="0.59" CC="605"/>
					</TextLine>
					<TextLine ID="P19_TL00024" HPOS="110" VPOS="1492" WIDTH="955" HEIGHT="44">
						<String ID="P19_ST00188" HPOS="110" VPOS="1493" WIDTH="150" HEIGHT="43" CONTENT="principio" WC="0.81" CC="050060004"/>
						<SP ID="P19_SP00165" HPOS="260" VPOS="1536" WIDTH="25"/>
						<String ID="P19_ST00189" HPOS="285" VPOS="1492" WIDTH="80" HEIGHT="34" CONTENT="della" WC="0.94" CC="00110"/>
						<SP ID="P19_SP00166" HPOS="365" VPOS="1536" WIDTH="27"/>
						<String ID="P19_ST00190" HPOS="392" VPOS="1504" WIDTH="54" HEIGHT="21" CONTENT="sua" WC="0.21" CC="939"/>
						<SP ID="P19_SP00167" HPOS="446" VPOS="1536" WIDTH="25"/>
						<String ID="P19_ST00191" HPOS="471" VPOS="1504" WIDTH="140" HEIGHT="22" CONTENT="cronaca." WC="0.76" CC="64000600"/>
						<SP ID="P19_SP00168" HPOS="611" VPOS="1536" WIDTH="27"/>
						<String ID="P19_ST00192" HPOS="638" VPOS="1493" WIDTH="95" HEIGHT="43" CONTENT="Segui" WC="0.86" CC="00015"/>
						<SP ID="P19_SP00169" HPOS="733" VPOS="1536" WIDTH="28"/>
						<String ID="P19_ST00193" HPOS="761" VPOS="1505" WIDTH="70" HEIGHT="21" CONTENT="esso" WC="0.54" CC="7604"/>
						<SP ID="P19_SP00170" HPOS="831" VPOS="1536" WIDTH="26"/>
						<String ID="P19_ST00194" HPOS="857" VPOS="1505" WIDTH="73" HEIGHT="31" CONTENT="pure" WC="0.76" CC="0450"/>
						<SP ID="P19_SP00171" HPOS="930" VPOS="1536" WIDTH="37"/>
						<String ID="P19_ST00195" HPOS="967" VPOS="1493" WIDTH="19" HEIGHT="33" CONTENT="1'" WC="0.73" CC="50"/>
						<SP ID="P19_SP00172" HPOS="986" VPOS="1536" WIDTH="15"/>
						<String ID="P19_ST00196" HPOS="1001" VPOS="1502" WIDTH="64" HEIGHT="24" CONTENT="arte" WC="0.69" CC="0074"/>
					</TextLine>
					<TextLine ID="P19_TL00025" HPOS="111" VPOS="1553" WIDTH="954" HEIGHT="44">
						<String ID="P19_ST00197" HPOS="111" VPOS="1562" WIDTH="125" HEIGHT="35" CONTENT="paterna" WC="0.76" CC="0550005"/>
						<SP ID="P19_SP00173" HPOS="236" VPOS="1597" WIDTH="34"/>
						<String ID="P19_ST00198" HPOS="270" VPOS="1554" WIDTH="29" HEIGHT="32" CONTENT="di" WC="1.00" CC="00"/>
						<SP ID="P19_SP00174" HPOS="299" VPOS="1597" WIDTH="28"/>
						<String ID="P19_ST00199" HPOS="327" VPOS="1553" WIDTH="181" HEIGHT="39" CONTENT="berrettaro," WC="0.94" CC="00000000104"/>
						<SP ID="P19_SP00175" HPOS="508" VPOS="1597" WIDTH="34"/>
						<String ID="P19_ST00200" HPOS="542" VPOS="1565" WIDTH="92" HEIGHT="21" CONTENT="come" WC="0.91" CC="1001"/>
						<SP ID="P19_SP00176" HPOS="634" VPOS="1597" WIDTH="33"/>
						<String ID="P19_ST00201" HPOS="667" VPOS="1554" WIDTH="24" HEIGHT="33" CONTENT="si" WC="0.85" CC="02"/>
						<SP ID="P19_SP00177" HPOS="691" VPOS="1597" WIDTH="32"/>
						<String ID="P19_ST00202" HPOS="723" VPOS="1553" WIDTH="94" HEIGHT="33" CONTENT="rileva" WC="0.89" CC="060000"/>
						<SP ID="P19_SP00178" HPOS="817" VPOS="1597" WIDTH="26"/>
						<String ID="P19_ST00203" HPOS="843" VPOS="1554" WIDTH="48" HEIGHT="33" CONTENT="dal" WC="0.73" CC="071"/>
						<SP ID="P19_SP00179" HPOS="891" VPOS="1597" WIDTH="31"/>
						<String ID="P19_ST00204" HPOS="922" VPOS="1562" WIDTH="143" HEIGHT="25" CONTENT="contesto" WC="0.83" CC="60060000"/>
					</TextLine>
					<TextLine ID="P19_TL00026" HPOS="110" VPOS="1614" WIDTH="955" HEIGHT="44">
						<String ID="P19_ST00205" HPOS="110" VPOS="1614" WIDTH="80" HEIGHT="34" CONTENT="della" WC="0.90" CC="00040"/>
						<SP ID="P19_SP00180" HPOS="190" VPOS="1648" WIDTH="26"/>
						<String ID="P19_ST00206" HPOS="216" VPOS="1627" WIDTH="53" HEIGHT="21" CONTENT="sua" WC="0.87" CC="030"/>
						<SP ID="P19_SP00181" HPOS="269" VPOS="1648" WIDTH="26"/>
						<String ID="P19_ST00207" HPOS="295" VPOS="1615" WIDTH="191" HEIGHT="41" CONTENT="narrazione," WC="0.60" CC="87550704400"/>
						<SP ID="P19_SP00182" HPOS="486" VPOS="1656" WIDTH="28"/>
						<String ID="P19_ST00208" HPOS="514" VPOS="1627" WIDTH="16" HEIGHT="21" CONTENT="e" WC="1.00" CC="0"/>
						<SP ID="P19_SP00183" HPOS="530" VPOS="1656" WIDTH="30"/>
						<String ID="P19_ST00209" HPOS="560" VPOS="1615" WIDTH="37" HEIGHT="33" CONTENT="da" WC="0.07" CC="89"/>
						<SP ID="P19_SP00184" HPOS="597" VPOS="1656" WIDTH="27"/>
						<String ID="P19_ST00210" HPOS="624" VPOS="1615" WIDTH="53" HEIGHT="33" CONTENT="atti" WC="0.53" CC="9502"/>
						<SP ID="P19_SP00185" HPOS="677" VPOS="1656" WIDTH="26"/>
						<String ID="P19_ST00211" HPOS="703" VPOS="1614" WIDTH="30" HEIGHT="34" CONTENT="di" WC="1.00" CC="00"/>
						<SP ID="P19_SP00186" HPOS="733" VPOS="1656" WIDTH="27"/>
						<String ID="P19_ST00212" HPOS="760" VPOS="1627" WIDTH="126" HEIGHT="31" CONTENT="compra" WC="0.78" CC="750000"/>
						<SP ID="P19_SP00187" HPOS="886" VPOS="1658" WIDTH="35"/>
						<String ID="P19_ST00213" HPOS="921" VPOS="1614" WIDTH="73" HEIGHT="33" CONTENT="fatta" WC="0.54" CC="09076"/>
						<SP ID="P19_SP00188" HPOS="994" VPOS="1658" WIDTH="33"/>
						<String ID="P19_ST00214" HPOS="1027" VPOS="1615" WIDTH="38" HEIGHT="32" CONTENT="da" WC="0.69" CC="06"/>
					</TextLine>
					<TextLine ID="P19_TL00027" HPOS="110" VPOS="1676" WIDTH="955" HEIGHT="43">
						<String ID="P19_ST00215" HPOS="110" VPOS="1676" WIDTH="42" HEIGHT="33" CONTENT="lui" WC="0.76" CC="024"/>
						<SP ID="P19_SP00189" HPOS="152" VPOS="1709" WIDTH="18"/>
						<String ID="P19_ST00216" HPOS="170" VPOS="1676" WIDTH="29" HEIGHT="33" CONTENT="di" WC="1.00" CC="00"/>
						<SP ID="P19_SP00190" HPOS="199" VPOS="1709" WIDTH="19"/>
						<String ID="P19_ST00217" HPOS="218" VPOS="1684" WIDTH="80" HEIGHT="25" CONTENT="terre" WC="0.65" CC="60550"/>
						<SP ID="P19_SP00191" HPOS="298" VPOS="1709" WIDTH="18"/>
						<String ID="P19_ST00218" HPOS="316" VPOS="1677" WIDTH="57" HEIGHT="32" CONTENT="site" WC="0.80" CC="0070"/>
						<SP ID="P19_SP00192" HPOS="373" VPOS="1709" WIDTH="19"/>
						<String ID="P19_ST00219" HPOS="392" VPOS="1677" WIDTH="30" HEIGHT="32" CONTENT="in" WC="0.62" CC="33"/>
						<SP ID="P19_SP00193" HPOS="422" VPOS="1709" WIDTH="19"/>
						<String ID="P19_ST00220" HPOS="441" VPOS="1676" WIDTH="89" HEIGHT="33" CONTENT="Valle" WC="0.73" CC="70023"/>
						<SP ID="P19_SP00194" HPOS="530" VPOS="1709" WIDTH="17"/>
						<String ID="P19_ST00221" HPOS="547" VPOS="1676" WIDTH="30" HEIGHT="33" CONTENT="S." WC="0.88" CC="02"/>
						<SP ID="P19_SP00195" HPOS="577" VPOS="1709" WIDTH="20"/>
						<String ID="P19_ST00222" HPOS="597" VPOS="1676" WIDTH="160" HEIGHT="33" CONTENT="Bernardo" WC="0.74" CC="37106000"/>
						<SP ID="P19_SP00196" HPOS="757" VPOS="1709" WIDTH="11"/>
						<String ID="P19_ST00223" HPOS="768" VPOS="1689" WIDTH="6" HEIGHT="19" CONTENT=":" WC="0.56" CC="4"/>
						<SP ID="P19_SP00197" HPOS="774" VPOS="1709" WIDTH="19"/>
						<String ID="P19_ST00224" HPOS="793" VPOS="1685" WIDTH="79" HEIGHT="23" CONTENT="terre" WC="0.79" CC="00090"/>
						<SP ID="P19_SP00198" HPOS="872" VPOS="1709" WIDTH="23"/>
						<String ID="P19_ST00225" HPOS="895" VPOS="1677" WIDTH="170" HEIGHT="42" CONTENT="acquistate" WC="0.64" CC="0709500650"/>
					</TextLine>
					<TextLine ID="P19_TL00028" HPOS="111" VPOS="1736" WIDTH="954" HEIGHT="40">
						<String ID="P19_ST00226" HPOS="111" VPOS="1737" WIDTH="37" HEIGHT="35" CONTENT="da" WC="0.64" CC="07"/>
						<SP ID="P19_SP00199" HPOS="148" VPOS="1772" WIDTH="18"/>
						<String ID="P19_ST00227" HPOS="166" VPOS="1736" WIDTH="172" HEIGHT="35" CONTENT="Arbissone" WC="0.86" CC="040000015"/>
						<SP ID="P19_SP00200" HPOS="338" VPOS="1772" WIDTH="19"/>
						<String ID="P19_ST00228" HPOS="357" VPOS="1737" WIDTH="127" HEIGHT="39" CONTENT="Socino," WC="0.81" CC="0070302"/>
						<SP ID="P19_SP00201" HPOS="484" VPOS="1776" WIDTH="19"/>
						<String ID="P19_ST00229" HPOS="503" VPOS="1736" WIDTH="39" HEIGHT="35" CONTENT="da" WC="0.70" CC="05"/>
						<SP ID="P19_SP00202" HPOS="542" VPOS="1776" WIDTH="18"/>
						<String ID="P19_ST00230" HPOS="560" VPOS="1736" WIDTH="157" HEIGHT="34" CONTENT="Marinola" WC="0.76" CC="07000216"/>
						<SP ID="P19_SP00203" HPOS="717" VPOS="1776" WIDTH="18"/>
						<String ID="P19_ST00231" HPOS="735" VPOS="1748" WIDTH="16" HEIGHT="22" CONTENT="e" WC="0.86" CC="1"/>
						<SP ID="P19_SP00204" HPOS="751" VPOS="1776" WIDTH="18"/>
						<String ID="P19_ST00232" HPOS="769" VPOS="1736" WIDTH="38" HEIGHT="34" CONTENT="da" WC="0.28" CC="77"/>
						<SP ID="P19_SP00205" HPOS="807" VPOS="1776" WIDTH="19"/>
						<String ID="P19_ST00233" HPOS="826" VPOS="1736" WIDTH="128" HEIGHT="36" CONTENT="Battista" WC="0.62" CC="07545006"/>
						<SP ID="P19_SP00206" HPOS="954" VPOS="1776" WIDTH="20"/>
						<String ID="P19_ST00234" HPOS="974" VPOS="1736" WIDTH="91" HEIGHT="34" CONTENT="Botta" WC="0.51" CC="55814"/>
					</TextLine>
				</TextBlock>
			</PrintSpace>
		</Page>
	</Layout>
</alto>
