<?xml version="1.0" encoding="UTF-8"?>
<alto xmlns:xsi="http://www.w3.org/2001/XMLSchema-instance" xsi:noNamespaceSchemaLocation="http://www.bl.uk/schemas/alto/alto-1-4.xsd" xmlns:xlink="http://www.w3.org/1999/xlink">
	<Description>
		<MeasurementUnit>mm10</MeasurementUnit>
		<sourceImageInformation>
			<fileName>//head1/IN/2008-29/A0011808733/000558.jp2</fileName>
		</sourceImageInformation>
		<OCRProcessing ID="OCRPROCESSING_1">
			<preProcessingStep>
				<processingSoftware>
					<softwareCreator>CCS Content Conversion Specialists GmbH, Germany</softwareCreator>
					<softwareName>CCS docWORKS</softwareName>
					<softwareVersion>6.1-0.67</softwareVersion>
				</processingSoftware>
			</preProcessingStep>
			<ocrProcessingStep>
				<processingSoftware>
					<softwareCreator>ABBYY (BIT Software), Russia</softwareCreator>
					<softwareName>Finereader</softwareName>
				</processingSoftware>
			</ocrProcessingStep>
		</OCRProcessing>
	</Description>
	<Styles>
		<TextStyle ID="TXT_0" FONTSIZE="11" FONTFAMILY="Courier New"/>
		<TextStyle ID="TXT_1" FONTSIZE="9" FONTFAMILY="Courier New"/>
		<ParagraphStyle ID="PAR_LEFT" ALIGN="Left"/>
	</Styles>
	<Layout>
		<Page ID="P304" PHYSICAL_IMG_NR="304" HEIGHT="2078" WIDTH="1373" PRINTED_IMG_NR="290" POSITION="Left" ACCURACY="70.19">
			<TopMargin ID="P304_TM00001" HPOS="0" VPOS="0" WIDTH="1373" HEIGHT="111">
				<TextBlock ID="P304_TB00001" HPOS="277" VPOS="82" WIDTH="53" HEIGHT="28" STYLEREFS="TXT_0 PAR_LEFT">
					<TextLine ID="P304_TL00001" HPOS="277" VPOS="82" WIDTH="53" HEIGHT="28">
						<String ID="P304_ST00001" HPOS="277" VPOS="82" WIDTH="53" HEIGHT="28" CONTENT="290" WC="1.00" CC="000"/>
					</TextLine>
				</TextBlock>
			</TopMargin>
			<LeftMargin ID="P304_LM00001" HPOS="0" VPOS="111" WIDTH="272" HEIGHT="1612"/>
			<RightMargin ID="P304_RM00001" HPOS="1227" VPOS="111" WIDTH="146" HEIGHT="1612"/>
			<BottomMargin ID="P304_BM00001" HPOS="0" VPOS="1723" WIDTH="1373" HEIGHT="354"/>
			<PrintSpace ID="P304_PS00001" HPOS="272" VPOS="111" WIDTH="955" HEIGHT="1612">
				<TextBlock ID="P304_TB00002" HPOS="275" VPOS="130" WIDTH="949" HEIGHT="90" STYLEREFS="TXT_1 PAR_LEFT">
					<TextLine ID="P304_TL00002" HPOS="275" VPOS="131" WIDTH="949" HEIGHT="40">
						<String ID="P304_ST00002" HPOS="275" VPOS="135" WIDTH="26" HEIGHT="28" CONTENT="lo" WC="0.77" CC="40"/>
						<SP ID="P304_SP00001" HPOS="301" VPOS="163" WIDTH="21"/>
						<String ID="P304_ST00003" HPOS="322" VPOS="135" WIDTH="107" HEIGHT="36" CONTENT="podestà" WC="0.43" CC="0806977"/>
						<SP ID="P304_SP00002" HPOS="429" VPOS="171" WIDTH="22"/>
						<String ID="P304_ST00004" HPOS="451" VPOS="133" WIDTH="48" HEIGHT="28" CONTENT="ebe" WC="0.75" CC="070"/>
						<SP ID="P304_SP00003" HPOS="499" VPOS="171" WIDTH="22"/>
						<String ID="P304_ST00005" HPOS="521" VPOS="133" WIDTH="141" HEIGHT="37" CONTENT="capitulato" WC="0.39" CC="7776377605"/>
						<SP ID="P304_SP00004" HPOS="662" VPOS="171" WIDTH="21"/>
						<String ID="P304_ST00006" HPOS="683" VPOS="143" WIDTH="14" HEIGHT="17" CONTENT="e" WC="1.00" CC="0"/>
						<SP ID="P304_SP00005" HPOS="697" VPOS="171" WIDTH="16"/>
						<String ID="P304_ST00007" HPOS="713" VPOS="140" WIDTH="60" HEIGHT="20" CONTENT="auto" WC="0.36" CC="7593"/>
						<SP ID="P304_SP00006" HPOS="773" VPOS="171" WIDTH="13"/>
						<String ID="P304_ST00008" HPOS="786" VPOS="131" WIDTH="164" HEIGHT="29" CONTENT="lobediencia" WC="0.52" CC="80807532646"/>
						<SP ID="P304_SP00007" HPOS="950" VPOS="171" WIDTH="14"/>
						<String ID="P304_ST00009" HPOS="964" VPOS="131" WIDTH="32" HEIGHT="29" CONTENT="de" WC="0.32" CC="93"/>
						<SP ID="P304_SP00008" HPOS="996" VPOS="171" WIDTH="14"/>
						<String ID="P304_ST00010" HPOS="1010" VPOS="133" WIDTH="49" HEIGHT="27" CONTENT="tuti" WC="0.65" CC="7310"/>
						<SP ID="P304_SP00009" HPOS="1059" VPOS="171" WIDTH="15"/>
						<String ID="P304_ST00011" HPOS="1074" VPOS="141" WIDTH="32" HEIGHT="18" CONTENT="ne" WC="0.86" CC="20"/>
						<SP ID="P304_SP00010" HPOS="1106" VPOS="171" WIDTH="17"/>
						<String ID="P304_ST00012" HPOS="1123" VPOS="131" WIDTH="101" HEIGHT="28" CONTENT="ritorno" WC="0.52" CC="7109247"/>
					</TextLine>
					<TextLine ID="P304_TL00003" HPOS="279" VPOS="193" WIDTH="118" HEIGHT="27">
						<String ID="P304_ST00013" HPOS="279" VPOS="194" WIDTH="11" HEIGHT="17" CONTENT="a" WC="0.27" CC="7"/>
						<SP ID="P304_SP00011" HPOS="290" VPOS="211" WIDTH="22"/>
						<String ID="P304_ST00014" HPOS="312" VPOS="193" WIDTH="85" HEIGHT="27" CONTENT="genoa" WC="0.70" CC="04630"/>
					</TextLine>
				</TextBlock>
				<TextBlock ID="P304_TB00003" HPOS="274" VPOS="228" WIDTH="952" HEIGHT="235" STYLEREFS="TXT_1 PAR_LEFT">
					<TextLine ID="P304_TL00004" HPOS="331" VPOS="228" WIDTH="895" HEIGHT="40">
						<String ID="P304_ST00015" HPOS="331" VPOS="232" WIDTH="20" HEIGHT="28" CONTENT="E" WC="0.62" CC="3"/>
						<SP ID="P304_SP00012" HPOS="351" VPOS="260" WIDTH="22"/>
						<String ID="P304_ST00016" HPOS="373" VPOS="232" WIDTH="71" HEIGHT="28" CONTENT="NEL" WC="0.63" CC="064"/>
						<SP ID="P304_SP00013" HPOS="444" VPOS="260" WIDTH="22"/>
						<String ID="P304_ST00017" HPOS="466" VPOS="231" WIDTH="79" HEIGHT="29" CONTENT="ANO" WC="1.00" CC="000"/>
						<SP ID="P304_SP00014" HPOS="545" VPOS="260" WIDTH="23"/>
						<String ID="P304_ST00018" HPOS="568" VPOS="232" WIDTH="31" HEIGHT="27" CONTENT="de" WC="0.98" CC="00"/>
						<SP ID="P304_SP00015" HPOS="599" VPOS="260" WIDTH="26"/>
						<String ID="P304_ST00019" HPOS="625" VPOS="241" WIDTH="66" HEIGHT="27" CONTENT="1253" WC="0.66" CC="0840"/>
						<SP ID="P304_SP00016" HPOS="691" VPOS="268" WIDTH="24"/>
						<String ID="P304_ST00020" HPOS="715" VPOS="231" WIDTH="100" HEIGHT="28" CONTENT="esendo" WC="0.98" CC="000000"/>
						<SP ID="P304_SP00017" HPOS="815" VPOS="268" WIDTH="30"/>
						<String ID="P304_ST00021" HPOS="845" VPOS="231" WIDTH="68" HEIGHT="28" CONTENT="finiti" WC="0.76" CC="003423"/>
						<SP ID="P304_SP00018" HPOS="913" VPOS="268" WIDTH="29"/>
						<String ID="P304_ST00022" HPOS="942" VPOS="232" WIDTH="19" HEIGHT="26" CONTENT="li" WC="0.70" CC="05"/>
						<SP ID="P304_SP00019" HPOS="961" VPOS="268" WIDTH="30"/>
						<String ID="P304_ST00023" HPOS="991" VPOS="230" WIDTH="45" HEIGHT="28" CONTENT="doi" WC="0.99" CC="000"/>
						<SP ID="P304_SP00020" HPOS="1036" VPOS="268" WIDTH="31"/>
						<String ID="P304_ST00024" HPOS="1067" VPOS="230" WIDTH="42" HEIGHT="27" CONTENT="ani" WC="0.32" CC="666"/>
						<SP ID="P304_SP00021" HPOS="1109" VPOS="268" WIDTH="31"/>
						<String ID="P304_ST00025" HPOS="1140" VPOS="229" WIDTH="31" HEIGHT="27" CONTENT="de" WC="0.61" CC="51"/>
						<SP ID="P304_SP00022" HPOS="1171" VPOS="268" WIDTH="31"/>
						<String ID="P304_ST00026" HPOS="1202" VPOS="228" WIDTH="24" HEIGHT="28" CONTENT="le" WC="0.76" CC="40"/>
					</TextLine>
					<TextLine ID="P304_TL00005" HPOS="274" VPOS="277" WIDTH="952" HEIGHT="39">
						<String ID="P304_ST00027" HPOS="274" VPOS="282" WIDTH="177" HEIGHT="27" CONTENT="convencioni" WC="0.58" CC="72804810156"/>
						<SP ID="P304_SP00023" HPOS="451" VPOS="309" WIDTH="23"/>
						<String ID="P304_ST00028" HPOS="474" VPOS="281" WIDTH="50" HEIGHT="27" CONTENT="fate" WC="0.52" CC="3725"/>
						<SP ID="P304_SP00024" HPOS="524" VPOS="309" WIDTH="21"/>
						<String ID="P304_ST00029" HPOS="545" VPOS="281" WIDTH="61" HEIGHT="26" CONTENT="lano" WC="0.25" CC="5769"/>
						<SP ID="P304_SP00025" HPOS="606" VPOS="309" WIDTH="22"/>
						<String ID="P304_ST00030" HPOS="628" VPOS="281" WIDTH="32" HEIGHT="28" CONTENT="de" WC="1.00" CC="00"/>
						<SP ID="P304_SP00026" HPOS="660" VPOS="309" WIDTH="26"/>
						<String ID="P304_ST00031" HPOS="686" VPOS="289" WIDTH="63" HEIGHT="27" CONTENT="1251" WC="0.55" CC="6055"/>
						<SP ID="P304_SP00027" HPOS="749" VPOS="316" WIDTH="25"/>
						<String ID="P304_ST00032" HPOS="774" VPOS="281" WIDTH="51" HEIGHT="27" CONTENT="dali" WC="0.67" CC="0705"/>
						<SP ID="P304_SP00028" HPOS="825" VPOS="316" WIDTH="21"/>
						<String ID="P304_ST00033" HPOS="846" VPOS="280" WIDTH="110" HEIGHT="36" CONTENT="genoezi" WC="0.76" CC="0083004"/>
						<SP ID="P304_SP00029" HPOS="956" VPOS="316" WIDTH="21"/>
						<String ID="P304_ST00034" HPOS="977" VPOS="289" WIDTH="14" HEIGHT="17" CONTENT="e" WC="1.00" CC="0"/>
						<SP ID="P304_SP00030" HPOS="991" VPOS="316" WIDTH="28"/>
						<String ID="P304_ST00035" HPOS="1019" VPOS="280" WIDTH="105" HEIGHT="26" CONTENT="saonezi" WC="0.71" CC="1007613"/>
						<SP ID="P304_SP00031" HPOS="1124" VPOS="316" WIDTH="24"/>
						<String ID="P304_ST00036" HPOS="1148" VPOS="279" WIDTH="26" HEIGHT="26" CONTENT="in" WC="1.00" CC="00"/>
						<SP ID="P304_SP00032" HPOS="1174" VPOS="316" WIDTH="29"/>
						<String ID="P304_ST00037" HPOS="1203" VPOS="277" WIDTH="23" HEIGHT="27" CONTENT="le" WC="0.82" CC="30"/>
					</TextLine>
					<TextLine ID="P304_TL00006" HPOS="275" VPOS="327" WIDTH="951" HEIGHT="39">
						<String ID="P304_ST00038" HPOS="275" VPOS="331" WIDTH="70" HEIGHT="35" CONTENT="quali" WC="0.34" CC="98904"/>
						<SP ID="P304_SP00033" HPOS="345" VPOS="366" WIDTH="23"/>
						<String ID="P304_ST00039" HPOS="368" VPOS="330" WIDTH="178" HEIGHT="27" CONTENT="convencioni" WC="0.60" CC="24402655066"/>
						<SP ID="P304_SP00034" HPOS="546" VPOS="366" WIDTH="22"/>
						<String ID="P304_ST00040" HPOS="568" VPOS="340" WIDTH="26" HEIGHT="16" CONTENT="se" WC="0.85" CC="02"/>
						<SP ID="P304_SP00035" HPOS="594" VPOS="366" WIDTH="23"/>
						<String ID="P304_ST00041" HPOS="617" VPOS="337" WIDTH="146" HEIGHT="20" CONTENT="conteneva" WC="0.45" CC="796566007"/>
						<SP ID="P304_SP00036" HPOS="763" VPOS="366" WIDTH="21"/>
						<String ID="P304_ST00042" HPOS="784" VPOS="329" WIDTH="48" HEIGHT="27" CONTENT="che" WC="0.60" CC="352"/>
						<SP ID="P304_SP00037" HPOS="832" VPOS="366" WIDTH="21"/>
						<String ID="P304_ST00043" HPOS="853" VPOS="328" WIDTH="55" HEIGHT="28" CONTENT="fuse" WC="0.65" CC="0525"/>
						<SP ID="P304_SP00038" HPOS="908" VPOS="366" WIDTH="15"/>
						<String ID="P304_ST00044" HPOS="923" VPOS="330" WIDTH="26" HEIGHT="25" CONTENT="in" WC="0.85" CC="02"/>
						<SP ID="P304_SP00039" HPOS="949" VPOS="366" WIDTH="15"/>
						<String ID="P304_ST00045" HPOS="964" VPOS="328" WIDTH="91" HEIGHT="27" CONTENT="libertà" WC="0.64" CC="1072760"/>
						<SP ID="P304_SP00040" HPOS="1055" VPOS="366" WIDTH="15"/>
						<String ID="P304_ST00046" HPOS="1070" VPOS="327" WIDTH="32" HEIGHT="27" CONTENT="de" WC="0.69" CC="60"/>
						<SP ID="P304_SP00041" HPOS="1102" VPOS="366" WIDTH="15"/>
						<String ID="P304_ST00047" HPOS="1117" VPOS="327" WIDTH="109" HEIGHT="37" CONTENT="genoezi" WC="0.85" CC="0270000"/>
					</TextLine>
					<TextLine ID="P304_TL00007" HPOS="278" VPOS="376" WIDTH="948" HEIGHT="40">
						<String ID="P304_ST00048" HPOS="278" VPOS="380" WIDTH="47" HEIGHT="26" CONTENT="che" WC="0.26" CC="767"/>
						<SP ID="P304_SP00042" HPOS="325" VPOS="406" WIDTH="21"/>
						<String ID="P304_ST00049" HPOS="346" VPOS="387" WIDTH="91" HEIGHT="29" CONTENT="pasato" WC="0.64" CC="746020"/>
						<SP ID="P304_SP00043" HPOS="437" VPOS="416" WIDTH="21"/>
						<String ID="P304_ST00050" HPOS="458" VPOS="379" WIDTH="48" HEIGHT="26" CONTENT="che" WC="0.56" CC="670"/>
						<SP ID="P304_SP00044" HPOS="506" VPOS="416" WIDTH="23"/>
						<String ID="P304_ST00051" HPOS="529" VPOS="378" WIDTH="56" HEIGHT="28" CONTENT="fuse" WC="0.69" CC="0840"/>
						<SP ID="P304_SP00045" HPOS="585" VPOS="416" WIDTH="22"/>
						<String ID="P304_ST00052" HPOS="607" VPOS="378" WIDTH="45" HEIGHT="28" CONTENT="doi" WC="0.90" CC="002"/>
						<SP ID="P304_SP00046" HPOS="652" VPOS="416" WIDTH="21"/>
						<String ID="P304_ST00053" HPOS="673" VPOS="379" WIDTH="43" HEIGHT="26" CONTENT="ani" WC="0.83" CC="040"/>
						<SP ID="P304_SP00047" HPOS="716" VPOS="416" WIDTH="20"/>
						<String ID="P304_ST00054" HPOS="736" VPOS="378" WIDTH="48" HEIGHT="27" CONTENT="che" WC="0.66" CC="360"/>
						<SP ID="P304_SP00048" HPOS="784" VPOS="416" WIDTH="25"/>
						<String ID="P304_ST00055" HPOS="809" VPOS="377" WIDTH="56" HEIGHT="28" CONTENT="fuse" WC="0.82" CC="0600"/>
						<SP ID="P304_SP00049" HPOS="865" VPOS="416" WIDTH="28"/>
						<String ID="P304_ST00056" HPOS="893" VPOS="378" WIDTH="27" HEIGHT="26" CONTENT="in" WC="0.41" CC="47"/>
						<SP ID="P304_SP00050" HPOS="920" VPOS="416" WIDTH="27"/>
						<String ID="P304_ST00057" HPOS="947" VPOS="387" WIDTH="82" HEIGHT="17" CONTENT="mano" WC="1.00" CC="0000"/>
						<SP ID="P304_SP00051" HPOS="1029" VPOS="416" WIDTH="27"/>
						<String ID="P304_ST00058" HPOS="1056" VPOS="376" WIDTH="32" HEIGHT="28" CONTENT="de" WC="1.00" CC="00"/>
						<SP ID="P304_SP00052" HPOS="1088" VPOS="416" WIDTH="28"/>
						<String ID="P304_ST00059" HPOS="1116" VPOS="377" WIDTH="110" HEIGHT="36" CONTENT="genoezi" WC="0.90" CC="0050001"/>
					</TextLine>
					<TextLine ID="P304_TL00008" HPOS="275" VPOS="425" WIDTH="951" HEIGHT="38">
						<String ID="P304_ST00060" HPOS="275" VPOS="429" WIDTH="32" HEIGHT="26" CONTENT="de" WC="0.50" CC="90"/>
						<SP ID="P304_SP00053" HPOS="307" VPOS="455" WIDTH="22"/>
						<String ID="P304_ST00061" HPOS="329" VPOS="435" WIDTH="89" HEIGHT="28" CONTENT="potere" WC="0.72" CC="006036"/>
						<SP ID="P304_SP00054" HPOS="418" VPOS="463" WIDTH="22"/>
						<String ID="P304_ST00062" HPOS="440" VPOS="428" WIDTH="82" HEIGHT="27" CONTENT="lasare" WC="0.32" CC="687890"/>
						<SP ID="P304_SP00055" HPOS="522" VPOS="463" WIDTH="22"/>
						<String ID="P304_ST00063" HPOS="544" VPOS="428" WIDTH="22" HEIGHT="26" CONTENT="la" WC="0.50" CC="27"/>
						<SP ID="P304_SP00056" HPOS="566" VPOS="463" WIDTH="23"/>
						<String ID="P304_ST00064" HPOS="589" VPOS="428" WIDTH="50" HEIGHT="27" CONTENT="cita" WC="0.50" CC="5409"/>
						<SP ID="P304_SP00057" HPOS="639" VPOS="463" WIDTH="21"/>
						<String ID="P304_ST00065" HPOS="660" VPOS="427" WIDTH="25" HEIGHT="28" CONTENT="di" WC="0.73" CC="05"/>
						<SP ID="P304_SP00058" HPOS="685" VPOS="463" WIDTH="21"/>
						<String ID="P304_ST00066" HPOS="706" VPOS="436" WIDTH="80" HEIGHT="18" CONTENT="saona" WC="0.60" CC="07209"/>
						<SP ID="P304_SP00059" HPOS="786" VPOS="463" WIDTH="15"/>
						<String ID="P304_ST00067" HPOS="801" VPOS="436" WIDTH="51" HEIGHT="18" CONTENT="con" WC="0.60" CC="506"/>
						<SP ID="P304_SP00060" HPOS="852" VPOS="463" WIDTH="15"/>
						<String ID="P304_ST00068" HPOS="867" VPOS="436" WIDTH="46" HEIGHT="17" CONTENT="sue" WC="1.00" CC="000"/>
						<SP ID="P304_SP00061" HPOS="913" VPOS="463" WIDTH="12"/>
						<String ID="P304_ST00069" HPOS="925" VPOS="436" WIDTH="109" HEIGHT="27" CONTENT="murage" WC="0.72" CC="412700"/>
						<SP ID="P304_SP00062" HPOS="1034" VPOS="463" WIDTH="15"/>
						<String ID="P304_ST00070" HPOS="1049" VPOS="436" WIDTH="14" HEIGHT="17" CONTENT="e" WC="0.93" CC="0"/>
						<SP ID="P304_SP00063" HPOS="1063" VPOS="463" WIDTH="14"/>
						<String ID="P304_ST00071" HPOS="1077" VPOS="425" WIDTH="52" HEIGHT="28" CONTENT="fosi" WC="0.93" CC="0010"/>
						<SP ID="P304_SP00064" HPOS="1129" VPOS="463" WIDTH="13"/>
						<String ID="P304_ST00072" HPOS="1142" VPOS="426" WIDTH="84" HEIGHT="27" CONTENT="intere" WC="0.97" CC="010000"/>
					</TextLine>
				</TextBlock>
				<TextBlock ID="P304_TB00004" HPOS="273" VPOS="474" WIDTH="953" HEIGHT="381" STYLEREFS="TXT_1 PAR_LEFT">
					<TextLine ID="P304_TL00009" HPOS="344" VPOS="474" WIDTH="882" HEIGHT="40">
						<String ID="P304_ST00073" HPOS="344" VPOS="486" WIDTH="41" HEIGHT="18" CONTENT="ero" WC="0.65" CC="163"/>
						<SP ID="P304_SP00065" HPOS="385" VPOS="504" WIDTH="32"/>
						<String ID="P304_ST00074" HPOS="417" VPOS="476" WIDTH="31" HEIGHT="27" CONTENT="de" WC="0.85" CC="02"/>
						<SP ID="P304_SP00066" HPOS="448" VPOS="504" WIDTH="32"/>
						<String ID="P304_ST00075" HPOS="480" VPOS="486" WIDTH="90" HEIGHT="27" CONTENT="potere" WC="0.60" CC="976000"/>
						<SP ID="P304_SP00067" HPOS="570" VPOS="513" WIDTH="29"/>
						<String ID="P304_ST00076" HPOS="599" VPOS="478" WIDTH="118" HEIGHT="36" CONTENT="spianare" WC="0.80" CC="70404000"/>
						<SP ID="P304_SP00068" HPOS="717" VPOS="514" WIDTH="27"/>
						<String ID="P304_ST00077" HPOS="744" VPOS="477" WIDTH="22" HEIGHT="26" CONTENT="le" WC="0.66" CC="60"/>
						<SP ID="P304_SP00069" HPOS="766" VPOS="514" WIDTH="27"/>
						<String ID="P304_ST00078" HPOS="793" VPOS="476" WIDTH="117" HEIGHT="37" CONTENT="muragie" WC="0.47" CC="4087960"/>
						<SP ID="P304_SP00070" HPOS="910" VPOS="514" WIDTH="26"/>
						<String ID="P304_ST00079" HPOS="936" VPOS="486" WIDTH="13" HEIGHT="16" CONTENT="e" WC="0.37" CC="6"/>
						<SP ID="P304_SP00071" HPOS="949" VPOS="514" WIDTH="28"/>
						<String ID="P304_ST00080" HPOS="977" VPOS="476" WIDTH="85" HEIGHT="36" CONTENT="inpire" WC="0.79" CC="280100"/>
						<SP ID="P304_SP00072" HPOS="1062" VPOS="514" WIDTH="27"/>
						<String ID="P304_ST00081" HPOS="1089" VPOS="475" WIDTH="17" HEIGHT="27" CONTENT="li" WC="0.72" CC="05"/>
						<SP ID="P304_SP00073" HPOS="1106" VPOS="514" WIDTH="25"/>
						<String ID="P304_ST00082" HPOS="1131" VPOS="474" WIDTH="51" HEIGHT="28" CONTENT="fosi" WC="0.81" CC="0501"/>
						<SP ID="P304_SP00074" HPOS="1182" VPOS="514" WIDTH="27"/>
						<String ID="P304_ST00083" HPOS="1209" VPOS="474" WIDTH="17" HEIGHT="27" CONTENT="li" WC="0.86" CC="20"/>
					</TextLine>
					<TextLine ID="P304_TL00010" HPOS="328" VPOS="524" WIDTH="898" HEIGHT="39">
						<String ID="P304_ST00084" HPOS="328" VPOS="538" WIDTH="1" HEIGHT="14" CONTENT="1" WC="0.33" CC="6"/>
						<SP ID="P304_SP00075" HPOS="329" VPOS="552" WIDTH="17"/>
						<String ID="P304_ST00085" HPOS="346" VPOS="527" WIDTH="36" HEIGHT="26" CONTENT="ezi" WC="0.64" CC="613"/>
						<SP ID="P304_SP00076" HPOS="382" VPOS="553" WIDTH="21"/>
						<String ID="P304_ST00086" HPOS="403" VPOS="526" WIDTH="25" HEIGHT="27" CONTENT="lo" WC="0.84" CC="03"/>
						<SP ID="P304_SP00077" HPOS="428" VPOS="553" WIDTH="21"/>
						<String ID="P304_ST00087" HPOS="449" VPOS="534" WIDTH="121" HEIGHT="29" CONTENT="prezente" WC="0.43" CC="09670848"/>
						<SP ID="P304_SP00078" HPOS="570" VPOS="563" WIDTH="22"/>
						<String ID="P304_ST00088" HPOS="592" VPOS="536" WIDTH="51" HEIGHT="17" CONTENT="ano" WC="0.72" CC="080"/>
						<SP ID="P304_SP00079" HPOS="643" VPOS="563" WIDTH="25"/>
						<String ID="P304_ST00089" HPOS="668" VPOS="525" WIDTH="31" HEIGHT="28" CONTENT="de" WC="1.00" CC="00"/>
						<SP ID="P304_SP00080" HPOS="699" VPOS="563" WIDTH="29"/>
						<String ID="P304_ST00090" HPOS="728" VPOS="535" WIDTH="67" HEIGHT="27" CONTENT="1253" WC="0.72" CC="0406"/>
						<SP ID="P304_SP00081" HPOS="795" VPOS="563" WIDTH="26"/>
						<String ID="P304_ST00091" HPOS="821" VPOS="535" WIDTH="52" HEIGHT="17" CONTENT="ano" WC="0.45" CC="717"/>
						<SP ID="P304_SP00082" HPOS="873" VPOS="563" WIDTH="27"/>
						<String ID="P304_ST00092" HPOS="900" VPOS="525" WIDTH="53" HEIGHT="27" CONTENT="fato" WC="1.00" CC="0000"/>
						<SP ID="P304_SP00083" HPOS="953" VPOS="563" WIDTH="28"/>
						<String ID="P304_ST00093" HPOS="981" VPOS="526" WIDTH="84" HEIGHT="35" CONTENT="inpire" WC="0.74" CC="160070"/>
						<SP ID="P304_SP00084" HPOS="1065" VPOS="563" WIDTH="26"/>
						<String ID="P304_ST00094" HPOS="1091" VPOS="525" WIDTH="17" HEIGHT="26" CONTENT="li" WC="0.62" CC="51"/>
						<SP ID="P304_SP00085" HPOS="1108" VPOS="563" WIDTH="24"/>
						<String ID="P304_ST00095" HPOS="1132" VPOS="524" WIDTH="53" HEIGHT="27" CONTENT="fosi" WC="0.79" CC="0008"/>
						<SP ID="P304_SP00086" HPOS="1185" VPOS="563" WIDTH="28"/>
						<String ID="P304_ST00096" HPOS="1213" VPOS="534" WIDTH="13" HEIGHT="17" CONTENT="e" WC="1.00" CC="0"/>
					</TextLine>
					<TextLine ID="P304_TL00011" HPOS="274" VPOS="574" WIDTH="950" HEIGHT="38">
						<String ID="P304_ST00097" HPOS="274" VPOS="576" WIDTH="71" HEIGHT="27" CONTENT="irriso" WC="0.46" CC="587730"/>
						<SP ID="P304_SP00087" HPOS="345" VPOS="603" WIDTH="22"/>
						<String ID="P304_ST00098" HPOS="367" VPOS="585" WIDTH="12" HEIGHT="17" CONTENT="a" WC="1.00" CC="0"/>
						<SP ID="P304_SP00088" HPOS="379" VPOS="603" WIDTH="22"/>
						<String ID="P304_ST00099" HPOS="401" VPOS="583" WIDTH="66" HEIGHT="19" CONTENT="terra" WC="0.65" CC="12607"/>
						<SP ID="P304_SP00089" HPOS="467" VPOS="603" WIDTH="22"/>
						<String ID="P304_ST00100" HPOS="489" VPOS="574" WIDTH="23" HEIGHT="28" CONTENT="la" WC="0.56" CC="80"/>
						<SP ID="P304_SP00090" HPOS="512" VPOS="603" WIDTH="21"/>
						<String ID="P304_ST00101" HPOS="533" VPOS="576" WIDTH="119" HEIGHT="36" CONTENT="muragia" WC="0.80" CC="0600060"/>
						<SP ID="P304_SP00091" HPOS="652" VPOS="612" WIDTH="21"/>
						<String ID="P304_ST00102" HPOS="673" VPOS="575" WIDTH="32" HEIGHT="27" CONTENT="de" WC="1.00" CC="00"/>
						<SP ID="P304_SP00092" HPOS="705" VPOS="612" WIDTH="20"/>
						<String ID="P304_ST00103" HPOS="725" VPOS="575" WIDTH="24" HEIGHT="27" CONTENT="la" WC="0.79" CC="40"/>
						<SP ID="P304_SP00093" HPOS="749" VPOS="612" WIDTH="21"/>
						<String ID="P304_ST00104" HPOS="770" VPOS="576" WIDTH="50" HEIGHT="26" CONTENT="cita" WC="0.68" CC="4107"/>
						<SP ID="P304_SP00094" HPOS="820" VPOS="612" WIDTH="22"/>
						<String ID="P304_ST00105" HPOS="842" VPOS="585" WIDTH="12" HEIGHT="17" CONTENT="e" WC="0.24" CC="7"/>
						<SP ID="P304_SP00095" HPOS="854" VPOS="612" WIDTH="21"/>
						<String ID="P304_ST00106" HPOS="875" VPOS="575" WIDTH="45" HEIGHT="36" CONTENT="pin" WC="0.70" CC="008"/>
						<SP ID="P304_SP00096" HPOS="920" VPOS="612" WIDTH="22"/>
						<String ID="P304_ST00107" HPOS="942" VPOS="575" WIDTH="104" HEIGHT="27" CONTENT="minato" WC="0.84" CC="001700"/>
						<SP ID="P304_SP00097" HPOS="1046" VPOS="612" WIDTH="20"/>
						<String ID="P304_ST00108" HPOS="1066" VPOS="574" WIDTH="27" HEIGHT="27" CONTENT="lo" WC="0.80" CC="30"/>
						<SP ID="P304_SP00098" HPOS="1093" VPOS="612" WIDTH="22"/>
						<String ID="P304_ST00109" HPOS="1115" VPOS="574" WIDTH="75" HEIGHT="27" CONTENT="molo" WC="0.82" CC="0240"/>
						<SP ID="P304_SP00099" HPOS="1190" VPOS="612" WIDTH="22"/>
						<String ID="P304_ST00110" HPOS="1212" VPOS="584" WIDTH="12" HEIGHT="17" CONTENT="e" WC="1.00" CC="0"/>
					</TextLine>
					<TextLine ID="P304_TL00012" HPOS="275" VPOS="622" WIDTH="949" HEIGHT="40">
						<String ID="P304_ST00111" HPOS="275" VPOS="625" WIDTH="84" HEIGHT="37" CONTENT="inpito" WC="0.70" CC="500650"/>
						<SP ID="P304_SP00100" HPOS="359" VPOS="662" WIDTH="21"/>
						<String ID="P304_ST00112" HPOS="380" VPOS="624" WIDTH="26" HEIGHT="28" CONTENT="lo" WC="0.58" CC="61"/>
						<SP ID="P304_SP00101" HPOS="406" VPOS="662" WIDTH="21"/>
						<String ID="P304_ST00113" HPOS="427" VPOS="633" WIDTH="78" HEIGHT="28" CONTENT="porto" WC="0.68" CC="02760"/>
						<SP ID="P304_SP00102" HPOS="505" VPOS="662" WIDTH="21"/>
						<String ID="P304_ST00114" HPOS="526" VPOS="624" WIDTH="31" HEIGHT="28" CONTENT="de" WC="0.78" CC="04"/>
						<SP ID="P304_SP00103" HPOS="557" VPOS="662" WIDTH="21"/>
						<String ID="P304_ST00115" HPOS="578" VPOS="624" WIDTH="52" HEIGHT="28" CONTENT="dita" WC="0.60" CC="0627"/>
						<SP ID="P304_SP00104" HPOS="630" VPOS="662" WIDTH="21"/>
						<String ID="P304_ST00116" HPOS="651" VPOS="625" WIDTH="51" HEIGHT="27" CONTENT="cita" WC="0.43" CC="8670"/>
						<SP ID="P304_SP00105" HPOS="702" VPOS="662" WIDTH="20"/>
						<String ID="P304_ST00117" HPOS="722" VPOS="635" WIDTH="13" HEIGHT="16" CONTENT="e" WC="1.00" CC="0"/>
						<SP ID="P304_SP00106" HPOS="735" VPOS="662" WIDTH="21"/>
						<String ID="P304_ST00118" HPOS="756" VPOS="631" WIDTH="92" HEIGHT="30" CONTENT="questa" WC="0.83" CC="030240"/>
						<SP ID="P304_SP00107" HPOS="848" VPOS="662" WIDTH="20"/>
						<String ID="P304_ST00119" HPOS="868" VPOS="625" WIDTH="37" HEIGHT="27" CONTENT="sie" WC="0.79" CC="060"/>
						<SP ID="P304_SP00108" HPOS="905" VPOS="662" WIDTH="15"/>
						<String ID="P304_ST00120" HPOS="920" VPOS="624" WIDTH="23" HEIGHT="26" CONTENT="la" WC="0.70" CC="50"/>
						<SP ID="P304_SP00109" HPOS="943" VPOS="662" WIDTH="15"/>
						<String ID="P304_ST00121" HPOS="958" VPOS="623" WIDTH="114" HEIGHT="28" CONTENT="seconda" WC="0.53" CC="5472706"/>
						<SP ID="P304_SP00110" HPOS="1072" VPOS="662" WIDTH="16"/>
						<String ID="P304_ST00122" HPOS="1088" VPOS="622" WIDTH="73" HEIGHT="28" CONTENT="volta" WC="0.87" CC="00500"/>
						<SP ID="P304_SP00111" HPOS="1161" VPOS="662" WIDTH="14"/>
						<String ID="P304_ST00123" HPOS="1175" VPOS="622" WIDTH="49" HEIGHT="28" CONTENT="che" WC="0.60" CC="560"/>
					</TextLine>
					<TextLine ID="P304_TL00013" HPOS="274" VPOS="673" WIDTH="950" HEIGHT="36">
						<String ID="P304_ST00124" HPOS="274" VPOS="674" WIDTH="26" HEIGHT="26" CONTENT="io" WC="0.59" CC="52"/>
						<SP ID="P304_SP00112" HPOS="300" VPOS="700" WIDTH="22"/>
						<String ID="P304_ST00125" HPOS="322" VPOS="674" WIDTH="59" HEIGHT="27" CONTENT="abio" WC="0.40" CC="0779"/>
						<SP ID="P304_SP00113" HPOS="381" VPOS="701" WIDTH="20"/>
						<String ID="P304_ST00126" HPOS="401" VPOS="675" WIDTH="69" HEIGHT="26" CONTENT="visto" WC="0.75" CC="07050"/>
						<SP ID="P304_SP00114" HPOS="470" VPOS="701" WIDTH="22"/>
						<String ID="P304_ST00127" HPOS="492" VPOS="674" WIDTH="79" HEIGHT="27" CONTENT="scrito" WC="0.71" CC="070603"/>
						<SP ID="P304_SP00115" HPOS="571" VPOS="701" WIDTH="16"/>
						<String ID="P304_ST00128" HPOS="587" VPOS="674" WIDTH="25" HEIGHT="26" CONTENT="in" WC="0.54" CC="27"/>
						<SP ID="P304_SP00116" HPOS="612" VPOS="701" WIDTH="15"/>
						<String ID="P304_ST00129" HPOS="627" VPOS="674" WIDTH="23" HEIGHT="26" CONTENT="le" WC="0.48" CC="36"/>
						<SP ID="P304_SP00117" HPOS="650" VPOS="701" WIDTH="15"/>
						<String ID="P304_ST00130" HPOS="665" VPOS="673" WIDTH="125" HEIGHT="28" CONTENT="croniche" WC="0.54" CC="66280650"/>
						<SP ID="P304_SP00118" HPOS="790" VPOS="701" WIDTH="21"/>
						<String ID="P304_ST00131" HPOS="811" VPOS="673" WIDTH="26" HEIGHT="28" CONTENT="di" WC="0.72" CC="05"/>
						<SP ID="P304_SP00119" HPOS="837" VPOS="701" WIDTH="14"/>
						<String ID="P304_ST00132" HPOS="851" VPOS="683" WIDTH="86" HEIGHT="26" CONTENT="genoa" WC="0.85" CC="00700"/>
						<SP ID="P304_SP00120" HPOS="937" VPOS="709" WIDTH="15"/>
						<String ID="P304_ST00133" HPOS="952" VPOS="682" WIDTH="80" HEIGHT="18" CONTENT="como" WC="0.79" CC="6100"/>
						<SP ID="P304_SP00121" HPOS="1032" VPOS="709" WIDTH="15"/>
						<String ID="P304_ST00134" HPOS="1047" VPOS="673" WIDTH="111" HEIGHT="35" CONTENT="genoezi" WC="0.69" CC="0004555"/>
						<SP ID="P304_SP00122" HPOS="1158" VPOS="709" WIDTH="16"/>
						<String ID="P304_ST00135" HPOS="1174" VPOS="681" WIDTH="50" HEIGHT="18" CONTENT="ano" WC="0.68" CC="054"/>
					</TextLine>
					<TextLine ID="P304_TL00014" HPOS="276" VPOS="720" WIDTH="949" HEIGHT="39">
						<String ID="P304_ST00136" HPOS="276" VPOS="724" WIDTH="85" HEIGHT="35" CONTENT="inpito" WC="0.64" CC="480340"/>
						<SP ID="P304_SP00123" HPOS="361" VPOS="759" WIDTH="21"/>
						<String ID="P304_ST00137" HPOS="382" VPOS="723" WIDTH="18" HEIGHT="26" CONTENT="li" WC="0.60" CC="52"/>
						<SP ID="P304_SP00124" HPOS="400" VPOS="759" WIDTH="20"/>
						<String ID="P304_ST00138" HPOS="420" VPOS="723" WIDTH="49" HEIGHT="27" CONTENT="fosi" WC="0.65" CC="0517"/>
						<SP ID="P304_SP00125" HPOS="469" VPOS="759" WIDTH="22"/>
						<String ID="P304_ST00139" HPOS="491" VPOS="733" WIDTH="14" HEIGHT="16" CONTENT="e" WC="0.57" CC="4"/>
						<SP ID="P304_SP00126" HPOS="505" VPOS="759" WIDTH="21"/>
						<String ID="P304_ST00140" HPOS="526" VPOS="723" WIDTH="103" HEIGHT="26" CONTENT="minato" WC="0.47" CC="687062"/>
						<SP ID="P304_SP00127" HPOS="629" VPOS="759" WIDTH="22"/>
						<String ID="P304_ST00141" HPOS="651" VPOS="723" WIDTH="24" HEIGHT="26" CONTENT="la" WC="0.85" CC="20"/>
						<SP ID="P304_SP00128" HPOS="675" VPOS="759" WIDTH="20"/>
						<String ID="P304_ST00142" HPOS="695" VPOS="723" WIDTH="119" HEIGHT="35" CONTENT="muragia" WC="0.57" CC="0167067"/>
						<SP ID="P304_SP00129" HPOS="814" VPOS="759" WIDTH="28"/>
						<String ID="P304_ST00143" HPOS="842" VPOS="722" WIDTH="32" HEIGHT="27" CONTENT="de" WC="0.52" CC="90"/>
						<SP ID="P304_SP00130" HPOS="874" VPOS="759" WIDTH="27"/>
						<String ID="P304_ST00144" HPOS="901" VPOS="722" WIDTH="24" HEIGHT="26" CONTENT="la" WC="0.33" CC="57"/>
						<SP ID="P304_SP00131" HPOS="925" VPOS="759" WIDTH="24"/>
						<String ID="P304_ST00145" HPOS="949" VPOS="722" WIDTH="51" HEIGHT="26" CONTENT="cita" WC="0.52" CC="1556"/>
						<SP ID="P304_SP00132" HPOS="1000" VPOS="759" WIDTH="25"/>
						<String ID="P304_ST00146" HPOS="1025" VPOS="731" WIDTH="13" HEIGHT="17" CONTENT="e" WC="0.80" CC="1"/>
						<SP ID="P304_SP00133" HPOS="1038" VPOS="759" WIDTH="29"/>
						<String ID="P304_ST00147" HPOS="1067" VPOS="722" WIDTH="103" HEIGHT="26" CONTENT="minato" WC="0.59" CC="726700"/>
						<SP ID="P304_SP00134" HPOS="1170" VPOS="759" WIDTH="29"/>
						<String ID="P304_ST00148" HPOS="1199" VPOS="720" WIDTH="26" HEIGHT="27" CONTENT="lo" WC="0.72" CC="50"/>
					</TextLine>
					<TextLine ID="P304_TL00015" HPOS="275" VPOS="770" WIDTH="951" HEIGHT="37">
						<String ID="P304_ST00149" HPOS="275" VPOS="773" WIDTH="74" HEIGHT="26" CONTENT="molo" WC="0.81" CC="0340"/>
						<SP ID="P304_SP00135" HPOS="349" VPOS="799" WIDTH="21"/>
						<String ID="P304_ST00150" HPOS="370" VPOS="781" WIDTH="13" HEIGHT="17" CONTENT="e" WC="1.00" CC="0"/>
						<SP ID="P304_SP00136" HPOS="383" VPOS="799" WIDTH="21"/>
						<String ID="P304_ST00151" HPOS="404" VPOS="772" WIDTH="84" HEIGHT="35" CONTENT="inpito" WC="0.63" CC="270640"/>
						<SP ID="P304_SP00137" HPOS="488" VPOS="807" WIDTH="21"/>
						<String ID="P304_ST00152" HPOS="509" VPOS="772" WIDTH="25" HEIGHT="26" CONTENT="lo" WC="0.76" CC="40"/>
						<SP ID="P304_SP00138" HPOS="534" VPOS="807" WIDTH="22"/>
						<String ID="P304_ST00153" HPOS="556" VPOS="779" WIDTH="77" HEIGHT="27" CONTENT="porto" WC="0.69" CC="04550"/>
						<SP ID="P304_SP00139" HPOS="633" VPOS="807" WIDTH="23"/>
						<String ID="P304_ST00154" HPOS="656" VPOS="771" WIDTH="31" HEIGHT="26" CONTENT="de" WC="1.00" CC="00"/>
						<SP ID="P304_SP00140" HPOS="687" VPOS="807" WIDTH="21"/>
						<String ID="P304_ST00155" HPOS="708" VPOS="771" WIDTH="24" HEIGHT="27" CONTENT="la" WC="1.00" CC="00"/>
						<SP ID="P304_SP00141" HPOS="732" VPOS="807" WIDTH="20"/>
						<String ID="P304_ST00156" HPOS="752" VPOS="772" WIDTH="51" HEIGHT="25" CONTENT="cita" WC="0.46" CC="5356"/>
						<SP ID="P304_SP00142" HPOS="803" VPOS="807" WIDTH="14"/>
						<String ID="P304_ST00157" HPOS="817" VPOS="770" WIDTH="26" HEIGHT="27" CONTENT="di" WC="1.00" CC="00"/>
						<SP ID="P304_SP00143" HPOS="843" VPOS="807" WIDTH="15"/>
						<String ID="P304_ST00158" HPOS="858" VPOS="779" WIDTH="83" HEIGHT="19" CONTENT="saona" WC="0.88" CC="00050"/>
						<SP ID="P304_SP00144" HPOS="941" VPOS="807" WIDTH="13"/>
						<String ID="P304_ST00159" HPOS="954" VPOS="780" WIDTH="46" HEIGHT="17" CONTENT="soe" WC="0.87" CC="003"/>
						<SP ID="P304_SP00145" HPOS="1000" VPOS="807" WIDTH="14"/>
						<String ID="P304_ST00160" HPOS="1014" VPOS="770" WIDTH="24" HEIGHT="27" CONTENT="la" WC="1.00" CC="00"/>
						<SP ID="P304_SP00146" HPOS="1038" VPOS="807" WIDTH="14"/>
						<String ID="P304_ST00161" HPOS="1052" VPOS="771" WIDTH="86" HEIGHT="35" CONTENT="prima" WC="0.70" CC="05009"/>
						<SP ID="P304_SP00147" HPOS="1138" VPOS="807" WIDTH="14"/>
						<String ID="P304_ST00162" HPOS="1152" VPOS="770" WIDTH="74" HEIGHT="26" CONTENT="roina" WC="0.43" CC="70469"/>
					</TextLine>
					<TextLine ID="P304_TL00016" HPOS="364" VPOS="818" WIDTH="788" HEIGHT="37">
						<String ID="P304_ST00163" HPOS="364" VPOS="830" WIDTH="25" HEIGHT="16" CONTENT="10" WC="0.69" CC="60"/>
						<SP ID="P304_SP00148" HPOS="389" VPOS="846" WIDTH="25"/>
						<String ID="P304_ST00164" HPOS="414" VPOS="828" WIDTH="66" HEIGHT="27" CONTENT="1227" WC="0.49" CC="3744"/>
						<SP ID="P304_SP00149" HPOS="480" VPOS="855" WIDTH="23"/>
						<String ID="P304_ST00165" HPOS="503" VPOS="829" WIDTH="14" HEIGHT="17" CONTENT="e" WC="1.00" CC="0"/>
						<SP ID="P304_SP00150" HPOS="517" VPOS="855" WIDTH="21"/>
						<String ID="P304_ST00166" HPOS="538" VPOS="820" WIDTH="22" HEIGHT="26" CONTENT="la" WC="0.82" CC="30"/>
						<SP ID="P304_SP00151" HPOS="560" VPOS="855" WIDTH="21"/>
						<String ID="P304_ST00167" HPOS="581" VPOS="819" WIDTH="116" HEIGHT="27" CONTENT="seconda" WC="0.67" CC="0760800"/>
						<SP ID="P304_SP00152" HPOS="697" VPOS="855" WIDTH="20"/>
						<String ID="P304_ST00168" HPOS="717" VPOS="820" WIDTH="37" HEIGHT="26" CONTENT="sie" WC="0.95" CC="010"/>
						<SP ID="P304_SP00153" HPOS="754" VPOS="855" WIDTH="22"/>
						<String ID="P304_ST00169" HPOS="776" VPOS="819" WIDTH="22" HEIGHT="27" CONTENT="la" WC="0.90" CC="10"/>
						<SP ID="P304_SP00154" HPOS="798" VPOS="855" WIDTH="22"/>
						<String ID="P304_ST00170" HPOS="820" VPOS="828" WIDTH="122" HEIGHT="27" CONTENT="prezente" WC="0.55" CC="00099870"/>
						<SP ID="P304_SP00155" HPOS="942" VPOS="855" WIDTH="21"/>
						<String ID="P304_ST00171" HPOS="963" VPOS="818" WIDTH="31" HEIGHT="27" CONTENT="de" WC="0.62" CC="70"/>
						<SP ID="P304_SP00156" HPOS="994" VPOS="855" WIDTH="25"/>
						<String ID="P304_ST00172" HPOS="1019" VPOS="828" WIDTH="67" HEIGHT="27" CONTENT="1253" WC="0.71" CC="5050"/>
						<SP ID="P304_SP00157" HPOS="1086" VPOS="855" WIDTH="23"/>
						<String ID="P304_ST00173" HPOS="1109" VPOS="818" WIDTH="43" HEIGHT="37" CONTENT="(1)" WC="0.73" CC="080"/>
					</TextLine>
				</TextBlock>
				<TextBlock ID="P304_TB00005" HPOS="272" VPOS="867" WIDTH="953" HEIGHT="717" STYLEREFS="TXT_1 PAR_LEFT">
					<TextLine ID="P304_TL00017" HPOS="331" VPOS="867" WIDTH="894" HEIGHT="38">
						<String ID="P304_ST00174" HPOS="331" VPOS="869" WIDTH="20" HEIGHT="27" CONTENT="E" WC="0.47" CC="5"/>
						<SP ID="P304_SP00158" HPOS="351" VPOS="896" WIDTH="21"/>
						<String ID="P304_ST00175" HPOS="372" VPOS="869" WIDTH="70" HEIGHT="27" CONTENT="NEL" WC="0.63" CC="037"/>
						<SP ID="P304_SP00159" HPOS="442" VPOS="896" WIDTH="21"/>
						<String ID="P304_ST00176" HPOS="463" VPOS="868" WIDTH="81" HEIGHT="28" CONTENT="ANO" WC="0.86" CC="400"/>
						<SP ID="P304_SP00160" HPOS="544" VPOS="896" WIDTH="26"/>
						<String ID="P304_ST00177" HPOS="570" VPOS="878" WIDTH="68" HEIGHT="27" CONTENT="1317" WC="0.87" CC="0500"/>
						<SP ID="P304_SP00161" HPOS="638" VPOS="905" WIDTH="22"/>
						<String ID="P304_ST00178" HPOS="660" VPOS="869" WIDTH="23" HEIGHT="26" CONTENT="la" WC="0.60" CC="70"/>
						<SP ID="P304_SP00162" HPOS="683" VPOS="905" WIDTH="22"/>
						<String ID="P304_ST00179" HPOS="705" VPOS="870" WIDTH="49" HEIGHT="25" CONTENT="cita" WC="0.79" CC="6010"/>
						<SP ID="P304_SP00163" HPOS="754" VPOS="905" WIDTH="22"/>
						<String ID="P304_ST00180" HPOS="776" VPOS="868" WIDTH="31" HEIGHT="27" CONTENT="de" WC="0.92" CC="01"/>
						<SP ID="P304_SP00164" HPOS="807" VPOS="905" WIDTH="27"/>
						<String ID="P304_ST00181" HPOS="834" VPOS="878" WIDTH="86" HEIGHT="27" CONTENT="genoa" WC="0.79" CC="02800"/>
						<SP ID="P304_SP00165" HPOS="920" VPOS="905" WIDTH="26"/>
						<String ID="P304_ST00182" HPOS="946" VPOS="869" WIDTH="21" HEIGHT="26" CONTENT="si" WC="0.94" CC="01"/>
						<SP ID="P304_SP00166" HPOS="967" VPOS="905" WIDTH="26"/>
						<String ID="P304_ST00183" HPOS="993" VPOS="867" WIDTH="94" HEIGHT="28" CONTENT="reduse" WC="0.79" CC="200027"/>
						<SP ID="P304_SP00167" HPOS="1087" VPOS="905" WIDTH="26"/>
						<String ID="P304_ST00184" HPOS="1113" VPOS="876" WIDTH="60" HEIGHT="19" CONTENT="soto" WC="0.91" CC="0300"/>
						<SP ID="P304_SP00168" HPOS="1173" VPOS="905" WIDTH="27"/>
						<String ID="P304_ST00185" HPOS="1200" VPOS="867" WIDTH="25" HEIGHT="28" CONTENT="lo" WC="0.40" CC="47"/>
					</TextLine>
					<TextLine ID="P304_TL00018" HPOS="274" VPOS="916" WIDTH="951" HEIGHT="39">
						<String ID="P304_ST00186" HPOS="274" VPOS="927" WIDTH="120" HEIGHT="28" CONTENT="governo" WC="0.63" CC="0306762"/>
						<SP ID="P304_SP00169" HPOS="394" VPOS="955" WIDTH="21"/>
						<String ID="P304_ST00187" HPOS="415" VPOS="917" WIDTH="32" HEIGHT="27" CONTENT="de" WC="1.00" CC="00"/>
						<SP ID="P304_SP00170" HPOS="447" VPOS="955" WIDTH="20"/>
						<String ID="P304_ST00188" HPOS="467" VPOS="917" WIDTH="61" HEIGHT="36" CONTENT="gelsi" WC="0.80" CC="90000"/>
						<SP ID="P304_SP00171" HPOS="528" VPOS="955" WIDTH="22"/>
						<String ID="P304_ST00189" HPOS="550" VPOS="928" WIDTH="45" HEIGHT="16" CONTENT="soe" WC="0.63" CC="037"/>
						<SP ID="P304_SP00172" HPOS="595" VPOS="955" WIDTH="21"/>
						<String ID="P304_ST00190" HPOS="616" VPOS="917" WIDTH="91" HEIGHT="27" CONTENT="fìeschi" WC="0.64" CC="0002858"/>
						<SP ID="P304_SP00173" HPOS="707" VPOS="955" WIDTH="21"/>
						<String ID="P304_ST00191" HPOS="728" VPOS="928" WIDTH="13" HEIGHT="16" CONTENT="e" WC="0.66" CC="3"/>
						<SP ID="P304_SP00174" HPOS="741" VPOS="955" WIDTH="21"/>
						<String ID="P304_ST00192" HPOS="762" VPOS="917" WIDTH="123" HEIGHT="37" CONTENT="grimaldi" WC="0.80" CC="00507300"/>
						<SP ID="P304_SP00175" HPOS="885" VPOS="955" WIDTH="21"/>
						<String ID="P304_ST00193" HPOS="906" VPOS="927" WIDTH="13" HEIGHT="17" CONTENT="e" WC="1.00" CC="0"/>
						<SP ID="P304_SP00176" HPOS="919" VPOS="955" WIDTH="22"/>
						<String ID="P304_ST00194" HPOS="941" VPOS="916" WIDTH="103" HEIGHT="28" CONTENT="avendo" WC="0.82" CC="600102"/>
						<SP ID="P304_SP00177" HPOS="1044" VPOS="955" WIDTH="21"/>
						<String ID="P304_ST00195" HPOS="1065" VPOS="927" WIDTH="54" HEIGHT="17" CONTENT="uno" WC="0.87" CC="030"/>
						<SP ID="P304_SP00178" HPOS="1119" VPOS="955" WIDTH="15"/>
						<String ID="P304_ST00196" HPOS="1134" VPOS="924" WIDTH="91" HEIGHT="29" CONTENT="tempo" WC="0.95" CC="00200"/>
					</TextLine>
					<TextLine ID="P304_TL00019" HPOS="274" VPOS="966" WIDTH="951" HEIGHT="38">
						<String ID="P304_ST00197" HPOS="274" VPOS="973" WIDTH="147" HEIGHT="31" CONTENT="governato" WC="0.70" CC="007096020"/>
						<SP ID="P304_SP00179" HPOS="421" VPOS="1004" WIDTH="21"/>
						<String ID="P304_ST00198" HPOS="442" VPOS="966" WIDTH="107" HEIGHT="35" CONTENT="jubelini" WC="0.60" CC="06722570"/>
						<SP ID="P304_SP00180" HPOS="549" VPOS="1004" WIDTH="19"/>
						<String ID="P304_ST00199" HPOS="568" VPOS="976" WIDTH="46" HEIGHT="18" CONTENT="soe" WC="0.68" CC="900"/>
						<SP ID="P304_SP00181" HPOS="614" VPOS="1004" WIDTH="22"/>
						<String ID="P304_ST00200" HPOS="636" VPOS="966" WIDTH="101" HEIGHT="36" CONTENT="spinola" WC="0.68" CC="0008067"/>
						<SP ID="P304_SP00182" HPOS="737" VPOS="1004" WIDTH="22"/>
						<String ID="P304_ST00201" HPOS="759" VPOS="976" WIDTH="13" HEIGHT="17" CONTENT="e" WC="1.00" CC="0"/>
						<SP ID="P304_SP00183" HPOS="772" VPOS="1004" WIDTH="22"/>
						<String ID="P304_ST00202" HPOS="794" VPOS="966" WIDTH="74" HEIGHT="27" CONTENT="doria" WC="0.79" CC="01440"/>
						<SP ID="P304_SP00184" HPOS="868" VPOS="1004" WIDTH="30"/>
						<String ID="P304_ST00203" HPOS="898" VPOS="976" WIDTH="13" HEIGHT="17" CONTENT="e" WC="1.00" CC="0"/>
						<SP ID="P304_SP00185" HPOS="911" VPOS="1004" WIDTH="21"/>
						<String ID="P304_ST00204" HPOS="932" VPOS="966" WIDTH="45" HEIGHT="36" CONTENT="poi" WC="0.88" CC="003"/>
						<SP ID="P304_SP00186" HPOS="977" VPOS="1004" WIDTH="26"/>
						<String ID="P304_ST00205" HPOS="1003" VPOS="974" WIDTH="71" HEIGHT="20" CONTENT="serto" WC="0.69" CC="50036"/>
						<SP ID="P304_SP00187" HPOS="1074" VPOS="1004" WIDTH="28"/>
						<String ID="P304_ST00206" HPOS="1102" VPOS="976" WIDTH="69" HEIGHT="27" CONTENT="poco" WC="0.61" CC="0275"/>
						<SP ID="P304_SP00188" HPOS="1171" VPOS="1004" WIDTH="29"/>
						<String ID="P304_ST00207" HPOS="1200" VPOS="966" WIDTH="25" HEIGHT="28" CONTENT="di" WC="0.97" CC="00"/>
					</TextLine>
					<TextLine ID="P304_TL00020" HPOS="275" VPOS="1015" WIDTH="950" HEIGHT="37">
						<String ID="P304_ST00208" HPOS="275" VPOS="1025" WIDTH="89" HEIGHT="27" CONTENT="tempo" WC="0.74" CC="63003"/>
						<SP ID="P304_SP00189" HPOS="364" VPOS="1052" WIDTH="21"/>
						<String ID="P304_ST00209" HPOS="385" VPOS="1016" WIDTH="58" HEIGHT="26" CONTENT="avia" WC="0.84" CC="0060"/>
						<SP ID="P304_SP00190" HPOS="443" VPOS="1052" WIDTH="20"/>
						<String ID="P304_ST00210" HPOS="463" VPOS="1022" WIDTH="147" HEIGHT="29" CONTENT="governato" WC="0.57" CC="760338900"/>
						<SP ID="P304_SP00191" HPOS="610" VPOS="1052" WIDTH="21"/>
						<String ID="P304_ST00211" HPOS="631" VPOS="1015" WIDTH="61" HEIGHT="36" CONTENT="gèlsi" WC="0.52" CC="04477"/>
						<SP ID="P304_SP00192" HPOS="692" VPOS="1052" WIDTH="20"/>
						<String ID="P304_ST00212" HPOS="712" VPOS="1026" WIDTH="13" HEIGHT="16" CONTENT="e" WC="0.62" CC="3"/>
						<SP ID="P304_SP00193" HPOS="725" VPOS="1052" WIDTH="21"/>
						<String ID="P304_ST00213" HPOS="746" VPOS="1015" WIDTH="109" HEIGHT="35" CONTENT="jubelini" WC="0.60" CC="07606074"/>
						<SP ID="P304_SP00194" HPOS="855" VPOS="1052" WIDTH="21"/>
						<String ID="P304_ST00214" HPOS="876" VPOS="1016" WIDTH="27" HEIGHT="26" CONTENT="in" WC="0.35" CC="48"/>
						<SP ID="P304_SP00195" HPOS="903" VPOS="1052" WIDTH="21"/>
						<String ID="P304_ST00215" HPOS="924" VPOS="1016" WIDTH="84" HEIGHT="26" CONTENT="sieme" WC="0.86" CC="02004"/>
						<SP ID="P304_SP00196" HPOS="1008" VPOS="1052" WIDTH="22"/>
						<String ID="P304_ST00216" HPOS="1030" VPOS="1025" WIDTH="13" HEIGHT="17" CONTENT="e" WC="1.00" CC="0"/>
						<SP ID="P304_SP00197" HPOS="1043" VPOS="1052" WIDTH="21"/>
						<String ID="P304_ST00217" HPOS="1064" VPOS="1022" WIDTH="94" HEIGHT="29" CONTENT="questo" WC="0.87" CC="020005"/>
						<SP ID="P304_SP00198" HPOS="1158" VPOS="1052" WIDTH="16"/>
						<String ID="P304_ST00218" HPOS="1174" VPOS="1026" WIDTH="51" HEIGHT="17" CONTENT="ano" WC="0.57" CC="660"/>
					</TextLine>
					<TextLine ID="P304_TL00021" HPOS="273" VPOS="1063" WIDTH="951" HEIGHT="37">
						<String ID="P304_ST00219" HPOS="273" VPOS="1064" WIDTH="121" HEIGHT="27" CONTENT="havendo" WC="0.81" CC="6000700"/>
						<SP ID="P304_SP00199" HPOS="394" VPOS="1091" WIDTH="22"/>
						<String ID="P304_ST00220" HPOS="416" VPOS="1072" WIDTH="61" HEIGHT="19" CONTENT="auto" WC="0.64" CC="9040"/>
						<SP ID="P304_SP00200" HPOS="477" VPOS="1091" WIDTH="20"/>
						<String ID="P304_ST00221" HPOS="497" VPOS="1064" WIDTH="18" HEIGHT="26" CONTENT="li" WC="0.32" CC="48"/>
						<SP ID="P304_SP00201" HPOS="515" VPOS="1091" WIDTH="21"/>
						<String ID="P304_ST00222" HPOS="536" VPOS="1063" WIDTH="61" HEIGHT="37" CONTENT="gelsi" WC="0.85" CC="00007"/>
						<SP ID="P304_SP00202" HPOS="597" VPOS="1100" WIDTH="20"/>
						<String ID="P304_ST00223" HPOS="617" VPOS="1064" WIDTH="24" HEIGHT="26" CONTENT="la" WC="0.77" CC="40"/>
						<SP ID="P304_SP00203" HPOS="641" VPOS="1100" WIDTH="22"/>
						<String ID="P304_ST00224" HPOS="663" VPOS="1063" WIDTH="154" HEIGHT="28" CONTENT="obediencia" WC="0.69" CC="6000507550"/>
						<SP ID="P304_SP00204" HPOS="817" VPOS="1100" WIDTH="16"/>
						<String ID="P304_ST00225" HPOS="833" VPOS="1063" WIDTH="32" HEIGHT="28" CONTENT="de" WC="1.00" CC="00"/>
						<SP ID="P304_SP00205" HPOS="865" VPOS="1100" WIDTH="16"/>
						<String ID="P304_ST00226" HPOS="881" VPOS="1071" WIDTH="57" HEIGHT="20" CONTENT="tuto" WC="0.66" CC="5700"/>
						<SP ID="P304_SP00206" HPOS="938" VPOS="1100" WIDTH="15"/>
						<String ID="P304_ST00227" HPOS="953" VPOS="1064" WIDTH="26" HEIGHT="27" CONTENT="lo" WC="0.46" CC="64"/>
						<SP ID="P304_SP00207" HPOS="979" VPOS="1100" WIDTH="15"/>
						<String ID="P304_ST00228" HPOS="994" VPOS="1073" WIDTH="117" HEIGHT="27" CONTENT="genoeze" WC="0.94" CC="0100020"/>
						<SP ID="P304_SP00208" HPOS="1111" VPOS="1100" WIDTH="19"/>
						<String ID="P304_ST00229" HPOS="1130" VPOS="1064" WIDTH="27" HEIGHT="27" CONTENT="fu" WC="0.69" CC="41"/>
						<SP ID="P304_SP00209" HPOS="1157" VPOS="1100" WIDTH="14"/>
						<String ID="P304_ST00230" HPOS="1171" VPOS="1064" WIDTH="53" HEIGHT="28" CONTENT="fato" WC="0.81" CC="0034"/>
					</TextLine>
					<TextLine ID="P304_TL00022" HPOS="273" VPOS="1112" WIDTH="952" HEIGHT="37">
						<String ID="P304_ST00231" HPOS="273" VPOS="1114" WIDTH="105" HEIGHT="35" CONTENT="signore" WC="0.33" CC="6597565"/>
						<SP ID="P304_SP00210" HPOS="378" VPOS="1149" WIDTH="23"/>
						<String ID="P304_ST00232" HPOS="401" VPOS="1113" WIDTH="30" HEIGHT="26" CONTENT="de" WC="1.00" CC="00"/>
						<SP ID="P304_SP00211" HPOS="431" VPOS="1149" WIDTH="21"/>
						<String ID="P304_ST00233" HPOS="452" VPOS="1122" WIDTH="84" HEIGHT="27" CONTENT="genoa" WC="0.19" CC="79777"/>
						<SP ID="P304_SP00212" HPOS="536" VPOS="1149" WIDTH="22"/>
						<String ID="P304_ST00234" HPOS="558" VPOS="1113" WIDTH="70" HEIGHT="26" CONTENT="cario" WC="0.49" CC="70566"/>
						<SP ID="P304_SP00213" HPOS="628" VPOS="1149" WIDTH="21"/>
						<String ID="P304_ST00235" HPOS="649" VPOS="1112" WIDTH="33" HEIGHT="27" CONTENT="da" WC="1.00" CC="00"/>
						<SP ID="P304_SP00214" HPOS="682" VPOS="1149" WIDTH="20"/>
						<String ID="P304_ST00236" HPOS="702" VPOS="1112" WIDTH="81" HEIGHT="27" CONTENT="fiesco" WC="0.87" CC="000070"/>
						<SP ID="P304_SP00215" HPOS="783" VPOS="1149" WIDTH="21"/>
						<String ID="P304_ST00237" HPOS="804" VPOS="1123" WIDTH="13" HEIGHT="17" CONTENT="e" WC="0.94" CC="0"/>
						<SP ID="P304_SP00216" HPOS="817" VPOS="1149" WIDTH="21"/>
						<String ID="P304_ST00238" HPOS="838" VPOS="1113" WIDTH="120" HEIGHT="36" CONTENT="Gasparo" WC="0.92" CC="0000050"/>
						<SP ID="P304_SP00217" HPOS="958" VPOS="1149" WIDTH="24"/>
						<String ID="P304_ST00239" HPOS="982" VPOS="1112" WIDTH="32" HEIGHT="27" CONTENT="de" WC="0.82" CC="03"/>
						<SP ID="P304_SP00218" HPOS="1014" VPOS="1149" WIDTH="21"/>
						<String ID="P304_ST00240" HPOS="1035" VPOS="1113" WIDTH="124" HEIGHT="36" CONTENT="grimaldi" WC="0.65" CC="80400670"/>
						<SP ID="P304_SP00219" HPOS="1159" VPOS="1149" WIDTH="21"/>
						<String ID="P304_ST00241" HPOS="1180" VPOS="1123" WIDTH="13" HEIGHT="17" CONTENT="e" WC="1.00" CC="0"/>
						<SP ID="P304_SP00220" HPOS="1193" VPOS="1149" WIDTH="15"/>
						<String ID="P304_ST00242" HPOS="1208" VPOS="1114" WIDTH="17" HEIGHT="26" CONTENT="li" WC="0.83" CC="03"/>
					</TextLine>
					<TextLine ID="P304_TL00023" HPOS="274" VPOS="1160" WIDTH="950" HEIGHT="38">
						<String ID="P304_ST00243" HPOS="274" VPOS="1161" WIDTH="73" HEIGHT="27" CONTENT="doria" WC="0.82" CC="00008"/>
						<SP ID="P304_SP00221" HPOS="347" VPOS="1188" WIDTH="21"/>
						<String ID="P304_ST00244" HPOS="368" VPOS="1171" WIDTH="27" HEIGHT="16" CONTENT="se" WC="0.72" CC="50"/>
						<SP ID="P304_SP00222" HPOS="395" VPOS="1188" WIDTH="21"/>
						<String ID="P304_ST00245" HPOS="416" VPOS="1162" WIDTH="88" HEIGHT="26" CONTENT="tirano" WC="0.68" CC="060083"/>
						<SP ID="P304_SP00223" HPOS="504" VPOS="1188" WIDTH="21"/>
						<String ID="P304_ST00246" HPOS="525" VPOS="1160" WIDTH="56" HEIGHT="28" CONTENT="fora" WC="0.83" CC="0060"/>
						<SP ID="P304_SP00224" HPOS="581" VPOS="1188" WIDTH="22"/>
						<String ID="P304_ST00247" HPOS="603" VPOS="1161" WIDTH="30" HEIGHT="26" CONTENT="de" WC="1.00" CC="00"/>
						<SP ID="P304_SP00225" HPOS="633" VPOS="1188" WIDTH="22"/>
						<String ID="P304_ST00248" HPOS="655" VPOS="1161" WIDTH="22" HEIGHT="26" CONTENT="la" WC="0.41" CC="19"/>
						<SP ID="P304_SP00226" HPOS="677" VPOS="1188" WIDTH="22"/>
						<String ID="P304_ST00249" HPOS="699" VPOS="1161" WIDTH="50" HEIGHT="26" CONTENT="cita" WC="0.53" CC="6740"/>
						<SP ID="P304_SP00227" HPOS="749" VPOS="1188" WIDTH="21"/>
						<String ID="P304_ST00250" HPOS="770" VPOS="1160" WIDTH="25" HEIGHT="28" CONTENT="di" WC="0.84" CC="03"/>
						<SP ID="P304_SP00228" HPOS="795" VPOS="1188" WIDTH="21"/>
						<String ID="P304_ST00251" HPOS="816" VPOS="1171" WIDTH="87" HEIGHT="26" CONTENT="genoa" WC="0.67" CC="00690"/>
						<SP ID="P304_SP00229" HPOS="903" VPOS="1197" WIDTH="14"/>
						<String ID="P304_ST00252" HPOS="917" VPOS="1171" WIDTH="14" HEIGHT="16" CONTENT="e" WC="1.00" CC="0"/>
						<SP ID="P304_SP00230" HPOS="931" VPOS="1197" WIDTH="15"/>
						<String ID="P304_ST00253" HPOS="946" VPOS="1162" WIDTH="53" HEIGHT="26" CONTENT="asai" WC="0.95" CC="0001"/>
						<SP ID="P304_SP00231" HPOS="999" VPOS="1197" WIDTH="15"/>
						<String ID="P304_ST00254" HPOS="1014" VPOS="1170" WIDTH="89" HEIGHT="28" CONTENT="presto" WC="0.89" CC="010004"/>
						<SP ID="P304_SP00232" HPOS="1103" VPOS="1198" WIDTH="16"/>
						<String ID="P304_ST00255" HPOS="1119" VPOS="1163" WIDTH="105" HEIGHT="25" CONTENT="saonezi" WC="0.66" CC="0007681"/>
					</TextLine>
					<TextLine ID="P304_TL00024" HPOS="273" VPOS="1209" WIDTH="951" HEIGHT="38">
						<String ID="P304_ST00256" HPOS="273" VPOS="1220" WIDTH="12" HEIGHT="17" CONTENT="e" WC="0.36" CC="6"/>
						<SP ID="P304_SP00233" HPOS="285" VPOS="1237" WIDTH="22"/>
						<String ID="P304_ST00257" HPOS="307" VPOS="1210" WIDTH="171" HEIGHT="36" CONTENT="arbenganezi" WC="0.47" CC="96717008178"/>
						<SP ID="P304_SP00234" HPOS="478" VPOS="1246" WIDTH="21"/>
						<String ID="P304_ST00258" HPOS="499" VPOS="1220" WIDTH="26" HEIGHT="17" CONTENT="se" WC="0.67" CC="06"/>
						<SP ID="P304_SP00235" HPOS="525" VPOS="1246" WIDTH="21"/>
						<String ID="P304_ST00259" HPOS="546" VPOS="1209" WIDTH="121" HEIGHT="28" CONTENT="ribelono" WC="0.71" CC="15722004"/>
						<SP ID="P304_SP00236" HPOS="667" VPOS="1246" WIDTH="22"/>
						<String ID="P304_ST00260" HPOS="689" VPOS="1217" WIDTH="92" HEIGHT="20" CONTENT="contra" WC="0.75" CC="406300"/>
						<SP ID="P304_SP00237" HPOS="781" VPOS="1246" WIDTH="14"/>
						<String ID="P304_ST00261" HPOS="795" VPOS="1210" WIDTH="32" HEIGHT="27" CONTENT="ali" WC="0.43" CC="673"/>
						<SP ID="P304_SP00238" HPOS="827" VPOS="1246" WIDTH="16"/>
						<String ID="P304_ST00262" HPOS="843" VPOS="1209" WIDTH="47" HEIGHT="28" CONTENT="diti" WC="0.58" CC="0366"/>
						<SP ID="P304_SP00239" HPOS="890" VPOS="1246" WIDTH="15"/>
						<String ID="P304_ST00263" HPOS="905" VPOS="1210" WIDTH="115" HEIGHT="37" CONTENT="capitani" WC="0.69" CC="26035006"/>
						<SP ID="P304_SP00240" HPOS="1020" VPOS="1247" WIDTH="16"/>
						<String ID="P304_ST00264" HPOS="1036" VPOS="1209" WIDTH="90" HEIGHT="28" CONTENT="fìeschi" WC="0.39" CC="5588841"/>
						<SP ID="P304_SP00241" HPOS="1126" VPOS="1247" WIDTH="17"/>
						<String ID="P304_ST00265" HPOS="1143" VPOS="1220" WIDTH="13" HEIGHT="17" CONTENT="e" WC="0.43" CC="5"/>
						<SP ID="P304_SP00242" HPOS="1156" VPOS="1247" WIDTH="16"/>
						<String ID="P304_ST00266" HPOS="1172" VPOS="1211" WIDTH="52" HEIGHT="35" CONTENT="gri" SUBS_TYPE="HypPart1" SUBS_CONTENT="grimaldi" WC="0.85" CC="0104"/>
						<HYP CONTENT="-"/>
					</TextLine>
					<TextLine ID="P304_TL00025" HPOS="274" VPOS="1258" WIDTH="951" HEIGHT="37">
						<String ID="P304_ST00267" HPOS="274" VPOS="1259" WIDTH="80" HEIGHT="26" CONTENT="maldi" SUBS_TYPE="HypPart2" SUBS_CONTENT="grimaldi" WC="0.81" CC="09000"/>
						<SP ID="P304_SP00243" HPOS="354" VPOS="1285" WIDTH="12"/>
						<String ID="P304_ST00268" HPOS="366" VPOS="1258" WIDTH="40" HEIGHT="27" CONTENT="del" WC="0.93" CC="002"/>
						<SP ID="P304_SP00244" HPOS="406" VPOS="1285" WIDTH="16"/>
						<String ID="P304_ST00269" HPOS="422" VPOS="1259" WIDTH="46" HEIGHT="26" CONTENT="che" WC="0.52" CC="345"/>
						<SP ID="P304_SP00245" HPOS="468" VPOS="1285" WIDTH="16"/>
						<String ID="P304_ST00270" HPOS="484" VPOS="1259" WIDTH="26" HEIGHT="27" CONTENT="lo" WC="0.69" CC="50"/>
						<SP ID="P304_SP00246" HPOS="510" VPOS="1286" WIDTH="15"/>
						<String ID="P304_ST00271" HPOS="525" VPOS="1258" WIDTH="112" HEIGHT="27" CONTENT="consilio" WC="0.61" CC="06804560"/>
						<SP ID="P304_SP00247" HPOS="637" VPOS="1286" WIDTH="12"/>
						<String ID="P304_ST00272" HPOS="649" VPOS="1258" WIDTH="26" HEIGHT="28" CONTENT="di" WC="0.80" CC="04"/>
						<SP ID="P304_SP00248" HPOS="675" VPOS="1286" WIDTH="11"/>
						<String ID="P304_ST00273" HPOS="686" VPOS="1268" WIDTH="86" HEIGHT="26" CONTENT="genoa" WC="0.66" CC="50406"/>
						<SP ID="P304_SP00249" HPOS="772" VPOS="1294" WIDTH="12"/>
						<String ID="P304_ST00274" HPOS="784" VPOS="1258" WIDTH="96" HEIGHT="29" CONTENT="ordino" WC="0.61" CC="260372"/>
						<SP ID="P304_SP00250" HPOS="880" VPOS="1294" WIDTH="12"/>
						<String ID="P304_ST00275" HPOS="892" VPOS="1269" WIDTH="14" HEIGHT="17" CONTENT="a" WC="0.01" CC="9"/>
						<SP ID="P304_SP00251" HPOS="906" VPOS="1294" WIDTH="12"/>
						<String ID="P304_ST00276" HPOS="918" VPOS="1259" WIDTH="90" HEIGHT="27" CONTENT="ribella" WC="0.62" CC="0260249"/>
						<SP ID="P304_SP00252" HPOS="1008" VPOS="1294" WIDTH="11"/>
						<String ID="P304_ST00277" HPOS="1019" VPOS="1258" WIDTH="52" HEIGHT="36" CONTENT="(dei" WC="0.60" CC="3047"/>
						<SP ID="P304_SP00253" HPOS="1071" VPOS="1294" WIDTH="12"/>
						<String ID="P304_ST00278" HPOS="1083" VPOS="1259" WIDTH="142" HEIGHT="36" CONTENT="Grimaldi)" WC="0.87" CC="003004003"/>
					</TextLine>
					<TextLine ID="P304_TL00026" HPOS="274" VPOS="1303" WIDTH="951" HEIGHT="37">
						<String ID="P304_ST00279" HPOS="274" VPOS="1304" WIDTH="48" HEIGHT="27" CONTENT="che" WC="0.15" CC="879"/>
						<SP ID="P304_SP00254" HPOS="322" VPOS="1331" WIDTH="20"/>
						<String ID="P304_ST00280" HPOS="342" VPOS="1303" WIDTH="97" HEIGHT="28" CONTENT="dovese" WC="0.85" CC="020060"/>
						<SP ID="P304_SP00255" HPOS="439" VPOS="1331" WIDTH="15"/>
						<String ID="P304_ST00281" HPOS="454" VPOS="1303" WIDTH="95" HEIGHT="28" CONTENT="andare" WC="0.65" CC="770600"/>
						<SP ID="P304_SP00256" HPOS="549" VPOS="1331" WIDTH="19"/>
						<String ID="P304_ST00282" HPOS="568" VPOS="1304" WIDTH="26" HEIGHT="26" CONTENT="in" WC="1.00" CC="00"/>
						<SP ID="P304_SP00257" HPOS="594" VPOS="1331" WIDTH="15"/>
						<String ID="P304_ST00283" HPOS="609" VPOS="1313" WIDTH="80" HEIGHT="17" CONTENT="saona" WC="0.85" CC="00070"/>
						<SP ID="P304_SP00258" HPOS="689" VPOS="1331" WIDTH="19"/>
						<String ID="P304_ST00284" HPOS="708" VPOS="1311" WIDTH="24" HEIGHT="19" CONTENT="et" WC="0.67" CC="06"/>
						<SP ID="P304_SP00259" HPOS="732" VPOS="1331" WIDTH="22"/>
						<String ID="P304_ST00285" HPOS="754" VPOS="1304" WIDTH="25" HEIGHT="26" CONTENT="in" WC="0.93" CC="10"/>
						<SP ID="P304_SP00260" HPOS="779" VPOS="1331" WIDTH="22"/>
						<String ID="P304_ST00286" HPOS="801" VPOS="1303" WIDTH="153" HEIGHT="37" CONTENT="Albenga.e" WC="0.74" CC="141050900"/>
						<SP ID="P304_SP00261" HPOS="954" VPOS="1340" WIDTH="19"/>
						<String ID="P304_ST00287" HPOS="973" VPOS="1303" WIDTH="47" HEIGHT="28" CONTENT="che" WC="0.59" CC="750"/>
						<SP ID="P304_SP00262" HPOS="1020" VPOS="1340" WIDTH="22"/>
						<String ID="P304_ST00288" HPOS="1042" VPOS="1314" WIDTH="78" HEIGHT="17" CONTENT="avese" WC="0.94" CC="00020"/>
						<SP ID="P304_SP00263" HPOS="1120" VPOS="1340" WIDTH="21"/>
						<String ID="P304_ST00289" HPOS="1141" VPOS="1314" WIDTH="13" HEIGHT="17" CONTENT="a" WC="0.26" CC="7"/>
						<SP ID="P304_SP00264" HPOS="1154" VPOS="1340" WIDTH="22"/>
						<String ID="P304_ST00290" HPOS="1176" VPOS="1314" WIDTH="49" HEIGHT="17" CONTENT="ser-" WC="0.98" CC="0000"/>
					</TextLine>
					<TextLine ID="P304_TL00027" HPOS="357" VPOS="1352" WIDTH="868" HEIGHT="38">
						<String ID="P304_ST00291" HPOS="357" VPOS="1353" WIDTH="15" HEIGHT="25" CONTENT="li" WC="0.26" CC="68"/>
						<SP ID="P304_SP00265" HPOS="372" VPOS="1378" WIDTH="14"/>
						<String ID="P304_ST00292" HPOS="386" VPOS="1352" WIDTH="60" HEIGHT="36" CONTENT="gelsi" WC="0.43" CC="91277"/>
						<SP ID="P304_SP00266" HPOS="446" VPOS="1388" WIDTH="16"/>
						<String ID="P304_ST00293" HPOS="462" VPOS="1352" WIDTH="31" HEIGHT="27" CONTENT="da" WC="1.00" CC="00"/>
						<SP ID="P304_SP00267" HPOS="493" VPOS="1388" WIDTH="14"/>
						<String ID="P304_ST00294" HPOS="507" VPOS="1352" WIDTH="17" HEIGHT="27" CONTENT="li" WC="0.82" CC="30"/>
						<SP ID="P304_SP00268" HPOS="524" VPOS="1388" WIDTH="15"/>
						<String ID="P304_ST00295" HPOS="539" VPOS="1352" WIDTH="107" HEIGHT="35" CONTENT="jubelini" WC="0.64" CC="00165453"/>
						<SP ID="P304_SP00269" HPOS="646" VPOS="1388" WIDTH="17"/>
						<String ID="P304_ST00296" HPOS="663" VPOS="1362" WIDTH="14" HEIGHT="17" CONTENT="e" WC="1.00" CC="0"/>
						<SP ID="P304_SP00270" HPOS="677" VPOS="1388" WIDTH="14"/>
						<String ID="P304_ST00297" HPOS="691" VPOS="1353" WIDTH="85" HEIGHT="35" CONTENT="prima" WC="0.50" CC="05576"/>
						<SP ID="P304_SP00271" HPOS="776" VPOS="1388" WIDTH="15"/>
						<String ID="P304_ST00298" HPOS="791" VPOS="1352" WIDTH="26" HEIGHT="27" CONTENT="lo" WC="0.72" CC="50"/>
						<SP ID="P304_SP00272" HPOS="817" VPOS="1388" WIDTH="15"/>
						<String ID="P304_ST00299" HPOS="832" VPOS="1352" WIDTH="92" HEIGHT="27" CONTENT="ribella" WC="0.49" CC="3677360"/>
						<SP ID="P304_SP00273" HPOS="924" VPOS="1388" WIDTH="12"/>
						<String ID="P304_ST00300" HPOS="936" VPOS="1363" WIDTH="34" HEIGHT="17" CONTENT="ne" WC="0.60" CC="61"/>
						<SP ID="P304_SP00274" HPOS="970" VPOS="1388" WIDTH="16"/>
						<String ID="P304_ST00301" HPOS="986" VPOS="1353" WIDTH="69" HEIGHT="27" CONTENT="andò" WC="0.83" CC="0600"/>
						<SP ID="P304_SP00275" HPOS="1055" VPOS="1388" WIDTH="15"/>
						<String ID="P304_ST00302" HPOS="1070" VPOS="1354" WIDTH="26" HEIGHT="26" CONTENT="in" WC="0.46" CC="37"/>
						<SP ID="P304_SP00276" HPOS="1096" VPOS="1388" WIDTH="16"/>
						<String ID="P304_ST00303" HPOS="1112" VPOS="1353" WIDTH="113" HEIGHT="37" CONTENT="arbenga" WC="0.90" CC="0003200"/>
					</TextLine>
					<TextLine ID="P304_TL00028" HPOS="275" VPOS="1400" WIDTH="950" HEIGHT="37">
						<String ID="P304_ST00304" HPOS="275" VPOS="1400" WIDTH="69" HEIGHT="28" CONTENT="dove" WC="0.83" CC="0006"/>
						<SP ID="P304_SP00277" HPOS="344" VPOS="1428" WIDTH="20"/>
						<String ID="P304_ST00305" HPOS="364" VPOS="1408" WIDTH="77" HEIGHT="19" CONTENT="trovo" WC="0.80" CC="03060"/>
						<SP ID="P304_SP00278" HPOS="441" VPOS="1428" WIDTH="22"/>
						<String ID="P304_ST00306" HPOS="463" VPOS="1400" WIDTH="84" HEIGHT="27" CONTENT="molto" WC="0.63" CC="50641"/>
						<SP ID="P304_SP00279" HPOS="547" VPOS="1428" WIDTH="21"/>
						<String ID="P304_ST00307" HPOS="568" VPOS="1401" WIDTH="43" HEIGHT="35" CONTENT="più" WC="0.85" CC="013"/>
						<SP ID="P304_SP00280" HPOS="611" VPOS="1436" WIDTH="22"/>
						<String ID="P304_ST00308" HPOS="633" VPOS="1401" WIDTH="17" HEIGHT="26" CONTENT="li" WC="0.71" CC="05"/>
						<SP ID="P304_SP00281" HPOS="650" VPOS="1436" WIDTH="21"/>
						<String ID="P304_ST00309" HPOS="671" VPOS="1400" WIDTH="107" HEIGHT="36" CONTENT="jubelini" WC="0.89" CC="06000002"/>
						<SP ID="P304_SP00282" HPOS="778" VPOS="1436" WIDTH="21"/>
						<String ID="P304_ST00310" HPOS="799" VPOS="1401" WIDTH="49" HEIGHT="26" CONTENT="che" WC="0.59" CC="650"/>
						<SP ID="P304_SP00283" HPOS="848" VPOS="1436" WIDTH="21"/>
						<String ID="P304_ST00311" HPOS="869" VPOS="1400" WIDTH="17" HEIGHT="28" CONTENT="li" WC="0.77" CC="04"/>
						<SP ID="P304_SP00284" HPOS="886" VPOS="1436" WIDTH="20"/>
						<String ID="P304_ST00312" HPOS="906" VPOS="1400" WIDTH="62" HEIGHT="37" CONTENT="gelsi" WC="0.62" CC="00557"/>
						<SP ID="P304_SP00285" HPOS="968" VPOS="1437" WIDTH="19"/>
						<String ID="P304_ST00313" HPOS="987" VPOS="1412" WIDTH="14" HEIGHT="16" CONTENT="e" WC="1.00" CC="0"/>
						<SP ID="P304_SP00286" HPOS="1001" VPOS="1437" WIDTH="12"/>
						<String ID="P304_ST00314" HPOS="1013" VPOS="1402" WIDTH="17" HEIGHT="27" CONTENT="li" WC="0.72" CC="32"/>
						<SP ID="P304_SP00287" HPOS="1030" VPOS="1437" WIDTH="16"/>
						<String ID="P304_ST00315" HPOS="1046" VPOS="1402" WIDTH="110" HEIGHT="35" CONTENT="jubelini" WC="0.67" CC="06500507"/>
						<SP ID="P304_SP00288" HPOS="1156" VPOS="1437" WIDTH="15"/>
						<String ID="P304_ST00316" HPOS="1171" VPOS="1412" WIDTH="54" HEIGHT="18" CONTENT="non" WC="0.56" CC="048"/>
					</TextLine>
					<TextLine ID="P304_TL00029" HPOS="276" VPOS="1448" WIDTH="948" HEIGHT="39">
						<String ID="P304_ST00317" HPOS="276" VPOS="1448" WIDTH="108" HEIGHT="27" CONTENT="volseno" WC="0.34" CC="9777480"/>
						<SP ID="P304_SP00289" HPOS="384" VPOS="1475" WIDTH="22"/>
						<String ID="P304_ST00318" HPOS="406" VPOS="1448" WIDTH="108" HEIGHT="27" CONTENT="obedire" WC="0.59" CC="0600595"/>
						<SP ID="P304_SP00290" HPOS="514" VPOS="1475" WIDTH="20"/>
						<String ID="P304_ST00319" HPOS="534" VPOS="1449" WIDTH="27" HEIGHT="26" CONTENT="lo" WC="0.82" CC="30"/>
						<SP ID="P304_SP00291" HPOS="561" VPOS="1475" WIDTH="21"/>
						<String ID="P304_ST00320" HPOS="582" VPOS="1448" WIDTH="90" HEIGHT="28" CONTENT="ribella" WC="0.83" CC="0730000"/>
						<SP ID="P304_SP00292" HPOS="672" VPOS="1476" WIDTH="21"/>
						<String ID="P304_ST00321" HPOS="693" VPOS="1448" WIDTH="32" HEIGHT="28" CONTENT="de" WC="0.91" CC="01"/>
						<SP ID="P304_SP00293" HPOS="725" VPOS="1476" WIDTH="14"/>
						<String ID="P304_ST00322" HPOS="739" VPOS="1449" WIDTH="124" HEIGHT="36" CONTENT="grimaldi" WC="0.77" CC="05500304"/>
						<SP ID="P304_SP00294" HPOS="863" VPOS="1485" WIDTH="20"/>
						<String ID="P304_ST00323" HPOS="883" VPOS="1459" WIDTH="14" HEIGHT="17" CONTENT="e" WC="1.00" CC="0"/>
						<SP ID="P304_SP00295" HPOS="897" VPOS="1485" WIDTH="22"/>
						<String ID="P304_ST00324" HPOS="919" VPOS="1449" WIDTH="81" HEIGHT="28" CONTENT="ribela" WC="0.61" CC="426530"/>
						<SP ID="P304_SP00296" HPOS="1000" VPOS="1485" WIDTH="19"/>
						<String ID="P304_ST00325" HPOS="1019" VPOS="1450" WIDTH="129" HEIGHT="37" CONTENT="sdegnato" WC="0.72" CC="90200063"/>
						<SP ID="P304_SP00297" HPOS="1148" VPOS="1487" WIDTH="15"/>
						<String ID="P304_ST00326" HPOS="1163" VPOS="1461" WIDTH="61" HEIGHT="18" CONTENT="caso" WC="0.73" CC="2034"/>
					</TextLine>
					<TextLine ID="P304_TL00030" HPOS="352" VPOS="1496" WIDTH="873" HEIGHT="40">
						<String ID="P304_ST00327" HPOS="352" VPOS="1496" WIDTH="31" HEIGHT="28" CONTENT="de" WC="1.00" CC="00"/>
						<SP ID="P304_SP00298" HPOS="383" VPOS="1524" WIDTH="21"/>
						<String ID="P304_ST00328" HPOS="404" VPOS="1497" WIDTH="113" HEIGHT="37" CONTENT="arbenga" WC="0.37" CC="9440599"/>
						<SP ID="P304_SP00299" HPOS="517" VPOS="1534" WIDTH="22"/>
						<String ID="P304_ST00329" HPOS="539" VPOS="1498" WIDTH="16" HEIGHT="26" CONTENT="li" WC="0.57" CC="44"/>
						<SP ID="P304_SP00300" HPOS="555" VPOS="1534" WIDTH="22"/>
						<String ID="P304_ST00330" HPOS="577" VPOS="1497" WIDTH="105" HEIGHT="36" CONTENT="jubelini" WC="0.56" CC="04762570"/>
						<SP ID="P304_SP00301" HPOS="682" VPOS="1534" WIDTH="22"/>
						<String ID="P304_ST00331" HPOS="704" VPOS="1507" WIDTH="13" HEIGHT="17" CONTENT="e" WC="1.00" CC="0"/>
						<SP ID="P304_SP00302" HPOS="717" VPOS="1534" WIDTH="28"/>
						<String ID="P304_ST00332" HPOS="745" VPOS="1496" WIDTH="27" HEIGHT="28" CONTENT="di" WC="0.18" CC="78"/>
						<SP ID="P304_SP00303" HPOS="772" VPOS="1534" WIDTH="23"/>
						<String ID="P304_ST00333" HPOS="795" VPOS="1507" WIDTH="124" HEIGHT="27" CONTENT="prezente" WC="0.68" CC="05060850"/>
						<SP ID="P304_SP00304" HPOS="919" VPOS="1534" WIDTH="25"/>
						<String ID="P304_ST00334" HPOS="944" VPOS="1499" WIDTH="122" HEIGHT="27" CONTENT="ruinaldo" WC="0.60" CC="67038500"/>
						<SP ID="P304_SP00305" HPOS="1066" VPOS="1534" WIDTH="21"/>
						<String ID="P304_ST00335" HPOS="1087" VPOS="1500" WIDTH="103" HEIGHT="36" CONTENT="spintila" WC="0.52" CC="60188707"/>
						<SP ID="P304_SP00306" HPOS="1190" VPOS="1536" WIDTH="22"/>
						<String ID="P304_ST00336" HPOS="1212" VPOS="1510" WIDTH="13" HEIGHT="17" CONTENT="e" WC="1.00" CC="0"/>
					</TextLine>
					<TextLine ID="P304_TL00031" HPOS="276" VPOS="1546" WIDTH="945" HEIGHT="38">
						<String ID="P304_ST00337" HPOS="276" VPOS="1546" WIDTH="109" HEIGHT="27" CONTENT="currado" WC="0.54" CC="7056093"/>
						<SP ID="P304_SP00307" HPOS="385" VPOS="1573" WIDTH="11"/>
						<String ID="P304_ST00338" HPOS="396" VPOS="1546" WIDTH="155" HEIGHT="36" CONTENT="(Conrado)" WC="0.80" CC="022550003"/>
						<SP ID="P304_SP00308" HPOS="551" VPOS="1582" WIDTH="13"/>
						<String ID="P304_ST00339" HPOS="564" VPOS="1546" WIDTH="31" HEIGHT="27" CONTENT="de" WC="0.81" CC="03"/>
						<SP ID="P304_SP00309" HPOS="595" VPOS="1582" WIDTH="16"/>
						<String ID="P304_ST00340" HPOS="611" VPOS="1546" WIDTH="55" HEIGHT="28" CONTENT="oria" WC="0.83" CC="6000"/>
						<SP ID="P304_SP00310" HPOS="666" VPOS="1582" WIDTH="16"/>
						<String ID="P304_ST00341" HPOS="682" VPOS="1556" WIDTH="172" HEIGHT="27" CONTENT="congregono" WC="0.80" CC="0080000460"/>
						<SP ID="P304_SP00311" HPOS="854" VPOS="1583" WIDTH="20"/>
						<String ID="P304_ST00342" HPOS="874" VPOS="1547" WIDTH="59" HEIGHT="27" CONTENT="loro" WC="0.98" CC="0000"/>
						<SP ID="P304_SP00312" HPOS="933" VPOS="1583" WIDTH="14"/>
						<String ID="P304_ST00343" HPOS="947" VPOS="1550" WIDTH="136" HEIGHT="34" CONTENT="partegani" WC="0.75" CC="005069000"/>
						<SP ID="P304_SP00313" HPOS="1083" VPOS="1584" WIDTH="14"/>
						<String ID="P304_ST00344" HPOS="1097" VPOS="1549" WIDTH="27" HEIGHT="26" CONTENT="in" WC="0.88" CC="20"/>
						<SP ID="P304_SP00314" HPOS="1124" VPOS="1584" WIDTH="16"/>
						<String ID="P304_ST00345" HPOS="1140" VPOS="1550" WIDTH="81" HEIGHT="26" CONTENT="sieme" WC="0.38" CC="34687"/>
					</TextLine>
				</TextBlock>
				<TextBlock ID="P304_TB00006" HPOS="272" VPOS="1659" WIDTH="955" HEIGHT="64" STYLEREFS="TXT_1 PAR_LEFT">
					<TextLine ID="P304_TL00032" HPOS="318" VPOS="1659" WIDTH="909" HEIGHT="31">
						<String ID="P304_ST00346" HPOS="318" VPOS="1660" WIDTH="32" HEIGHT="28" CONTENT="(1)" WC="0.72" CC="403"/>
						<SP ID="P304_SP00315" HPOS="350" VPOS="1688" WIDTH="15"/>
						<String ID="P304_ST00347" HPOS="365" VPOS="1659" WIDTH="36" HEIGHT="22" CONTENT="Sia" WC="0.89" CC="030"/>
						<SP ID="P304_SP00316" HPOS="401" VPOS="1688" WIDTH="16"/>
						<String ID="P304_ST00348" HPOS="417" VPOS="1659" WIDTH="49" HEIGHT="22" CONTENT="dell'" WC="0.83" CC="04004"/>
						<SP ID="P304_SP00317" HPOS="466" VPOS="1688" WIDTH="11"/>
						<String ID="P304_ST00349" HPOS="477" VPOS="1667" WIDTH="40" HEIGHT="14" CONTENT="una" WC="0.38" CC="737"/>
						<SP ID="P304_SP00318" HPOS="517" VPOS="1688" WIDTH="17"/>
						<String ID="P304_ST00350" HPOS="534" VPOS="1660" WIDTH="41" HEIGHT="22" CONTENT="che" WC="0.52" CC="770"/>
						<SP ID="P304_SP00319" HPOS="575" VPOS="1688" WIDTH="17"/>
						<String ID="P304_ST00351" HPOS="592" VPOS="1660" WIDTH="116" HEIGHT="22" CONTENT="dell'altra" WC="0.73" CC="0550503510"/>
						<SP ID="P304_SP00320" HPOS="708" VPOS="1688" WIDTH="16"/>
						<String ID="P304_ST00352" HPOS="724" VPOS="1668" WIDTH="68" HEIGHT="22" CONTENT="epoca" WC="0.50" CC="60476"/>
						<SP ID="P304_SP00321" HPOS="792" VPOS="1690" WIDTH="17"/>
						<String ID="P304_ST00353" HPOS="809" VPOS="1668" WIDTH="44" HEIGHT="15" CONTENT="non" WC="0.26" CC="876"/>
						<SP ID="P304_SP00322" HPOS="853" VPOS="1690" WIDTH="18"/>
						<String ID="P304_ST00354" HPOS="871" VPOS="1660" WIDTH="20" HEIGHT="23" CONTENT="fa" WC="0.63" CC="07"/>
						<SP ID="P304_SP00323" HPOS="891" VPOS="1690" WIDTH="13"/>
						<String ID="P304_ST00355" HPOS="904" VPOS="1662" WIDTH="78" HEIGHT="28" CONTENT="parola" WC="0.67" CC="070136"/>
						<SP ID="P304_SP00324" HPOS="982" VPOS="1690" WIDTH="13"/>
						<String ID="P304_ST00356" HPOS="995" VPOS="1662" WIDTH="15" HEIGHT="22" CONTENT="il" WC="0.82" CC="30"/>
						<SP ID="P304_SP00325" HPOS="1010" VPOS="1690" WIDTH="12"/>
						<String ID="P304_ST00357" HPOS="1022" VPOS="1662" WIDTH="135" HEIGHT="28" CONTENT="Verzellino," WC="0.81" CC="00070005141"/>
						<SP ID="P304_SP00326" HPOS="1157" VPOS="1690" WIDTH="12"/>
						<String ID="P304_ST00358" HPOS="1169" VPOS="1664" WIDTH="58" HEIGHT="21" CONTENT="bensì" WC="0.44" CC="71747"/>
					</TextLine>
					<TextLine ID="P304_TL00033" HPOS="273" VPOS="1700" WIDTH="212" HEIGHT="23">
						<String ID="P304_ST00359" HPOS="273" VPOS="1701" WIDTH="20" HEIGHT="22" CONTENT="le" WC="0.66" CC="06"/>
						<SP ID="P304_SP00327" HPOS="293" VPOS="1723" WIDTH="16"/>
						<String ID="P304_ST00360" HPOS="309" VPOS="1705" WIDTH="53" HEIGHT="18" CONTENT="nota" WC="0.27" CC="7559"/>
						<SP ID="P304_SP00328" HPOS="362" VPOS="1723" WIDTH="14"/>
						<String ID="P304_ST00361" HPOS="376" VPOS="1700" WIDTH="14" HEIGHT="21" CONTENT="il" WC="0.61" CC="70"/>
						<SP ID="P304_SP00329" HPOS="390" VPOS="1723" WIDTH="17"/>
						<String ID="P304_ST00362" HPOS="407" VPOS="1700" WIDTH="78" HEIGHT="23" CONTENT="Monti." WC="0.55" CC="568320"/>
					</TextLine>
				</TextBlock>
			</PrintSpace>
		</Page>
	</Layout>
</alto>
