<?xml version="1.0" encoding="UTF-8"?>
<alto xmlns:xsi="http://www.w3.org/2001/XMLSchema-instance" xsi:noNamespaceSchemaLocation="http://www.bl.uk/schemas/alto/alto-1-4.xsd" xmlns:xlink="http://www.w3.org/1999/xlink">
	<Description>
		<MeasurementUnit>mm10</MeasurementUnit>
		<sourceImageInformation>
			<fileName>//head1/IN/2008-29/A0011808733/000563.jp2</fileName>
		</sourceImageInformation>
		<OCRProcessing ID="OCRPROCESSING_1">
			<preProcessingStep>
				<processingSoftware>
					<softwareCreator>CCS Content Conversion Specialists GmbH, Germany</softwareCreator>
					<softwareName>CCS docWORKS</softwareName>
					<softwareVersion>6.1-0.67</softwareVersion>
				</processingSoftware>
			</preProcessingStep>
			<ocrProcessingStep>
				<processingSoftware>
					<softwareCreator>ABBYY (BIT Software), Russia</softwareCreator>
					<softwareName>Finereader</softwareName>
				</processingSoftware>
			</ocrProcessingStep>
		</OCRProcessing>
	</Description>
	<Styles>
		<TextStyle ID="TXT_0" FONTSIZE="11" FONTFAMILY="Courier New"/>
		<TextStyle ID="TXT_1" FONTSIZE="9" FONTFAMILY="Courier New"/>
		<ParagraphStyle ID="PAR_RIGHT" ALIGN="Right"/>
		<ParagraphStyle ID="PAR_LEFT" ALIGN="Left"/>
	</Styles>
	<Layout>
		<Page ID="P309" PHYSICAL_IMG_NR="309" HEIGHT="2078" WIDTH="1373" PRINTED_IMG_NR="295" POSITION="Right" ACCURACY="67.15">
			<TopMargin ID="P309_TM00001" HPOS="0" VPOS="0" WIDTH="1373" HEIGHT="153">
				<TextBlock ID="P309_TB00001" HPOS="1050" VPOS="123" WIDTH="55" HEIGHT="28" STYLEREFS="TXT_0 PAR_RIGHT">
					<TextLine ID="P309_TL00001" HPOS="1050" VPOS="123" WIDTH="55" HEIGHT="28">
						<String ID="P309_ST00001" HPOS="1050" VPOS="123" WIDTH="55" HEIGHT="28" CONTENT="295" WC="1.00" CC="000"/>
					</TextLine>
				</TextBlock>
			</TopMargin>
			<LeftMargin ID="P309_LM00001" HPOS="0" VPOS="153" WIDTH="152" HEIGHT="1641"/>
			<RightMargin ID="P309_RM00001" HPOS="1115" VPOS="153" WIDTH="258" HEIGHT="1641"/>
			<BottomMargin ID="P309_BM00001" HPOS="0" VPOS="1794" WIDTH="1373" HEIGHT="283"/>
			<PrintSpace ID="P309_PS00001" HPOS="152" VPOS="153" WIDTH="965" HEIGHT="1641">
				<TextBlock ID="P309_TB00002" HPOS="152" VPOS="176" WIDTH="965" HEIGHT="1468" STYLEREFS="TXT_1 PAR_LEFT">
					<TextLine ID="P309_TL00002" HPOS="153" VPOS="176" WIDTH="957" HEIGHT="39">
						<String ID="P309_ST00002" HPOS="153" VPOS="177" WIDTH="26" HEIGHT="28" CONTENT="lo" WC="0.78" CC="40"/>
						<SP ID="P309_SP00001" HPOS="179" VPOS="205" WIDTH="22"/>
						<String ID="P309_ST00003" HPOS="201" VPOS="176" WIDTH="76" HEIGHT="39" CONTENT="quale" WC="0.89" CC="00050"/>
						<SP ID="P309_SP00002" HPOS="277" VPOS="215" WIDTH="21"/>
						<String ID="P309_ST00004" HPOS="298" VPOS="179" WIDTH="27" HEIGHT="28" CONTENT="lo" WC="0.57" CC="62"/>
						<SP ID="P309_SP00003" HPOS="325" VPOS="215" WIDTH="21"/>
						<String ID="P309_ST00005" HPOS="346" VPOS="179" WIDTH="117" HEIGHT="28" CONTENT="ruinono" WC="0.75" CC="5150040"/>
						<SP ID="P309_SP00004" HPOS="463" VPOS="215" WIDTH="21"/>
						<String ID="P309_ST00006" HPOS="484" VPOS="178" WIDTH="54" HEIGHT="30" CONTENT="fino" WC="0.63" CC="3352"/>
						<SP ID="P309_SP00005" HPOS="538" VPOS="215" WIDTH="21"/>
						<String ID="P309_ST00007" HPOS="559" VPOS="181" WIDTH="27" HEIGHT="27" CONTENT="in" WC="0.81" CC="30"/>
						<SP ID="P309_SP00006" HPOS="586" VPOS="215" WIDTH="21"/>
						<String ID="P309_ST00008" HPOS="607" VPOS="180" WIDTH="17" HEIGHT="28" CONTENT="li" WC="0.35" CC="75"/>
						<SP ID="P309_SP00007" HPOS="624" VPOS="215" WIDTH="22"/>
						<String ID="P309_ST00009" HPOS="646" VPOS="179" WIDTH="166" HEIGHT="29" CONTENT="fondamenti" WC="0.81" CC="0060002036"/>
						<SP ID="P309_SP00008" HPOS="812" VPOS="215" WIDTH="21"/>
						<String ID="P309_ST00010" HPOS="833" VPOS="180" WIDTH="45" HEIGHT="35" CONTENT="poi" WC="0.72" CC="026"/>
						<SP ID="P309_SP00009" HPOS="878" VPOS="215" WIDTH="21"/>
						<String ID="P309_ST00011" HPOS="899" VPOS="178" WIDTH="78" HEIGHT="28" CONTENT="molti" WC="0.59" CC="53461"/>
						<SP ID="P309_SP00010" HPOS="977" VPOS="215" WIDTH="13"/>
						<String ID="P309_ST00012" HPOS="990" VPOS="177" WIDTH="120" HEIGHT="38" CONTENT="populari" WC="0.71" CC="03037007"/>
					</TextLine>
					<TextLine ID="P309_TL00003" HPOS="154" VPOS="227" WIDTH="956" HEIGHT="39">
						<String ID="P309_ST00013" HPOS="154" VPOS="227" WIDTH="27" HEIGHT="28" CONTENT="di" WC="1.00" CC="00"/>
						<SP ID="P309_SP00011" HPOS="181" VPOS="255" WIDTH="21"/>
						<String ID="P309_ST00014" HPOS="202" VPOS="238" WIDTH="86" HEIGHT="26" CONTENT="genoa" WC="1.00" CC="00000"/>
						<SP ID="P309_SP00012" HPOS="288" VPOS="264" WIDTH="21"/>
						<String ID="P309_ST00015" HPOS="309" VPOS="228" WIDTH="33" HEIGHT="27" CONTENT="de" WC="0.58" CC="80"/>
						<SP ID="P309_SP00013" HPOS="342" VPOS="264" WIDTH="21"/>
						<String ID="P309_ST00016" HPOS="363" VPOS="228" WIDTH="23" HEIGHT="28" CONTENT="le" WC="0.64" CC="33"/>
						<SP ID="P309_SP00014" HPOS="386" VPOS="264" WIDTH="21"/>
						<String ID="P309_ST00017" HPOS="407" VPOS="237" WIDTH="39" HEIGHT="19" CONTENT="tre" WC="0.73" CC="610"/>
						<SP ID="P309_SP00015" HPOS="446" VPOS="264" WIDTH="21"/>
						<String ID="P309_ST00018" HPOS="467" VPOS="230" WIDTH="126" HEIGHT="35" CONTENT="poistarie" WC="0.83" CC="004000900"/>
						<SP ID="P309_SP00016" HPOS="593" VPOS="265" WIDTH="20"/>
						<String ID="P309_ST00019" HPOS="613" VPOS="240" WIDTH="115" HEIGHT="26" CONTENT="prezeno" WC="0.73" CC="0009106"/>
						<SP ID="P309_SP00017" HPOS="728" VPOS="266" WIDTH="20"/>
						<String ID="P309_ST00020" HPOS="748" VPOS="229" WIDTH="23" HEIGHT="27" CONTENT="le" WC="0.63" CC="07"/>
						<SP ID="P309_SP00018" HPOS="771" VPOS="266" WIDTH="22"/>
						<String ID="P309_ST00021" HPOS="793" VPOS="239" WIDTH="73" HEIGHT="17" CONTENT="arme" WC="0.77" CC="0503"/>
						<SP ID="P309_SP00019" HPOS="866" VPOS="266" WIDTH="22"/>
						<String ID="P309_ST00022" HPOS="888" VPOS="230" WIDTH="26" HEIGHT="25" CONTENT="in" WC="0.78" CC="13"/>
						<SP ID="P309_SP00020" HPOS="914" VPOS="266" WIDTH="22"/>
						<String ID="P309_ST00023" HPOS="936" VPOS="237" WIDTH="80" HEIGHT="17" CONTENT="mano" WC="0.63" CC="0680"/>
						<SP ID="P309_SP00021" HPOS="1016" VPOS="266" WIDTH="22"/>
						<String ID="P309_ST00024" HPOS="1038" VPOS="237" WIDTH="13" HEIGHT="17" CONTENT="e" WC="0.44" CC="5"/>
						<SP ID="P309_SP00022" HPOS="1051" VPOS="266" WIDTH="16"/>
						<String ID="P309_ST00025" HPOS="1067" VPOS="236" WIDTH="43" HEIGHT="17" CONTENT="an" SUBS_TYPE="HypPart1" SUBS_CONTENT="andavano" WC="0.81" CC="050"/>
						<HYP CONTENT="-"/>
					</TextLine>
					<TextLine ID="P309_TL00004" HPOS="154" VPOS="275" WIDTH="955" HEIGHT="30">
						<String ID="P309_ST00026" HPOS="154" VPOS="276" WIDTH="105" HEIGHT="28" CONTENT="davano" SUBS_TYPE="HypPart2" SUBS_CONTENT="andavano" WC="0.83" CC="000900"/>
						<SP ID="P309_SP00023" HPOS="259" VPOS="304" WIDTH="21"/>
						<String ID="P309_ST00027" HPOS="280" VPOS="277" WIDTH="128" HEIGHT="28" CONTENT="cridando" WC="0.78" CC="30170004"/>
						<SP ID="P309_SP00024" HPOS="408" VPOS="305" WIDTH="22"/>
						<String ID="P309_ST00028" HPOS="430" VPOS="277" WIDTH="114" HEIGHT="28" CONTENT="dicendo" WC="0.64" CC="0556700"/>
						<SP ID="P309_SP00025" HPOS="544" VPOS="305" WIDTH="22"/>
						<String ID="P309_ST00029" HPOS="566" VPOS="278" WIDTH="48" HEIGHT="27" CONTENT="che" WC="0.63" CC="550"/>
						<SP ID="P309_SP00026" HPOS="614" VPOS="305" WIDTH="20"/>
						<String ID="P309_ST00030" HPOS="634" VPOS="278" WIDTH="60" HEIGHT="27" CONTENT="loro" WC="0.84" CC="4010"/>
						<SP ID="P309_SP00027" HPOS="694" VPOS="305" WIDTH="20"/>
						<String ID="P309_ST00031" HPOS="714" VPOS="278" WIDTH="130" HEIGHT="27" CONTENT="volevan'-" WC="0.62" CC="604400864"/>
						<SP ID="P309_SP00028" HPOS="844" VPOS="305" WIDTH="143"/>
						<String ID="P309_ST00032" HPOS="987" VPOS="277" WIDTH="24" HEIGHT="25" CONTENT="lo" WC="0.75" CC="05"/>
						<SP ID="P309_SP00029" HPOS="1011" VPOS="305" WIDTH="15"/>
						<String ID="P309_ST00033" HPOS="1026" VPOS="275" WIDTH="83" HEIGHT="28" CONTENT="Abate" WC="0.37" CC="36766"/>
					</TextLine>
					<TextLine ID="P309_TL00005" HPOS="155" VPOS="324" WIDTH="955" HEIGHT="38">
						<String ID="P309_ST00034" HPOS="155" VPOS="325" WIDTH="32" HEIGHT="28" CONTENT="de" WC="1.00" CC="00"/>
						<SP ID="P309_SP00030" HPOS="187" VPOS="353" WIDTH="22"/>
						<String ID="P309_ST00035" HPOS="209" VPOS="326" WIDTH="25" HEIGHT="26" CONTENT="lo" WC="0.79" CC="40"/>
						<SP ID="P309_SP00031" HPOS="234" VPOS="353" WIDTH="21"/>
						<String ID="P309_ST00036" HPOS="255" VPOS="326" WIDTH="100" HEIGHT="36" CONTENT="populo" WC="0.84" CC="000270"/>
						<SP ID="P309_SP00032" HPOS="355" VPOS="362" WIDTH="21"/>
						<String ID="P309_ST00037" HPOS="376" VPOS="336" WIDTH="15" HEIGHT="17" CONTENT="e" WC="1.00" CC="0"/>
						<SP ID="P309_SP00033" HPOS="391" VPOS="362" WIDTH="20"/>
						<String ID="P309_ST00038" HPOS="411" VPOS="326" WIDTH="49" HEIGHT="28" CONTENT="che" WC="0.72" CC="800"/>
						<SP ID="P309_SP00034" HPOS="460" VPOS="362" WIDTH="14"/>
						<String ID="P309_ST00039" HPOS="474" VPOS="337" WIDTH="56" HEIGHT="17" CONTENT="non" WC="0.50" CC="508"/>
						<SP ID="P309_SP00035" HPOS="530" VPOS="362" WIDTH="16"/>
						<String ID="P309_ST00040" HPOS="546" VPOS="327" WIDTH="132" HEIGHT="27" CONTENT="volevano" WC="0.80" CC="03500060"/>
						<SP ID="P309_SP00036" HPOS="678" VPOS="362" WIDTH="15"/>
						<String ID="P309_ST00041" HPOS="693" VPOS="326" WIDTH="47" HEIGHT="28" CONTENT="che" WC="0.48" CC="671"/>
						<SP ID="P309_SP00037" HPOS="740" VPOS="362" WIDTH="16"/>
						<String ID="P309_ST00042" HPOS="756" VPOS="326" WIDTH="56" HEIGHT="27" CONTENT="fose" WC="0.64" CC="4460"/>
						<SP ID="P309_SP00038" HPOS="812" VPOS="362" WIDTH="16"/>
						<String ID="P309_ST00043" HPOS="828" VPOS="325" WIDTH="68" HEIGHT="28" CONTENT="eleto" WC="0.80" CC="20340"/>
						<SP ID="P309_SP00039" HPOS="896" VPOS="362" WIDTH="16"/>
						<String ID="P309_ST00044" HPOS="912" VPOS="335" WIDTH="59" HEIGHT="16" CONTENT="soto" WC="0.77" CC="9000"/>
						<SP ID="P309_SP00040" HPOS="971" VPOS="362" WIDTH="16"/>
						<String ID="P309_ST00045" HPOS="987" VPOS="326" WIDTH="26" HEIGHT="25" CONTENT="lo" WC="0.36" CC="66"/>
						<SP ID="P309_SP00041" HPOS="1013" VPOS="362" WIDTH="15"/>
						<String ID="P309_ST00046" HPOS="1028" VPOS="324" WIDTH="82" HEIGHT="27" CONTENT="modo" WC="0.75" CC="9000"/>
					</TextLine>
					<TextLine ID="P309_TL00006" HPOS="155" VPOS="373" WIDTH="851" HEIGHT="39">
						<String ID="P309_ST00047" HPOS="155" VPOS="375" WIDTH="32" HEIGHT="27" CONTENT="de" WC="1.00" CC="00"/>
						<SP ID="P309_SP00042" HPOS="187" VPOS="402" WIDTH="22"/>
						<String ID="P309_ST00048" HPOS="209" VPOS="375" WIDTH="17" HEIGHT="27" CONTENT="li" WC="0.59" CC="71"/>
						<SP ID="P309_SP00043" HPOS="226" VPOS="402" WIDTH="22"/>
						<String ID="P309_ST00049" HPOS="248" VPOS="376" WIDTH="43" HEIGHT="26" CONTENT="ani" WC="0.39" CC="980"/>
						<SP ID="P309_SP00044" HPOS="291" VPOS="402" WIDTH="19"/>
						<String ID="P309_ST00050" HPOS="310" VPOS="376" WIDTH="85" HEIGHT="36" CONTENT="pasati" WC="0.75" CC="090040"/>
						<SP ID="P309_SP00045" HPOS="395" VPOS="412" WIDTH="20"/>
						<String ID="P309_ST00051" HPOS="415" VPOS="385" WIDTH="13" HEIGHT="18" CONTENT="e" WC="0.84" CC="1"/>
						<SP ID="P309_SP00046" HPOS="428" VPOS="412" WIDTH="22"/>
						<String ID="P309_ST00052" HPOS="450" VPOS="375" WIDTH="26" HEIGHT="27" CONTENT="lo" WC="0.50" CC="09"/>
						<SP ID="P309_SP00047" HPOS="476" VPOS="412" WIDTH="22"/>
						<String ID="P309_ST00053" HPOS="498" VPOS="384" WIDTH="72" HEIGHT="19" CONTENT="terso" WC="0.82" CC="30500"/>
						<SP ID="P309_SP00048" HPOS="570" VPOS="412" WIDTH="21"/>
						<String ID="P309_ST00054" HPOS="591" VPOS="377" WIDTH="77" HEIGHT="35" CONTENT="jorno" WC="0.73" CC="00632"/>
						<SP ID="P309_SP00049" HPOS="668" VPOS="412" WIDTH="21"/>
						<String ID="P309_ST00055" HPOS="689" VPOS="375" WIDTH="27" HEIGHT="28" CONTENT="di" WC="0.70" CC="06"/>
						<SP ID="P309_SP00050" HPOS="716" VPOS="412" WIDTH="20"/>
						<String ID="P309_ST00056" HPOS="736" VPOS="375" WIDTH="120" HEIGHT="27" CONTENT="setenbre" WC="0.72" CC="37000045"/>
						<SP ID="P309_SP00051" HPOS="856" VPOS="412" WIDTH="31"/>
						<String ID="P309_ST00057" HPOS="887" VPOS="373" WIDTH="24" HEIGHT="28" CONTENT="fu" WC="0.68" CC="06"/>
						<SP ID="P309_SP00052" HPOS="911" VPOS="412" WIDTH="27"/>
						<String ID="P309_ST00058" HPOS="938" VPOS="373" WIDTH="55" HEIGHT="28" CONTENT="eleti" WC="0.62" CC="24037"/>
						<SP ID="P309_SP00053" HPOS="993" VPOS="412" WIDTH="11"/>
						<String ID="P309_ST00059" HPOS="1004" VPOS="385" WIDTH="2" HEIGHT="14" CONTENT="i" WC="0.37" CC="6"/>
					</TextLine>
					<TextLine ID="P309_TL00007" HPOS="155" VPOS="422" WIDTH="957" HEIGHT="40">
						<String ID="P309_ST00060" HPOS="155" VPOS="425" WIDTH="105" HEIGHT="27" CONTENT="homini" WC="0.67" CC="500273"/>
						<SP ID="P309_SP00054" HPOS="260" VPOS="452" WIDTH="21"/>
						<String ID="P309_ST00061" HPOS="281" VPOS="424" WIDTH="27" HEIGHT="28" CONTENT="di" WC="0.83" CC="03"/>
						<SP ID="P309_SP00055" HPOS="308" VPOS="452" WIDTH="21"/>
						<String ID="P309_ST00062" HPOS="329" VPOS="434" WIDTH="87" HEIGHT="28" CONTENT="genoa" WC="1.00" CC="00000"/>
						<SP ID="P309_SP00056" HPOS="416" VPOS="462" WIDTH="21"/>
						<String ID="P309_ST00063" HPOS="437" VPOS="434" WIDTH="14" HEIGHT="17" CONTENT="e" WC="1.00" CC="0"/>
						<SP ID="P309_SP00057" HPOS="451" VPOS="462" WIDTH="22"/>
						<String ID="P309_ST00064" HPOS="473" VPOS="424" WIDTH="31" HEIGHT="27" CONTENT="de" WC="0.81" CC="03"/>
						<SP ID="P309_SP00058" HPOS="504" VPOS="462" WIDTH="21"/>
						<String ID="P309_ST00065" HPOS="525" VPOS="424" WIDTH="23" HEIGHT="27" CONTENT="le" WC="0.96" CC="00"/>
						<SP ID="P309_SP00059" HPOS="548" VPOS="462" WIDTH="21"/>
						<String ID="P309_ST00066" HPOS="569" VPOS="432" WIDTH="38" HEIGHT="19" CONTENT="tre" WC="1.00" CC="000"/>
						<SP ID="P309_SP00060" HPOS="607" VPOS="462" WIDTH="21"/>
						<String ID="P309_ST00067" HPOS="628" VPOS="424" WIDTH="127" HEIGHT="37" CONTENT="poistarie" WC="0.75" CC="005108410"/>
						<SP ID="P309_SP00061" HPOS="755" VPOS="462" WIDTH="22"/>
						<String ID="P309_ST00068" HPOS="777" VPOS="425" WIDTH="48" HEIGHT="26" CONTENT="tuti" WC="0.67" CC="2404"/>
						<SP ID="P309_SP00062" HPOS="825" VPOS="462" WIDTH="20"/>
						<String ID="P309_ST00069" HPOS="845" VPOS="423" WIDTH="121" HEIGHT="37" CONTENT="populari" WC="0.69" CC="03000776"/>
						<SP ID="P309_SP00063" HPOS="966" VPOS="462" WIDTH="28"/>
						<String ID="P309_ST00070" HPOS="994" VPOS="423" WIDTH="43" HEIGHT="26" CONTENT="chi" WC="0.36" CC="845"/>
						<SP ID="P309_SP00064" HPOS="1037" VPOS="462" WIDTH="28"/>
						<String ID="P309_ST00071" HPOS="1065" VPOS="422" WIDTH="47" HEIGHT="27" CONTENT="do" SUBS_TYPE="HypPart1" SUBS_CONTENT="doveseno" WC="0.86" CC="030"/>
						<HYP CONTENT="-"/>
					</TextLine>
					<TextLine ID="P309_TL00008" HPOS="154" VPOS="471" WIDTH="959" HEIGHT="39">
						<String ID="P309_ST00072" HPOS="154" VPOS="484" WIDTH="101" HEIGHT="17" CONTENT="veseno" SUBS_TYPE="HypPart2" SUBS_CONTENT="doveseno" WC="0.88" CC="000230"/>
						<SP ID="P309_SP00065" HPOS="255" VPOS="501" WIDTH="21"/>
						<String ID="P309_ST00073" HPOS="276" VPOS="473" WIDTH="55" HEIGHT="28" CONTENT="fare" WC="0.92" CC="0003"/>
						<SP ID="P309_SP00066" HPOS="331" VPOS="501" WIDTH="21"/>
						<String ID="P309_ST00074" HPOS="352" VPOS="473" WIDTH="102" HEIGHT="28" CONTENT="lecione" WC="0.86" CC="0000025"/>
						<SP ID="P309_SP00067" HPOS="454" VPOS="501" WIDTH="21"/>
						<String ID="P309_ST00075" HPOS="475" VPOS="473" WIDTH="32" HEIGHT="28" CONTENT="de" WC="0.50" CC="90"/>
						<SP ID="P309_SP00068" HPOS="507" VPOS="501" WIDTH="22"/>
						<String ID="P309_ST00076" HPOS="529" VPOS="473" WIDTH="25" HEIGHT="28" CONTENT="lo" WC="0.71" CC="50"/>
						<SP ID="P309_SP00069" HPOS="554" VPOS="501" WIDTH="22"/>
						<String ID="P309_ST00077" HPOS="576" VPOS="473" WIDTH="75" HEIGHT="28" CONTENT="abate" WC="0.60" CC="04752"/>
						<SP ID="P309_SP00070" HPOS="651" VPOS="501" WIDTH="21"/>
						<String ID="P309_ST00078" HPOS="672" VPOS="473" WIDTH="18" HEIGHT="28" CONTENT="li" WC="0.76" CC="13"/>
						<SP ID="P309_SP00071" HPOS="690" VPOS="501" WIDTH="29"/>
						<String ID="P309_ST00079" HPOS="719" VPOS="473" WIDTH="70" HEIGHT="37" CONTENT="quali" WC="0.79" CC="03007"/>
						<SP ID="P309_SP00072" HPOS="789" VPOS="510" WIDTH="29"/>
						<String ID="P309_ST00080" HPOS="818" VPOS="482" WIDTH="33" HEIGHT="18" CONTENT="20" WC="0.55" CC="90"/>
						<SP ID="P309_SP00073" HPOS="851" VPOS="510" WIDTH="13"/>
						<String ID="P309_ST00081" HPOS="864" VPOS="476" WIDTH="9" HEIGHT="30" CONTENT="/" WC="0.85" CC="1"/>
						<SP ID="P309_SP00074" HPOS="873" VPOS="510" WIDTH="29"/>
						<String ID="P309_ST00082" HPOS="902" VPOS="473" WIDTH="105" HEIGHT="26" CONTENT="homini" WC="0.46" CC="730767"/>
						<SP ID="P309_SP00075" HPOS="1007" VPOS="510" WIDTH="29"/>
						<String ID="P309_ST00083" HPOS="1036" VPOS="471" WIDTH="21" HEIGHT="26" CONTENT="si" WC="0.53" CC="35"/>
						<SP ID="P309_SP00076" HPOS="1057" VPOS="510" WIDTH="29"/>
						<String ID="P309_ST00084" HPOS="1086" VPOS="480" WIDTH="27" HEIGHT="17" CONTENT="se" WC="0.59" CC="25"/>
					</TextLine>
					<TextLine ID="P309_TL00009" HPOS="155" VPOS="519" WIDTH="957" HEIGHT="41">
						<String ID="P309_ST00085" HPOS="155" VPOS="523" WIDTH="129" HEIGHT="28" CONTENT="reducero" WC="0.91" CC="24000000"/>
						<SP ID="P309_SP00077" HPOS="284" VPOS="551" WIDTH="21"/>
						<String ID="P309_ST00086" HPOS="305" VPOS="524" WIDTH="28" HEIGHT="26" CONTENT="in" WC="0.43" CC="37"/>
						<SP ID="P309_SP00078" HPOS="333" VPOS="551" WIDTH="20"/>
						<String ID="P309_ST00087" HPOS="353" VPOS="523" WIDTH="102" HEIGHT="37" CONTENT="palacio" WC="0.75" CC="0007602"/>
						<SP ID="P309_SP00079" HPOS="455" VPOS="560" WIDTH="22"/>
						<String ID="P309_ST00088" HPOS="477" VPOS="523" WIDTH="31" HEIGHT="27" CONTENT="de" WC="0.16" CC="97"/>
						<SP ID="P309_SP00080" HPOS="508" VPOS="560" WIDTH="22"/>
						<String ID="P309_ST00089" HPOS="530" VPOS="523" WIDTH="16" HEIGHT="27" CONTENT="li" WC="0.89" CC="20"/>
						<SP ID="P309_SP00081" HPOS="546" VPOS="560" WIDTH="23"/>
						<String ID="P309_ST00090" HPOS="569" VPOS="523" WIDTH="69" HEIGHT="29" CONTENT="abati" WC="0.85" CC="07000"/>
						<SP ID="P309_SP00082" HPOS="638" VPOS="560" WIDTH="21"/>
						<String ID="P309_ST00091" HPOS="659" VPOS="533" WIDTH="13" HEIGHT="17" CONTENT="e" WC="0.78" CC="2"/>
						<SP ID="P309_SP00083" HPOS="672" VPOS="560" WIDTH="24"/>
						<String ID="P309_ST00092" HPOS="696" VPOS="530" WIDTH="57" HEIGHT="19" CONTENT="tuto" WC="0.76" CC="3060"/>
						<SP ID="P309_SP00084" HPOS="753" VPOS="560" WIDTH="29"/>
						<String ID="P309_ST00093" HPOS="782" VPOS="523" WIDTH="18" HEIGHT="26" CONTENT="il" WC="0.60" CC="34"/>
						<SP ID="P309_SP00085" HPOS="800" VPOS="560" WIDTH="27"/>
						<String ID="P309_ST00094" HPOS="827" VPOS="522" WIDTH="99" HEIGHT="36" CONTENT="populo" WC="0.72" CC="000069"/>
						<SP ID="P309_SP00086" HPOS="926" VPOS="560" WIDTH="29"/>
						<String ID="P309_ST00095" HPOS="955" VPOS="529" WIDTH="72" HEIGHT="18" CONTENT="stava" WC="0.43" CC="25909"/>
						<SP ID="P309_SP00087" HPOS="1027" VPOS="560" WIDTH="29"/>
						<String ID="P309_ST00096" HPOS="1056" VPOS="519" WIDTH="56" HEIGHT="27" CONTENT="fora" WC="0.75" CC="2070"/>
					</TextLine>
					<TextLine ID="P309_TL00010" HPOS="156" VPOS="567" WIDTH="954" HEIGHT="43">
						<String ID="P309_ST00097" HPOS="156" VPOS="572" WIDTH="143" HEIGHT="38" CONTENT="aspetando" WC="0.86" CC="000060500"/>
						<SP ID="P309_SP00088" HPOS="299" VPOS="610" WIDTH="21"/>
						<String ID="P309_ST00098" HPOS="320" VPOS="572" WIDTH="24" HEIGHT="28" CONTENT="la" WC="1.00" CC="00"/>
						<SP ID="P309_SP00089" HPOS="344" VPOS="610" WIDTH="20"/>
						<String ID="P309_ST00099" HPOS="364" VPOS="572" WIDTH="105" HEIGHT="28" CONTENT="lecione" WC="0.64" CC="0267044"/>
						<SP ID="P309_SP00090" HPOS="469" VPOS="610" WIDTH="21"/>
						<String ID="P309_ST00100" HPOS="490" VPOS="572" WIDTH="31" HEIGHT="28" CONTENT="de" WC="1.00" CC="00"/>
						<SP ID="P309_SP00091" HPOS="521" VPOS="610" WIDTH="20"/>
						<String ID="P309_ST00101" HPOS="541" VPOS="571" WIDTH="27" HEIGHT="28" CONTENT="lo" WC="0.93" CC="10"/>
						<SP ID="P309_SP00092" HPOS="568" VPOS="610" WIDTH="22"/>
						<String ID="P309_ST00102" HPOS="590" VPOS="572" WIDTH="73" HEIGHT="27" CONTENT="abate" WC="0.58" CC="07705"/>
						<SP ID="P309_SP00093" HPOS="663" VPOS="610" WIDTH="21"/>
						<String ID="P309_ST00103" HPOS="684" VPOS="581" WIDTH="14" HEIGHT="17" CONTENT="e" WC="0.42" CC="5"/>
						<SP ID="P309_SP00094" HPOS="698" VPOS="610" WIDTH="25"/>
						<String ID="P309_ST00104" HPOS="723" VPOS="580" WIDTH="88" HEIGHT="18" CONTENT="acazio" WC="0.34" CC="789057"/>
						<SP ID="P309_SP00095" HPOS="811" VPOS="610" WIDTH="32"/>
						<String ID="P309_ST00105" HPOS="843" VPOS="579" WIDTH="53" HEIGHT="18" CONTENT="uno" WC="0.53" CC="561"/>
						<SP ID="P309_SP00096" HPOS="896" VPOS="610" WIDTH="31"/>
						<String ID="P309_ST00106" HPOS="927" VPOS="568" WIDTH="99" HEIGHT="28" CONTENT="artifice" WC="0.60" CC="60473360"/>
						<SP ID="P309_SP00097" HPOS="1026" VPOS="610" WIDTH="32"/>
						<String ID="P309_ST00107" HPOS="1058" VPOS="567" WIDTH="52" HEIGHT="29" CONTENT="bari" WC="0.68" CC="4800"/>
					</TextLine>
					<TextLine ID="P309_TL00011" HPOS="156" VPOS="617" WIDTH="893" HEIGHT="42">
						<String ID="P309_ST00108" HPOS="156" VPOS="622" WIDTH="59" HEIGHT="28" CONTENT="loro" WC="0.74" CC="5022"/>
						<SP ID="P309_SP00098" HPOS="215" VPOS="650" WIDTH="11"/>
						<String ID="P309_ST00109" HPOS="226" VPOS="622" WIDTH="44" HEIGHT="37" CONTENT="(1)" WC="1.00" CC="000"/>
						<SP ID="P309_SP00099" HPOS="270" VPOS="659" WIDTH="11"/>
						<String ID="P309_ST00110" HPOS="281" VPOS="622" WIDTH="44" HEIGHT="36" CONTENT="più" WC="0.74" CC="025"/>
						<SP ID="P309_SP00100" HPOS="325" VPOS="659" WIDTH="15"/>
						<String ID="P309_ST00111" HPOS="340" VPOS="629" WIDTH="89" HEIGHT="29" CONTENT="presto" WC="0.71" CC="090060"/>
						<SP ID="P309_SP00101" HPOS="429" VPOS="659" WIDTH="15"/>
						<String ID="P309_ST00112" HPOS="444" VPOS="620" WIDTH="120" HEIGHT="37" CONTENT="simplice" WC="0.65" CC="04004565"/>
						<SP ID="P309_SP00102" HPOS="564" VPOS="659" WIDTH="16"/>
						<String ID="P309_ST00113" HPOS="580" VPOS="620" WIDTH="49" HEIGHT="27" CONTENT="che" WC="0.54" CC="660"/>
						<SP ID="P309_SP00103" HPOS="629" VPOS="659" WIDTH="18"/>
						<String ID="P309_ST00114" HPOS="647" VPOS="628" WIDTH="87" HEIGHT="19" CONTENT="astuto" WC="0.68" CC="700262"/>
						<SP ID="P309_SP00104" HPOS="734" VPOS="659" WIDTH="15"/>
						<String ID="P309_ST00115" HPOS="749" VPOS="627" WIDTH="94" HEIGHT="20" CONTENT="monto" WC="0.73" CC="00750"/>
						<SP ID="P309_SP00105" HPOS="843" VPOS="659" WIDTH="15"/>
						<String ID="P309_ST00116" HPOS="858" VPOS="619" WIDTH="28" HEIGHT="26" CONTENT="in" WC="0.41" CC="65"/>
						<SP ID="P309_SP00106" HPOS="886" VPOS="659" WIDTH="15"/>
						<String ID="P309_ST00117" HPOS="901" VPOS="619" WIDTH="54" HEIGHT="25" CONTENT="alto" WC="0.70" CC="0056"/>
						<SP ID="P309_SP00107" HPOS="955" VPOS="659" WIDTH="15"/>
						<String ID="P309_ST00118" HPOS="970" VPOS="628" WIDTH="13" HEIGHT="16" CONTENT="e" WC="0.57" CC="4"/>
						<SP ID="P309_SP00108" HPOS="983" VPOS="659" WIDTH="16"/>
						<String ID="P309_ST00119" HPOS="999" VPOS="617" WIDTH="50" HEIGHT="27" CONTENT="dis't" WC="0.58" CC="06076"/>
					</TextLine>
					<TextLine ID="P309_TL00012" HPOS="156" VPOS="666" WIDTH="957" HEIGHT="33">
						<String ID="P309_ST00120" HPOS="156" VPOS="672" WIDTH="45" HEIGHT="27" CONTENT="leti" WC="0.65" CC="0077"/>
						<SP ID="P309_SP00109" HPOS="201" VPOS="699" WIDTH="20"/>
						<String ID="P309_ST00121" HPOS="221" VPOS="672" WIDTH="46" HEIGHT="27" CONTENT="voi" WC="0.94" CC="010"/>
						<SP ID="P309_SP00110" HPOS="267" VPOS="699" WIDTH="21"/>
						<String ID="P309_ST00122" HPOS="288" VPOS="671" WIDTH="48" HEIGHT="27" CONTENT="che" WC="0.37" CC="566"/>
						<SP ID="P309_SP00111" HPOS="336" VPOS="699" WIDTH="21"/>
						<String ID="P309_ST00123" HPOS="357" VPOS="672" WIDTH="27" HEIGHT="26" CONTENT="io" WC="0.78" CC="40"/>
						<SP ID="P309_SP00112" HPOS="384" VPOS="699" WIDTH="21"/>
						<String ID="P309_ST00124" HPOS="405" VPOS="681" WIDTH="31" HEIGHT="17" CONTENT="ve" WC="0.82" CC="03"/>
						<SP ID="P309_SP00113" HPOS="436" VPOS="699" WIDTH="23"/>
						<String ID="P309_ST00125" HPOS="459" VPOS="669" WIDTH="120" HEIGHT="29" CONTENT="aricorde" WC="0.75" CC="09610000"/>
						<SP ID="P309_SP00114" HPOS="579" VPOS="699" WIDTH="21"/>
						<String ID="P309_ST00126" HPOS="600" VPOS="669" WIDTH="23" HEIGHT="28" CONTENT="la" WC="0.88" CC="20"/>
						<SP ID="P309_SP00115" HPOS="623" VPOS="699" WIDTH="22"/>
						<String ID="P309_ST00127" HPOS="645" VPOS="670" WIDTH="82" HEIGHT="26" CONTENT="salute" WC="0.64" CC="066520"/>
						<SP ID="P309_SP00116" HPOS="727" VPOS="699" WIDTH="21"/>
						<String ID="P309_ST00128" HPOS="748" VPOS="677" WIDTH="90" HEIGHT="19" CONTENT="vostra" WC="0.65" CC="602470"/>
						<SP ID="P309_SP00117" HPOS="838" VPOS="699" WIDTH="22"/>
						<String ID="P309_ST00129" HPOS="860" VPOS="667" WIDTH="86" HEIGHT="28" CONTENT="alcuni" WC="0.59" CC="066081"/>
						<SP ID="P309_SP00118" HPOS="946" VPOS="699" WIDTH="27"/>
						<String ID="P309_ST00130" HPOS="973" VPOS="666" WIDTH="90" HEIGHT="28" CONTENT="elisero" WC="0.51" CC="7830760"/>
						<SP ID="P309_SP00119" HPOS="1063" VPOS="699" WIDTH="28"/>
						<String ID="P309_ST00131" HPOS="1091" VPOS="666" WIDTH="22" HEIGHT="27" CONTENT="si" WC="0.29" CC="76"/>
					</TextLine>
					<TextLine ID="P309_TL00013" HPOS="157" VPOS="717" WIDTH="956" HEIGHT="38">
						<String ID="P309_ST00132" HPOS="157" VPOS="732" WIDTH="15" HEIGHT="17" CONTENT="e" WC="0.55" CC="4"/>
						<SP ID="P309_SP00120" HPOS="172" VPOS="749" WIDTH="20"/>
						<String ID="P309_ST00133" HPOS="192" VPOS="721" WIDTH="58" HEIGHT="28" CONTENT="altri" WC="0.58" CC="93005"/>
						<SP ID="P309_SP00121" HPOS="250" VPOS="749" WIDTH="20"/>
						<String ID="P309_ST00134" HPOS="270" VPOS="720" WIDTH="91" HEIGHT="28" CONTENT="dicero" WC="0.71" CC="033063"/>
						<SP ID="P309_SP00122" HPOS="361" VPOS="749" WIDTH="21"/>
						<String ID="P309_ST00135" HPOS="382" VPOS="730" WIDTH="36" HEIGHT="17" CONTENT="no" WC="0.57" CC="80"/>
						<SP ID="P309_SP00123" HPOS="418" VPOS="749" WIDTH="22"/>
						<String ID="P309_ST00136" HPOS="440" VPOS="730" WIDTH="13" HEIGHT="17" CONTENT="e" WC="1.00" CC="0"/>
						<SP ID="P309_SP00124" HPOS="453" VPOS="749" WIDTH="22"/>
						<String ID="P309_ST00137" HPOS="475" VPOS="719" WIDTH="49" HEIGHT="28" CONTENT="due" WC="0.70" CC="044"/>
						<SP ID="P309_SP00125" HPOS="524" VPOS="749" WIDTH="21"/>
						<String ID="P309_ST00138" HPOS="545" VPOS="719" WIDTH="73" HEIGHT="27" CONTENT="volte" WC="0.81" CC="00440"/>
						<SP ID="P309_SP00126" HPOS="618" VPOS="749" WIDTH="22"/>
						<String ID="P309_ST00139" HPOS="640" VPOS="726" WIDTH="93" HEIGHT="29" CONTENT="questo" WC="0.76" CC="660000"/>
						<SP ID="P309_SP00127" HPOS="733" VPOS="755" WIDTH="28"/>
						<String ID="P309_ST00140" HPOS="761" VPOS="718" WIDTH="53" HEIGHT="27" CONTENT="bati" WC="0.77" CC="0017"/>
						<SP ID="P309_SP00128" HPOS="814" VPOS="755" WIDTH="28"/>
						<String ID="P309_ST00141" HPOS="842" VPOS="718" WIDTH="59" HEIGHT="27" CONTENT="loro" WC="0.85" CC="0050"/>
						<SP ID="P309_SP00129" HPOS="901" VPOS="755" WIDTH="32"/>
						<String ID="P309_ST00142" HPOS="933" VPOS="717" WIDTH="57" HEIGHT="27" CONTENT="dice" WC="0.44" CC="0786"/>
						<SP ID="P309_SP00130" HPOS="990" VPOS="755" WIDTH="32"/>
						<String ID="P309_ST00143" HPOS="1022" VPOS="726" WIDTH="43" HEIGHT="28" CONTENT="qu«" WC="0.70" CC="107"/>
						<SP ID="P309_SP00131" HPOS="1065" VPOS="755" WIDTH="12"/>
						<String ID="P309_ST00144" HPOS="1077" VPOS="723" WIDTH="20" HEIGHT="21" CONTENT="st" WC="0.42" CC="64"/>
						<SP ID="P309_SP00132" HPOS="1097" VPOS="755" WIDTH="10"/>
						<String ID="P309_ST00145" HPOS="1107" VPOS="728" WIDTH="6" HEIGHT="14" CONTENT=":" WC="0.25" CC="7"/>
					</TextLine>
					<TextLine ID="P309_TL00014" HPOS="157" VPOS="766" WIDTH="888" HEIGHT="41">
						<String ID="P309_ST00146" HPOS="157" VPOS="769" WIDTH="90" HEIGHT="38" CONTENT="parole" WC="0.87" CC="000330"/>
						<SP ID="P309_SP00133" HPOS="247" VPOS="807" WIDTH="21"/>
						<String ID="P309_ST00147" HPOS="268" VPOS="780" WIDTH="13" HEIGHT="17" CONTENT="e" WC="0.98" CC="0"/>
						<SP ID="P309_SP00134" HPOS="281" VPOS="807" WIDTH="21"/>
						<String ID="P309_ST00148" HPOS="302" VPOS="769" WIDTH="27" HEIGHT="27" CONTENT="fu" WC="0.66" CC="06"/>
						<SP ID="P309_SP00135" HPOS="329" VPOS="807" WIDTH="22"/>
						<String ID="P309_ST00149" HPOS="351" VPOS="769" WIDTH="86" HEIGHT="27" CONTENT="alcuni" WC="0.39" CC="665907"/>
						<SP ID="P309_SP00136" HPOS="437" VPOS="807" WIDTH="21"/>
						<String ID="P309_ST00150" HPOS="458" VPOS="768" WIDTH="48" HEIGHT="27" CONTENT="che" WC="0.67" CC="440"/>
						<SP ID="P309_SP00137" HPOS="506" VPOS="807" WIDTH="21"/>
						<String ID="P309_ST00151" HPOS="527" VPOS="768" WIDTH="126" HEIGHT="28" CONTENT="cridorno" WC="0.76" CC="31700500"/>
						<SP ID="P309_SP00138" HPOS="653" VPOS="807" WIDTH="21"/>
						<String ID="P309_ST00152" HPOS="674" VPOS="767" WIDTH="69" HEIGHT="27" CONTENT="forte" WC="0.70" CC="00634"/>
						<SP ID="P309_SP00139" HPOS="743" VPOS="807" WIDTH="22"/>
						<String ID="P309_ST00153" HPOS="765" VPOS="766" WIDTH="47" HEIGHT="28" CONTENT="che" WC="0.49" CC="535"/>
						<SP ID="P309_SP00140" HPOS="812" VPOS="807" WIDTH="21"/>
						<String ID="P309_ST00154" HPOS="833" VPOS="766" WIDTH="92" HEIGHT="27" CONTENT="volese" WC="0.43" CC="007699"/>
						<SP ID="P309_SP00141" HPOS="925" VPOS="807" WIDTH="29"/>
						<String ID="P309_ST00155" HPOS="954" VPOS="766" WIDTH="55" HEIGHT="27" CONTENT="din:" WC="0.15" CC="9787"/>
						<SP ID="P309_SP00142" HPOS="1009" VPOS="807" WIDTH="28"/>
						<String ID="P309_ST00156" HPOS="1037" VPOS="776" WIDTH="8" HEIGHT="17" CONTENT="e" WC="0.25" CC="7"/>
					</TextLine>
					<TextLine ID="P309_TL00015" HPOS="159" VPOS="815" WIDTH="954" HEIGHT="39">
						<String ID="P309_ST00157" HPOS="159" VPOS="819" WIDTH="56" HEIGHT="28" CONTENT="also" WC="0.68" CC="9200"/>
						<SP ID="P309_SP00143" HPOS="215" VPOS="847" WIDTH="19"/>
						<String ID="P309_ST00158" HPOS="234" VPOS="818" WIDTH="24" HEIGHT="28" CONTENT="la" WC="0.93" CC="10"/>
						<SP ID="P309_SP00144" HPOS="258" VPOS="847" WIDTH="20"/>
						<String ID="P309_ST00159" HPOS="278" VPOS="828" WIDTH="67" HEIGHT="18" CONTENT="voce" WC="0.92" CC="0003"/>
						<SP ID="P309_SP00145" HPOS="345" VPOS="847" WIDTH="21"/>
						<String ID="P309_ST00160" HPOS="366" VPOS="828" WIDTH="14" HEIGHT="17" CONTENT="e" WC="1.00" CC="0"/>
						<SP ID="P309_SP00146" HPOS="380" VPOS="847" WIDTH="22"/>
						<String ID="P309_ST00161" HPOS="402" VPOS="817" WIDTH="56" HEIGHT="28" CONTENT="dice" WC="0.62" CC="0077"/>
						<SP ID="P309_SP00147" HPOS="458" VPOS="847" WIDTH="22"/>
						<String ID="P309_ST00162" HPOS="480" VPOS="819" WIDTH="24" HEIGHT="35" CONTENT="jo" WC="0.81" CC="30"/>
						<SP ID="P309_SP00148" HPOS="504" VPOS="854" WIDTH="22"/>
						<String ID="P309_ST00163" HPOS="526" VPOS="827" WIDTH="31" HEIGHT="17" CONTENT="ve" WC="1.00" CC="00"/>
						<SP ID="P309_SP00149" HPOS="557" VPOS="854" WIDTH="22"/>
						<String ID="P309_ST00164" HPOS="579" VPOS="817" WIDTH="58" HEIGHT="27" CONTENT="diro" WC="0.67" CC="0750"/>
						<SP ID="P309_SP00150" HPOS="637" VPOS="854" WIDTH="28"/>
						<String ID="P309_ST00165" HPOS="665" VPOS="818" WIDTH="37" HEIGHT="25" CONTENT="sia" WC="0.71" CC="260"/>
						<SP ID="P309_SP00151" HPOS="702" VPOS="854" WIDTH="28"/>
						<String ID="P309_ST00166" HPOS="730" VPOS="815" WIDTH="54" HEIGHT="28" CONTENT="fato" WC="0.70" CC="1054"/>
						<SP ID="P309_SP00152" HPOS="784" VPOS="854" WIDTH="28"/>
						<String ID="P309_ST00167" HPOS="812" VPOS="815" WIDTH="89" HEIGHT="34" CONTENT="abate," WC="0.57" CC="740607"/>
						<SP ID="P309_SP00153" HPOS="901" VPOS="854" WIDTH="13"/>
						<String ID="P309_ST00168" HPOS="914" VPOS="816" WIDTH="104" HEIGHT="27" CONTENT="simone" WC="0.40" CC="071889"/>
						<SP ID="P309_SP00154" HPOS="1018" VPOS="854" WIDTH="31"/>
						<String ID="P309_ST00169" HPOS="1049" VPOS="815" WIDTH="64" HEIGHT="26" CONTENT="boca" WC="0.48" CC="6670"/>
					</TextLine>
					<TextLine ID="P309_TL00016" HPOS="158" VPOS="863" WIDTH="954" HEIGHT="42">
						<String ID="P309_ST00170" HPOS="158" VPOS="869" WIDTH="76" HEIGHT="36" CONTENT="nigra" WC="0.52" CC="53066"/>
						<SP ID="P309_SP00155" HPOS="234" VPOS="905" WIDTH="19"/>
						<String ID="P309_ST00171" HPOS="253" VPOS="867" WIDTH="77" HEIGHT="38" CONTENT="quale" WC="0.63" CC="07640"/>
						<SP ID="P309_SP00156" HPOS="330" VPOS="905" WIDTH="22"/>
						<String ID="P309_ST00172" HPOS="352" VPOS="868" WIDTH="105" HEIGHT="26" CONTENT="simone" WC="0.89" CC="050001"/>
						<SP ID="P309_SP00157" HPOS="457" VPOS="905" WIDTH="21"/>
						<String ID="P309_ST00173" HPOS="478" VPOS="876" WIDTH="44" HEIGHT="18" CONTENT="era" WC="0.93" CC="010"/>
						<SP ID="P309_SP00158" HPOS="522" VPOS="905" WIDTH="21"/>
						<String ID="P309_ST00174" HPOS="543" VPOS="867" WIDTH="27" HEIGHT="26" CONTENT="in" WC="0.68" CC="60"/>
						<SP ID="P309_SP00159" HPOS="570" VPOS="905" WIDTH="20"/>
						<String ID="P309_ST00175" HPOS="590" VPOS="874" WIDTH="94" HEIGHT="29" CONTENT="questo" WC="0.41" CC="866462"/>
						<SP ID="P309_SP00160" HPOS="684" VPOS="905" WIDTH="21"/>
						<String ID="P309_ST00176" HPOS="705" VPOS="865" WIDTH="61" HEIGHT="28" CONTENT="foco" WC="0.80" CC="0006"/>
						<SP ID="P309_SP00161" HPOS="766" VPOS="905" WIDTH="16"/>
						<String ID="P309_ST00177" HPOS="782" VPOS="865" WIDTH="58" HEIGHT="27" CONTENT="solo" WC="0.76" CC="0134"/>
						<SP ID="P309_SP00162" HPOS="840" VPOS="905" WIDTH="15"/>
						<String ID="P309_ST00178" HPOS="855" VPOS="875" WIDTH="45" HEIGHT="26" CONTENT="per" WC="0.56" CC="066"/>
						<SP ID="P309_SP00163" HPOS="900" VPOS="905" WIDTH="15"/>
						<String ID="P309_ST00179" HPOS="915" VPOS="864" WIDTH="148" HEIGHT="27" CONTENT="aricordare" WC="0.71" CC="7001060750"/>
						<SP ID="P309_SP00164" HPOS="1063" VPOS="905" WIDTH="16"/>
						<String ID="P309_ST00180" HPOS="1079" VPOS="863" WIDTH="33" HEIGHT="27" CONTENT="ali" WC="0.41" CC="736"/>
					</TextLine>
					<TextLine ID="P309_TL00017" HPOS="160" VPOS="913" WIDTH="952" HEIGHT="39">
						<String ID="P309_ST00181" HPOS="160" VPOS="926" WIDTH="34" HEIGHT="20" CONTENT="20" WC="0.66" CC="60"/>
						<SP ID="P309_SP00165" HPOS="194" VPOS="946" WIDTH="11"/>
						<String ID="P309_ST00182" HPOS="205" VPOS="920" WIDTH="10" HEIGHT="32" CONTENT="/" WC="0.81" CC="1"/>
						<SP ID="P309_SP00166" HPOS="215" VPOS="952" WIDTH="22"/>
						<String ID="P309_ST00183" HPOS="237" VPOS="917" WIDTH="59" HEIGHT="27" CONTENT="eleti" WC="0.54" CC="36741"/>
						<SP ID="P309_SP00167" HPOS="296" VPOS="952" WIDTH="21"/>
						<String ID="P309_ST00184" HPOS="317" VPOS="917" WIDTH="48" HEIGHT="27" CONTENT="che" WC="0.53" CC="652"/>
						<SP ID="P309_SP00168" HPOS="365" VPOS="952" WIDTH="21"/>
						<String ID="P309_ST00185" HPOS="386" VPOS="916" WIDTH="129" HEIGHT="27" CONTENT="voleseno" WC="0.79" CC="00300652"/>
						<SP ID="P309_SP00169" HPOS="515" VPOS="952" WIDTH="21"/>
						<String ID="P309_ST00186" HPOS="536" VPOS="915" WIDTH="54" HEIGHT="27" CONTENT="fare" WC="0.83" CC="0060"/>
						<SP ID="P309_SP00170" HPOS="590" VPOS="952" WIDTH="22"/>
						<String ID="P309_ST00187" HPOS="612" VPOS="915" WIDTH="83" HEIGHT="27" CONTENT="labate" WC="0.89" CC="000050"/>
						<SP ID="P309_SP00171" HPOS="695" VPOS="952" WIDTH="23"/>
						<String ID="P309_ST00188" HPOS="718" VPOS="915" WIDTH="83" HEIGHT="27" CONTENT="homo" WC="0.78" CC="4004"/>
						<SP ID="P309_SP00172" HPOS="801" VPOS="952" WIDTH="21"/>
						<String ID="P309_ST00189" HPOS="822" VPOS="914" WIDTH="31" HEIGHT="27" CONTENT="da" WC="0.61" CC="07"/>
						<SP ID="P309_SP00173" HPOS="853" VPOS="952" WIDTH="21"/>
						<String ID="P309_ST00190" HPOS="874" VPOS="914" WIDTH="66" HEIGHT="27" CONTENT="bene" WC="0.77" CC="0026"/>
						<SP ID="P309_SP00174" HPOS="940" VPOS="952" WIDTH="26"/>
						<String ID="P309_ST00191" HPOS="966" VPOS="924" WIDTH="11" HEIGHT="16" CONTENT="e" WC="0.44" CC="5"/>
						<SP ID="P309_SP00175" HPOS="977" VPOS="952" WIDTH="17"/>
						<String ID="P309_ST00192" HPOS="994" VPOS="913" WIDTH="37" HEIGHT="27" CONTENT="ala" WC="0.63" CC="730"/>
						<SP ID="P309_SP00176" HPOS="1031" VPOS="952" WIDTH="15"/>
						<String ID="P309_ST00193" HPOS="1046" VPOS="923" WIDTH="66" HEIGHT="16" CONTENT="voce" WC="0.14" CC="8987"/>
					</TextLine>
					<TextLine ID="P309_TL00018" HPOS="159" VPOS="962" WIDTH="952" HEIGHT="39">
						<String ID="P309_ST00194" HPOS="159" VPOS="966" WIDTH="32" HEIGHT="28" CONTENT="de" WC="0.58" CC="80"/>
						<SP ID="P309_SP00177" HPOS="191" VPOS="994" WIDTH="19"/>
						<String ID="P309_ST00195" HPOS="210" VPOS="966" WIDTH="27" HEIGHT="28" CONTENT="lo" WC="0.78" CC="04"/>
						<SP ID="P309_SP00178" HPOS="237" VPOS="994" WIDTH="21"/>
						<String ID="P309_ST00196" HPOS="258" VPOS="966" WIDTH="112" HEIGHT="27" CONTENT="batiloro" WC="0.79" CC="06370000"/>
						<SP ID="P309_SP00179" HPOS="370" VPOS="994" WIDTH="22"/>
						<String ID="P309_ST00197" HPOS="392" VPOS="966" WIDTH="21" HEIGHT="26" CONTENT="si" WC="0.72" CC="13"/>
						<SP ID="P309_SP00180" HPOS="413" VPOS="994" WIDTH="21"/>
						<String ID="P309_ST00198" HPOS="434" VPOS="965" WIDTH="62" HEIGHT="27" CONTENT="levo" WC="0.85" CC="5000"/>
						<SP ID="P309_SP00181" HPOS="496" VPOS="994" WIDTH="20"/>
						<String ID="P309_ST00199" HPOS="516" VPOS="972" WIDTH="58" HEIGHT="20" CONTENT="tuto" WC="0.69" CC="2540"/>
						<SP ID="P309_SP00182" HPOS="574" VPOS="994" WIDTH="21"/>
						<String ID="P309_ST00200" HPOS="595" VPOS="965" WIDTH="18" HEIGHT="27" CONTENT="il" WC="0.50" CC="36"/>
						<SP ID="P309_SP00183" HPOS="613" VPOS="994" WIDTH="21"/>
						<String ID="P309_ST00201" HPOS="634" VPOS="964" WIDTH="100" HEIGHT="37" CONTENT="populo" WC="0.89" CC="000060"/>
						<SP ID="P309_SP00184" HPOS="734" VPOS="1001" WIDTH="22"/>
						<String ID="P309_ST00202" HPOS="756" VPOS="974" WIDTH="13" HEIGHT="17" CONTENT="a" WC="0.27" CC="7"/>
						<SP ID="P309_SP00185" HPOS="769" VPOS="1001" WIDTH="21"/>
						<String ID="P309_ST00203" HPOS="790" VPOS="973" WIDTH="107" HEIGHT="18" CONTENT="rumore" WC="0.60" CC="681600"/>
						<SP ID="P309_SP00186" HPOS="897" VPOS="1001" WIDTH="28"/>
						<String ID="P309_ST00204" HPOS="925" VPOS="962" WIDTH="127" HEIGHT="28" CONTENT="cridando" WC="0.58" CC="56700805"/>
						<SP ID="P309_SP00187" HPOS="1052" VPOS="1001" WIDTH="23"/>
						<String ID="P309_ST00205" HPOS="1075" VPOS="962" WIDTH="36" HEIGHT="26" CONTENT="sia" WC="0.30" CC="649"/>
					</TextLine>
					<TextLine ID="P309_TL00019" HPOS="159" VPOS="1011" WIDTH="952" HEIGHT="41">
						<String ID="P309_ST00206" HPOS="159" VPOS="1016" WIDTH="69" HEIGHT="27" CONTENT="eleto" WC="0.87" CC="00050"/>
						<SP ID="P309_SP00188" HPOS="228" VPOS="1043" WIDTH="21"/>
						<String ID="P309_ST00207" HPOS="249" VPOS="1015" WIDTH="18" HEIGHT="27" CONTENT="il" WC="0.45" CC="64"/>
						<SP ID="P309_SP00189" HPOS="267" VPOS="1043" WIDTH="19"/>
						<String ID="P309_ST00208" HPOS="286" VPOS="1015" WIDTH="67" HEIGHT="27" CONTENT="boca" WC="0.76" CC="0360"/>
						<SP ID="P309_SP00190" HPOS="353" VPOS="1043" WIDTH="20"/>
						<String ID="P309_ST00209" HPOS="373" VPOS="1025" WIDTH="81" HEIGHT="27" CONTENT="negra" WC="0.86" CC="00070"/>
						<SP ID="P309_SP00191" HPOS="454" VPOS="1052" WIDTH="21"/>
						<String ID="P309_ST00210" HPOS="475" VPOS="1025" WIDTH="14" HEIGHT="16" CONTENT="e" WC="1.00" CC="0"/>
						<SP ID="P309_SP00192" HPOS="489" VPOS="1052" WIDTH="21"/>
						<String ID="P309_ST00211" HPOS="510" VPOS="1014" WIDTH="26" HEIGHT="27" CONTENT="lo" WC="0.67" CC="24"/>
						<SP ID="P309_SP00193" HPOS="536" VPOS="1052" WIDTH="21"/>
						<String ID="P309_ST00212" HPOS="557" VPOS="1023" WIDTH="114" HEIGHT="27" CONTENT="prezeno" WC="0.70" CC="0206380"/>
						<SP ID="P309_SP00194" HPOS="671" VPOS="1052" WIDTH="21"/>
						<String ID="P309_ST00213" HPOS="692" VPOS="1014" WIDTH="25" HEIGHT="26" CONTENT="in" WC="0.63" CC="07"/>
						<SP ID="P309_SP00195" HPOS="717" VPOS="1052" WIDTH="23"/>
						<String ID="P309_ST00214" HPOS="740" VPOS="1014" WIDTH="24" HEIGHT="26" CONTENT="le" WC="0.64" CC="16"/>
						<SP ID="P309_SP00196" HPOS="764" VPOS="1052" WIDTH="21"/>
						<String ID="P309_ST00215" HPOS="785" VPOS="1013" WIDTH="87" HEIGHT="26" CONTENT="brade" WC="0.53" CC="08770"/>
						<SP ID="P309_SP00197" HPOS="872" VPOS="1052" WIDTH="22"/>
						<String ID="P309_ST00216" HPOS="894" VPOS="1011" WIDTH="127" HEIGHT="28" CONTENT="cridando" WC="0.49" CC="59709800"/>
						<SP ID="P309_SP00198" HPOS="1021" VPOS="1052" WIDTH="16"/>
						<String ID="P309_ST00217" HPOS="1037" VPOS="1011" WIDTH="74" HEIGHT="26" CONTENT="abate" WC="0.55" CC="97050"/>
					</TextLine>
					<TextLine ID="P309_TL00020" HPOS="159" VPOS="1060" WIDTH="955" HEIGHT="39">
						<String ID="P309_ST00218" HPOS="159" VPOS="1065" WIDTH="74" HEIGHT="27" CONTENT="abate" WC="0.54" CC="78060"/>
						<SP ID="P309_SP00199" HPOS="233" VPOS="1092" WIDTH="15"/>
						<String ID="P309_ST00219" HPOS="248" VPOS="1075" WIDTH="13" HEIGHT="17" CONTENT="e" WC="0.43" CC="5"/>
						<SP ID="P309_SP00200" HPOS="261" VPOS="1092" WIDTH="15"/>
						<String ID="P309_ST00220" HPOS="276" VPOS="1064" WIDTH="25" HEIGHT="28" CONTENT="lo" WC="0.59" CC="52"/>
						<SP ID="P309_SP00201" HPOS="301" VPOS="1092" WIDTH="15"/>
						<String ID="P309_ST00221" HPOS="316" VPOS="1064" WIDTH="92" HEIGHT="28" CONTENT="fezeno" WC="0.85" CC="100005"/>
						<SP ID="P309_SP00202" HPOS="408" VPOS="1092" WIDTH="16"/>
						<String ID="P309_ST00222" HPOS="424" VPOS="1064" WIDTH="92" HEIGHT="27" CONTENT="sedere" WC="0.98" CC="000000"/>
						<SP ID="P309_SP00203" HPOS="516" VPOS="1092" WIDTH="15"/>
						<String ID="P309_ST00223" HPOS="531" VPOS="1064" WIDTH="27" HEIGHT="26" CONTENT="in" WC="0.72" CC="14"/>
						<SP ID="P309_SP00204" HPOS="558" VPOS="1092" WIDTH="16"/>
						<String ID="P309_ST00224" HPOS="574" VPOS="1073" WIDTH="76" HEIGHT="17" CONTENT="mezo" WC="0.82" CC="0070"/>
						<SP ID="P309_SP00205" HPOS="650" VPOS="1092" WIDTH="15"/>
						<String ID="P309_ST00225" HPOS="665" VPOS="1062" WIDTH="34" HEIGHT="28" CONTENT="ali" WC="0.71" CC="053"/>
						<SP ID="P309_SP00206" HPOS="699" VPOS="1092" WIDTH="14"/>
						<String ID="P309_ST00226" HPOS="713" VPOS="1062" WIDTH="113" HEIGHT="37" CONTENT="capitani" WC="0.59" CC="60000977"/>
						<SP ID="P309_SP00207" HPOS="826" VPOS="1099" WIDTH="16"/>
						<String ID="P309_ST00227" HPOS="842" VPOS="1072" WIDTH="13" HEIGHT="16" CONTENT="e" WC="0.99" CC="0"/>
						<SP ID="P309_SP00208" HPOS="855" VPOS="1099" WIDTH="16"/>
						<String ID="P309_ST00228" HPOS="871" VPOS="1062" WIDTH="17" HEIGHT="26" CONTENT="li" WC="0.91" CC="01"/>
						<SP ID="P309_SP00209" HPOS="888" VPOS="1099" WIDTH="15"/>
						<String ID="P309_ST00229" HPOS="903" VPOS="1064" WIDTH="10" HEIGHT="32" CONTENT="/" WC="0.55" CC="4"/>
						<SP ID="P309_SP00210" HPOS="913" VPOS="1099" WIDTH="14"/>
						<String ID="P309_ST00230" HPOS="927" VPOS="1070" WIDTH="33" HEIGHT="18" CONTENT="20" WC="1.00" CC="00"/>
						<SP ID="P309_SP00211" HPOS="960" VPOS="1099" WIDTH="12"/>
						<String ID="P309_ST00231" HPOS="972" VPOS="1063" WIDTH="10" HEIGHT="33" CONTENT="/" WC="0.67" CC="3"/>
						<SP ID="P309_SP00212" HPOS="982" VPOS="1099" WIDTH="15"/>
						<String ID="P309_ST00232" HPOS="997" VPOS="1060" WIDTH="117" HEIGHT="37" CONTENT="deputati" WC="0.56" CC="01935707"/>
					</TextLine>
					<TextLine ID="P309_TL00021" HPOS="160" VPOS="1108" WIDTH="955" HEIGHT="42">
						<String ID="P309_ST00233" HPOS="160" VPOS="1114" WIDTH="129" HEIGHT="28" CONTENT="sentendo" WC="0.69" CC="00550605"/>
						<SP ID="P309_SP00213" HPOS="289" VPOS="1142" WIDTH="21"/>
						<String ID="P309_ST00234" HPOS="310" VPOS="1114" WIDTH="26" HEIGHT="27" CONTENT="lo" WC="0.77" CC="40"/>
						<SP ID="P309_SP00214" HPOS="336" VPOS="1142" WIDTH="22"/>
						<String ID="P309_ST00235" HPOS="358" VPOS="1113" WIDTH="98" HEIGHT="37" CONTENT="grande" WC="0.69" CC="057600"/>
						<SP ID="P309_SP00215" HPOS="456" VPOS="1150" WIDTH="22"/>
						<String ID="P309_ST00236" HPOS="478" VPOS="1122" WIDTH="107" HEIGHT="17" CONTENT="rumore" WC="0.61" CC="385031"/>
						<SP ID="P309_SP00216" HPOS="585" VPOS="1150" WIDTH="22"/>
						<String ID="P309_ST00237" HPOS="607" VPOS="1112" WIDTH="49" HEIGHT="26" CONTENT="che" WC="0.54" CC="760"/>
						<SP ID="P309_SP00217" HPOS="656" VPOS="1150" WIDTH="21"/>
						<String ID="P309_ST00238" HPOS="677" VPOS="1111" WIDTH="65" HEIGHT="27" CONTENT="sazia" WC="0.92" CC="30000"/>
						<SP ID="P309_SP00218" HPOS="742" VPOS="1150" WIDTH="21"/>
						<String ID="P309_ST00239" HPOS="763" VPOS="1110" WIDTH="17" HEIGHT="28" CONTENT="il" WC="0.91" CC="10"/>
						<SP ID="P309_SP00219" HPOS="780" VPOS="1150" WIDTH="21"/>
						<String ID="P309_ST00240" HPOS="801" VPOS="1110" WIDTH="100" HEIGHT="37" CONTENT="populo" WC="0.69" CC="009530"/>
						<SP ID="P309_SP00220" HPOS="901" VPOS="1150" WIDTH="21"/>
						<String ID="P309_ST00241" HPOS="922" VPOS="1111" WIDTH="78" HEIGHT="25" CONTENT="usino" WC="0.58" CC="87040"/>
						<SP ID="P309_SP00221" HPOS="1000" VPOS="1150" WIDTH="15"/>
						<String ID="P309_ST00242" HPOS="1015" VPOS="1108" WIDTH="55" HEIGHT="28" CONTENT="fora" WC="0.71" CC="0226"/>
						<SP ID="P309_SP00222" HPOS="1070" VPOS="1150" WIDTH="13"/>
						<String ID="P309_ST00243" HPOS="1083" VPOS="1108" WIDTH="32" HEIGHT="28" CONTENT="de" WC="0.64" CC="07"/>
					</TextLine>
					<TextLine ID="P309_TL00022" HPOS="159" VPOS="1158" WIDTH="880" HEIGHT="42">
						<String ID="P309_ST00244" HPOS="159" VPOS="1163" WIDTH="27" HEIGHT="28" CONTENT="lo" WC="0.68" CC="06"/>
						<SP ID="P309_SP00223" HPOS="186" VPOS="1191" WIDTH="21"/>
						<String ID="P309_ST00245" HPOS="207" VPOS="1163" WIDTH="101" HEIGHT="37" CONTENT="palacio" WC="0.55" CC="0900569"/>
						<SP ID="P309_SP00224" HPOS="308" VPOS="1200" WIDTH="21"/>
						<String ID="P309_ST00246" HPOS="329" VPOS="1172" WIDTH="13" HEIGHT="18" CONTENT="e" WC="1.00" CC="0"/>
						<SP ID="P309_SP00225" HPOS="342" VPOS="1200" WIDTH="21"/>
						<String ID="P309_ST00247" HPOS="363" VPOS="1162" WIDTH="92" HEIGHT="27" CONTENT="videro" WC="0.70" CC="030264"/>
						<SP ID="P309_SP00226" HPOS="455" VPOS="1200" WIDTH="22"/>
						<String ID="P309_ST00248" HPOS="477" VPOS="1161" WIDTH="48" HEIGHT="28" CONTENT="che" WC="0.28" CC="767"/>
						<SP ID="P309_SP00227" HPOS="525" VPOS="1200" WIDTH="21"/>
						<String ID="P309_ST00249" HPOS="546" VPOS="1162" WIDTH="66" HEIGHT="35" CONTENT="ogni" WC="0.49" CC="1882"/>
						<SP ID="P309_SP00228" HPOS="612" VPOS="1200" WIDTH="22"/>
						<String ID="P309_ST00250" HPOS="634" VPOS="1170" WIDTH="54" HEIGHT="18" CONTENT="uno" WC="0.41" CC="664"/>
						<SP ID="P309_SP00229" HPOS="688" VPOS="1200" WIDTH="21"/>
						<String ID="P309_ST00251" HPOS="709" VPOS="1160" WIDTH="105" HEIGHT="30" CONTENT="cridava" WC="0.52" CC="7650760"/>
						<SP ID="P309_SP00230" HPOS="814" VPOS="1200" WIDTH="15"/>
						<String ID="P309_ST00252" HPOS="829" VPOS="1161" WIDTH="60" HEIGHT="25" CONTENT="viva" WC="0.70" CC="0109"/>
						<SP ID="P309_SP00231" HPOS="889" VPOS="1200" WIDTH="16"/>
						<String ID="P309_ST00253" HPOS="905" VPOS="1158" WIDTH="83" HEIGHT="28" CONTENT="labate" WC="0.75" CC="503050"/>
						<SP ID="P309_SP00232" HPOS="988" VPOS="1200" WIDTH="17"/>
						<String ID="P309_ST00254" HPOS="1005" VPOS="1158" WIDTH="34" HEIGHT="28" CONTENT="Sii" WC="0.52" CC="068"/>
					</TextLine>
					<TextLine ID="P309_TL00023" HPOS="159" VPOS="1208" WIDTH="955" HEIGHT="41">
						<String ID="P309_ST00255" HPOS="159" VPOS="1213" WIDTH="67" HEIGHT="28" CONTENT="boca" WC="0.84" CC="0410"/>
						<SP ID="P309_SP00233" HPOS="226" VPOS="1241" WIDTH="20"/>
						<String ID="P309_ST00256" HPOS="246" VPOS="1222" WIDTH="81" HEIGHT="27" CONTENT="negra" WC="0.72" CC="52410"/>
						<SP ID="P309_SP00234" HPOS="327" VPOS="1249" WIDTH="20"/>
						<String ID="P309_ST00257" HPOS="347" VPOS="1221" WIDTH="13" HEIGHT="18" CONTENT="e" WC="1.00" CC="0"/>
						<SP ID="P309_SP00235" HPOS="360" VPOS="1249" WIDTH="22"/>
						<String ID="P309_ST00258" HPOS="382" VPOS="1212" WIDTH="49" HEIGHT="26" CONTENT="che" WC="0.90" CC="020"/>
						<SP ID="P309_SP00236" HPOS="431" VPOS="1249" WIDTH="22"/>
						<String ID="P309_ST00259" HPOS="453" VPOS="1212" WIDTH="105" HEIGHT="26" CONTENT="simone" WC="0.53" CC="536570"/>
						<SP ID="P309_SP00237" HPOS="558" VPOS="1249" WIDTH="21"/>
						<String ID="P309_ST00260" HPOS="579" VPOS="1220" WIDTH="33" HEIGHT="27" CONTENT="gè" WC="0.27" CC="94"/>
						<SP ID="P309_SP00238" HPOS="612" VPOS="1249" WIDTH="22"/>
						<String ID="P309_ST00261" HPOS="634" VPOS="1210" WIDTH="88" HEIGHT="27" CONTENT="faseva" WC="1.00" CC="000000"/>
						<SP ID="P309_SP00239" HPOS="722" VPOS="1249" WIDTH="19"/>
						<String ID="P309_ST00262" HPOS="741" VPOS="1209" WIDTH="152" HEIGHT="27" CONTENT="resistenda" WC="0.68" CC="4007031580"/>
						<SP ID="P309_SP00240" HPOS="893" VPOS="1249" WIDTH="31"/>
						<String ID="P309_ST00263" HPOS="924" VPOS="1208" WIDTH="52" HEIGHT="37" CONTENT="egli" WC="0.43" CC="2963"/>
						<SP ID="P309_SP00241" HPOS="976" VPOS="1249" WIDTH="31"/>
						<String ID="P309_ST00264" HPOS="1007" VPOS="1208" WIDTH="107" HEIGHT="26" CONTENT="mizeno" WC="0.60" CC="053860"/>
					</TextLine>
					<TextLine ID="P309_TL00024" HPOS="159" VPOS="1257" WIDTH="957" HEIGHT="42">
						<String ID="P309_ST00265" HPOS="159" VPOS="1263" WIDTH="22" HEIGHT="27" CONTENT="la" WC="0.68" CC="06"/>
						<SP ID="P309_SP00242" HPOS="181" VPOS="1290" WIDTH="22"/>
						<String ID="P309_ST00266" HPOS="203" VPOS="1261" WIDTH="79" HEIGHT="38" CONTENT="spada" WC="0.85" CC="00007"/>
						<SP ID="P309_SP00243" HPOS="282" VPOS="1299" WIDTH="21"/>
						<String ID="P309_ST00267" HPOS="303" VPOS="1262" WIDTH="27" HEIGHT="26" CONTENT="in" WC="0.91" CC="10"/>
						<SP ID="P309_SP00244" HPOS="330" VPOS="1299" WIDTH="23"/>
						<String ID="P309_ST00268" HPOS="353" VPOS="1270" WIDTH="81" HEIGHT="18" CONTENT="mano" WC="0.35" CC="0789"/>
						<SP ID="P309_SP00245" HPOS="434" VPOS="1299" WIDTH="21"/>
						<String ID="P309_ST00269" HPOS="455" VPOS="1270" WIDTH="14" HEIGHT="17" CONTENT="e" WC="0.60" CC="3"/>
						<SP ID="P309_SP00246" HPOS="469" VPOS="1299" WIDTH="22"/>
						<String ID="P309_ST00270" HPOS="491" VPOS="1261" WIDTH="106" HEIGHT="26" CONTENT="simone" WC="0.83" CC="050400"/>
						<SP ID="P309_SP00247" HPOS="597" VPOS="1299" WIDTH="21"/>
						<String ID="P309_ST00271" HPOS="618" VPOS="1261" WIDTH="99" HEIGHT="35" CONTENT="ripreze" WC="0.64" CC="7100690"/>
						<SP ID="P309_SP00248" HPOS="717" VPOS="1299" WIDTH="22"/>
						<String ID="P309_ST00272" HPOS="739" VPOS="1257" WIDTH="70" HEIGHT="39" CONTENT="qaeli" WC="0.67" CC="08025"/>
						<SP ID="P309_SP00249" HPOS="809" VPOS="1299" WIDTH="23"/>
						<String ID="P309_ST00273" HPOS="832" VPOS="1257" WIDTH="41" HEIGHT="28" CONTENT="ehi" WC="0.37" CC="755"/>
						<SP ID="P309_SP00250" HPOS="873" VPOS="1299" WIDTH="21"/>
						<String ID="P309_ST00274" HPOS="894" VPOS="1257" WIDTH="143" HEIGHT="27" CONTENT="eridavano" WC="0.40" CC="797970065"/>
						<SP ID="P309_SP00251" HPOS="1037" VPOS="1299" WIDTH="33"/>
						<String ID="P309_ST00275" HPOS="1070" VPOS="1257" WIDTH="46" HEIGHT="36" CONTENT="poi" WC="0.43" CC="906"/>
					</TextLine>
					<TextLine ID="P309_TL00025" HPOS="159" VPOS="1306" WIDTH="957" HEIGHT="41">
						<String ID="P309_ST00276" HPOS="159" VPOS="1312" WIDTH="18" HEIGHT="27" CONTENT="li" WC="0.67" CC="23"/>
						<SP ID="P309_SP00252" HPOS="177" VPOS="1339" WIDTH="20"/>
						<String ID="P309_ST00277" HPOS="197" VPOS="1312" WIDTH="150" HEIGHT="35" CONTENT="regraciava" WC="0.74" CC="6005057000"/>
						<SP ID="P309_SP00253" HPOS="347" VPOS="1347" WIDTH="20"/>
						<String ID="P309_ST00278" HPOS="367" VPOS="1309" WIDTH="114" HEIGHT="28" CONTENT="dicendo" WC="0.74" CC="0062700"/>
						<SP ID="P309_SP00254" HPOS="481" VPOS="1347" WIDTH="21"/>
						<String ID="P309_ST00279" HPOS="502" VPOS="1308" WIDTH="50" HEIGHT="28" CONTENT="che" WC="0.53" CC="571"/>
						<SP ID="P309_SP00255" HPOS="552" VPOS="1347" WIDTH="21"/>
						<String ID="P309_ST00280" HPOS="573" VPOS="1308" WIDTH="17" HEIGHT="27" CONTENT="li" WC="0.56" CC="35"/>
						<SP ID="P309_SP00256" HPOS="590" VPOS="1347" WIDTH="22"/>
						<String ID="P309_ST00281" HPOS="612" VPOS="1318" WIDTH="40" HEIGHT="17" CONTENT="soi" WC="0.87" CC="003"/>
						<SP ID="P309_SP00257" HPOS="652" VPOS="1347" WIDTH="30"/>
						<String ID="P309_ST00282" HPOS="682" VPOS="1307" WIDTH="157" HEIGHT="28" CONTENT="Antesesori" WC="0.75" CC="0500300077"/>
						<SP ID="P309_SP00258" HPOS="839" VPOS="1347" WIDTH="28"/>
						<String ID="P309_ST00283" HPOS="867" VPOS="1307" WIDTH="52" HEIGHT="26" CONTENT="mai" WC="0.56" CC="075"/>
						<SP ID="P309_SP00259" HPOS="919" VPOS="1347" WIDTH="29"/>
						<String ID="P309_ST00284" HPOS="948" VPOS="1315" WIDTH="80" HEIGHT="18" CONTENT="erano" WC="0.95" CC="00020"/>
						<SP ID="P309_SP00260" HPOS="1028" VPOS="1347" WIDTH="28"/>
						<String ID="P309_ST00285" HPOS="1056" VPOS="1306" WIDTH="60" HEIGHT="26" CONTENT="stati" WC="0.48" CC="70746"/>
					</TextLine>
					<TextLine ID="P309_TL00026" HPOS="160" VPOS="1355" WIDTH="955" HEIGHT="40">
						<String ID="P309_ST00286" HPOS="160" VPOS="1360" WIDTH="68" HEIGHT="28" CONTENT="abati" WC="0.66" CC="07900"/>
						<SP ID="P309_SP00261" HPOS="228" VPOS="1388" WIDTH="20"/>
						<String ID="P309_ST00287" HPOS="248" VPOS="1370" WIDTH="14" HEIGHT="17" CONTENT="e" WC="1.00" CC="0"/>
						<SP ID="P309_SP00262" HPOS="262" VPOS="1388" WIDTH="21"/>
						<String ID="P309_ST00288" HPOS="283" VPOS="1361" WIDTH="105" HEIGHT="26" CONTENT="simone" WC="0.53" CC="034775"/>
						<SP ID="P309_SP00263" HPOS="388" VPOS="1388" WIDTH="20"/>
						<String ID="P309_ST00289" HPOS="408" VPOS="1358" WIDTH="56" HEIGHT="28" CONTENT="dise" WC="0.78" CC="0530"/>
						<SP ID="P309_SP00264" HPOS="464" VPOS="1388" WIDTH="21"/>
						<String ID="P309_ST00290" HPOS="485" VPOS="1366" WIDTH="94" HEIGHT="29" CONTENT="questo" WC="1.00" CC="000000"/>
						<SP ID="P309_SP00265" HPOS="579" VPOS="1395" WIDTH="21"/>
						<String ID="P309_ST00291" HPOS="600" VPOS="1367" WIDTH="46" HEIGHT="27" CONTENT="per" WC="0.79" CC="006"/>
						<SP ID="P309_SP00266" HPOS="646" VPOS="1395" WIDTH="21"/>
						<String ID="P309_ST00292" HPOS="667" VPOS="1357" WIDTH="52" HEIGHT="27" CONTENT="fare" WC="0.50" CC="0774"/>
						<SP ID="P309_SP00267" HPOS="719" VPOS="1395" WIDTH="23"/>
						<String ID="P309_ST00293" HPOS="742" VPOS="1365" WIDTH="146" HEIGHT="27" CONTENT="cognosere" WC="0.65" CC="717702400"/>
						<SP ID="P309_SP00268" HPOS="888" VPOS="1395" WIDTH="22"/>
						<String ID="P309_ST00294" HPOS="910" VPOS="1355" WIDTH="23" HEIGHT="27" CONTENT="al" WC="1.00" CC="00"/>
						<SP ID="P309_SP00269" HPOS="933" VPOS="1395" WIDTH="17"/>
						<String ID="P309_ST00295" HPOS="950" VPOS="1355" WIDTH="101" HEIGHT="36" CONTENT="populo" WC="0.55" CC="900628"/>
						<SP ID="P309_SP00270" HPOS="1051" VPOS="1395" WIDTH="17"/>
						<String ID="P309_ST00296" HPOS="1068" VPOS="1355" WIDTH="47" HEIGHT="26" CONTENT="che" WC="0.26" CC="777"/>
					</TextLine>
					<TextLine ID="P309_TL00027" HPOS="159" VPOS="1404" WIDTH="958" HEIGHT="40">
						<String ID="P309_ST00297" HPOS="159" VPOS="1410" WIDTH="24" HEIGHT="27" CONTENT="la" WC="0.85" CC="20"/>
						<SP ID="P309_SP00271" HPOS="183" VPOS="1437" WIDTH="21"/>
						<String ID="P309_ST00298" HPOS="204" VPOS="1419" WIDTH="45" HEIGHT="17" CONTENT="sua" WC="0.81" CC="130"/>
						<SP ID="P309_SP00272" HPOS="249" VPOS="1437" WIDTH="21"/>
						<String ID="P309_ST00299" HPOS="270" VPOS="1418" WIDTH="88" HEIGHT="18" CONTENT="cazata" WC="0.63" CC="506037"/>
						<SP ID="P309_SP00273" HPOS="358" VPOS="1437" WIDTH="21"/>
						<String ID="P309_ST00300" HPOS="379" VPOS="1418" WIDTH="44" HEIGHT="17" CONTENT="era" WC="0.90" CC="030"/>
						<SP ID="P309_SP00274" HPOS="423" VPOS="1437" WIDTH="20"/>
						<String ID="P309_ST00301" HPOS="443" VPOS="1408" WIDTH="33" HEIGHT="26" CONTENT="da" WC="1.00" CC="00"/>
						<SP ID="P309_SP00275" HPOS="476" VPOS="1437" WIDTH="20"/>
						<String ID="P309_ST00302" HPOS="496" VPOS="1408" WIDTH="45" HEIGHT="36" CONTENT="più" WC="0.52" CC="850"/>
						<SP ID="P309_SP00276" HPOS="541" VPOS="1444" WIDTH="22"/>
						<String ID="P309_ST00303" HPOS="563" VPOS="1407" WIDTH="103" HEIGHT="27" CONTENT="honore" WC="0.64" CC="707700"/>
						<SP ID="P309_SP00277" HPOS="666" VPOS="1444" WIDTH="21"/>
						<String ID="P309_ST00304" HPOS="687" VPOS="1407" WIDTH="48" HEIGHT="26" CONTENT="che" WC="0.60" CC="470"/>
						<SP ID="P309_SP00278" HPOS="735" VPOS="1444" WIDTH="31"/>
						<String ID="P309_ST00305" HPOS="766" VPOS="1405" WIDTH="70" HEIGHT="36" CONTENT="queli" WC="0.65" CC="70530"/>
						<SP ID="P309_SP00279" HPOS="836" VPOS="1444" WIDTH="31"/>
						<String ID="P309_ST00306" HPOS="867" VPOS="1404" WIDTH="48" HEIGHT="27" CONTENT="che" WC="0.34" CC="657"/>
						<SP ID="P309_SP00280" HPOS="915" VPOS="1444" WIDTH="31"/>
						<String ID="P309_ST00307" HPOS="946" VPOS="1413" WIDTH="81" HEIGHT="17" CONTENT="erano" WC="0.30" CC="79709"/>
						<SP ID="P309_SP00281" HPOS="1027" VPOS="1444" WIDTH="31"/>
						<String ID="P309_ST00308" HPOS="1058" VPOS="1404" WIDTH="59" HEIGHT="25" CONTENT="stati" WC="0.40" CC="56727"/>
					</TextLine>
					<TextLine ID="P309_TL00028" HPOS="160" VPOS="1452" WIDTH="955" HEIGHT="41">
						<String ID="P309_ST00309" HPOS="160" VPOS="1459" WIDTH="68" HEIGHT="27" CONTENT="abati" WC="0.88" CC="00023"/>
						<SP ID="P309_SP00282" HPOS="228" VPOS="1486" WIDTH="21"/>
						<String ID="P309_ST00310" HPOS="249" VPOS="1457" WIDTH="131" HEIGHT="28" CONTENT="sentendo" WC="0.76" CC="50360300"/>
						<SP ID="P309_SP00283" HPOS="380" VPOS="1486" WIDTH="22"/>
						<String ID="P309_ST00311" HPOS="402" VPOS="1456" WIDTH="17" HEIGHT="28" CONTENT="il" WC="0.43" CC="64"/>
						<SP ID="P309_SP00284" HPOS="419" VPOS="1486" WIDTH="20"/>
						<String ID="P309_ST00312" HPOS="439" VPOS="1456" WIDTH="100" HEIGHT="37" CONTENT="populo" WC="0.72" CC="028500"/>
						<SP ID="P309_SP00285" HPOS="539" VPOS="1493" WIDTH="21"/>
						<String ID="P309_ST00313" HPOS="560" VPOS="1462" WIDTH="93" HEIGHT="30" CONTENT="questo" WC="0.49" CC="906246"/>
						<SP ID="P309_SP00286" HPOS="653" VPOS="1493" WIDTH="22"/>
						<String ID="P309_ST00314" HPOS="675" VPOS="1464" WIDTH="28" HEIGHT="18" CONTENT="se" WC="0.92" CC="01"/>
						<SP ID="P309_SP00287" HPOS="703" VPOS="1493" WIDTH="21"/>
						<String ID="P309_ST00315" HPOS="724" VPOS="1454" WIDTH="60" HEIGHT="27" CONTENT="levo" WC="0.70" CC="3080"/>
						<SP ID="P309_SP00288" HPOS="784" VPOS="1493" WIDTH="23"/>
						<String ID="P309_ST00316" HPOS="807" VPOS="1463" WIDTH="49" HEIGHT="17" CONTENT="una" WC="0.19" CC="887"/>
						<SP ID="P309_SP00289" HPOS="856" VPOS="1493" WIDTH="16"/>
						<String ID="P309_ST00317" HPOS="872" VPOS="1462" WIDTH="65" HEIGHT="17" CONTENT="voce" WC="0.55" CC="0970"/>
						<SP ID="P309_SP00290" HPOS="937" VPOS="1493" WIDTH="16"/>
						<String ID="P309_ST00318" HPOS="953" VPOS="1452" WIDTH="41" HEIGHT="27" CONTENT="chi" WC="0.30" CC="766"/>
						<SP ID="P309_SP00291" HPOS="994" VPOS="1493" WIDTH="16"/>
						<String ID="P309_ST00319" HPOS="1010" VPOS="1452" WIDTH="55" HEIGHT="27" CONTENT="dise" WC="0.15" CC="9788"/>
						<SP ID="P309_SP00292" HPOS="1065" VPOS="1493" WIDTH="16"/>
						<String ID="P309_ST00320" HPOS="1081" VPOS="1453" WIDTH="34" HEIGHT="25" CONTENT="sia" WC="0.46" CC="960"/>
					</TextLine>
					<TextLine ID="P309_TL00029" HPOS="159" VPOS="1502" WIDTH="958" HEIGHT="46">
						<String ID="P309_ST00321" HPOS="159" VPOS="1509" WIDTH="54" HEIGHT="27" CONTENT="fato" WC="0.66" CC="5510"/>
						<SP ID="P309_SP00293" HPOS="213" VPOS="1536" WIDTH="21"/>
						<String ID="P309_ST00322" HPOS="234" VPOS="1508" WIDTH="108" HEIGHT="40" CONTENT="signore" WC="0.63" CC="1590070"/>
						<SP ID="P309_SP00294" HPOS="342" VPOS="1548" WIDTH="21"/>
						<String ID="P309_ST00323" HPOS="363" VPOS="1517" WIDTH="13" HEIGHT="17" CONTENT="e" WC="1.00" CC="0"/>
						<SP ID="P309_SP00295" HPOS="376" VPOS="1548" WIDTH="22"/>
						<String ID="P309_ST00324" HPOS="398" VPOS="1506" WIDTH="18" HEIGHT="28" CONTENT="li" WC="0.35" CC="57"/>
						<SP ID="P309_SP00296" HPOS="416" VPOS="1548" WIDTH="20"/>
						<String ID="P309_ST00325" HPOS="436" VPOS="1506" WIDTH="115" HEIGHT="36" CONTENT="capitani" WC="0.42" CC="37806784"/>
						<SP ID="P309_SP00297" HPOS="551" VPOS="1548" WIDTH="21"/>
						<String ID="P309_ST00326" HPOS="572" VPOS="1515" WIDTH="13" HEIGHT="17" CONTENT="e" WC="1.00" CC="0"/>
						<SP ID="P309_SP00298" HPOS="585" VPOS="1548" WIDTH="21"/>
						<String ID="P309_ST00327" HPOS="606" VPOS="1505" WIDTH="26" HEIGHT="27" CONTENT="lo" WC="0.78" CC="03"/>
						<SP ID="P309_SP00299" HPOS="632" VPOS="1548" WIDTH="29"/>
						<String ID="P309_ST00328" HPOS="661" VPOS="1504" WIDTH="73" HEIGHT="27" CONTENT="abate" WC="0.41" CC="07749"/>
						<SP ID="P309_SP00300" HPOS="734" VPOS="1548" WIDTH="29"/>
						<String ID="P309_ST00329" HPOS="763" VPOS="1503" WIDTH="76" HEIGHT="36" CONTENT="vegio" WC="0.61" CC="93060"/>
						<SP ID="P309_SP00301" HPOS="839" VPOS="1548" WIDTH="26"/>
						<String ID="P309_ST00330" HPOS="865" VPOS="1512" WIDTH="119" HEIGHT="27" CONTENT="pregono" WC="0.81" CC="0047000"/>
						<SP ID="P309_SP00302" HPOS="984" VPOS="1548" WIDTH="29"/>
						<String ID="P309_ST00331" HPOS="1013" VPOS="1502" WIDTH="104" HEIGHT="26" CONTENT="simone" WC="0.52" CC="064683"/>
					</TextLine>
					<TextLine ID="P309_TL00030" HPOS="159" VPOS="1551" WIDTH="737" HEIGHT="41">
						<String ID="P309_ST00332" HPOS="159" VPOS="1557" WIDTH="49" HEIGHT="28" CONTENT="che" WC="0.81" CC="202"/>
						<SP ID="P309_SP00303" HPOS="208" VPOS="1585" WIDTH="21"/>
						<String ID="P309_ST00333" HPOS="229" VPOS="1557" WIDTH="91" HEIGHT="28" CONTENT="volese" WC="0.92" CC="003010"/>
						<SP ID="P309_SP00304" HPOS="320" VPOS="1585" WIDTH="22"/>
						<String ID="P309_ST00334" HPOS="342" VPOS="1564" WIDTH="99" HEIGHT="19" CONTENT="asetare" WC="0.63" CC="0066930"/>
						<SP ID="P309_SP00305" HPOS="441" VPOS="1585" WIDTH="22"/>
						<String ID="P309_ST00335" HPOS="463" VPOS="1555" WIDTH="88" HEIGHT="37" CONTENT="quello" WC="0.85" CC="000350"/>
						<SP ID="P309_SP00306" HPOS="551" VPOS="1592" WIDTH="22"/>
						<String ID="P309_ST00336" HPOS="573" VPOS="1554" WIDTH="48" HEIGHT="27" CONTENT="che" WC="0.75" CC="700"/>
						<SP ID="P309_SP00307" HPOS="621" VPOS="1592" WIDTH="22"/>
						<String ID="P309_ST00337" HPOS="643" VPOS="1554" WIDTH="93" HEIGHT="26" CONTENT="voleva" WC="0.82" CC="000208"/>
						<SP ID="P309_SP00308" HPOS="736" VPOS="1592" WIDTH="24"/>
						<String ID="P309_ST00338" HPOS="760" VPOS="1552" WIDTH="16" HEIGHT="27" CONTENT="il" WC="0.63" CC="70"/>
						<SP ID="P309_SP00309" HPOS="776" VPOS="1592" WIDTH="21"/>
						<String ID="P309_ST00339" HPOS="797" VPOS="1551" WIDTH="99" HEIGHT="38" CONTENT="populo" WC="0.77" CC="900003"/>
					</TextLine>
					<TextLine ID="P309_TL00031" HPOS="159" VPOS="1600" WIDTH="958" HEIGHT="44">
						<String ID="P309_ST00340" HPOS="159" VPOS="1617" WIDTH="78" HEIGHT="27" CONTENT="spoze" WC="0.81" CC="40040"/>
						<SP ID="P309_SP00310" HPOS="237" VPOS="1644" WIDTH="21"/>
						<String ID="P309_ST00341" HPOS="258" VPOS="1606" WIDTH="114" HEIGHT="28" CONTENT="dicendo" WC="0.71" CC="0540702"/>
						<SP ID="P309_SP00311" HPOS="372" VPOS="1644" WIDTH="22"/>
						<String ID="P309_ST00342" HPOS="394" VPOS="1605" WIDTH="103" HEIGHT="37" CONTENT="signori" WC="0.67" CC="1427140"/>
						<SP ID="P309_SP00312" HPOS="497" VPOS="1644" WIDTH="21"/>
						<String ID="P309_ST00343" HPOS="518" VPOS="1605" WIDTH="26" HEIGHT="26" CONTENT="io" WC="0.93" CC="10"/>
						<SP ID="P309_SP00313" HPOS="544" VPOS="1644" WIDTH="21"/>
						<String ID="P309_ST00344" HPOS="565" VPOS="1612" WIDTH="69" HEIGHT="19" CONTENT="sono" WC="0.84" CC="0060"/>
						<SP ID="P309_SP00314" HPOS="634" VPOS="1644" WIDTH="22"/>
						<String ID="P309_ST00345" HPOS="656" VPOS="1610" WIDTH="126" HEIGHT="20" CONTENT="contento" WC="0.59" CC="10640765"/>
						<SP ID="P309_SP00315" HPOS="782" VPOS="1644" WIDTH="22"/>
						<String ID="P309_ST00346" HPOS="804" VPOS="1601" WIDTH="30" HEIGHT="27" CONTENT="de" WC="0.71" CC="05"/>
						<SP ID="P309_SP00316" HPOS="834" VPOS="1644" WIDTH="22"/>
						<String ID="P309_ST00347" HPOS="856" VPOS="1603" WIDTH="53" HEIGHT="25" CONTENT="tare" WC="0.16" CC="8797"/>
						<SP ID="P309_SP00317" HPOS="909" VPOS="1644" WIDTH="23"/>
						<String ID="P309_ST00348" HPOS="932" VPOS="1610" WIDTH="62" HEIGHT="18" CONTENT="cosa" WC="0.57" CC="7530"/>
						<SP ID="P309_SP00318" HPOS="994" VPOS="1644" WIDTH="28"/>
						<String ID="P309_ST00349" HPOS="1022" VPOS="1600" WIDTH="41" HEIGHT="27" CONTENT="chi" WC="0.43" CC="771"/>
						<SP ID="P309_SP00319" HPOS="1063" VPOS="1644" WIDTH="24"/>
						<String ID="P309_ST00350" HPOS="1087" VPOS="1609" WIDTH="30" HEIGHT="18" CONTENT="ve" WC="0.33" CC="93"/>
					</TextLine>
				</TextBlock>
				<TextBlock ID="P309_TB00003" HPOS="200" VPOS="1755" WIDTH="343" HEIGHT="39" STYLEREFS="TXT_1 PAR_LEFT">
					<TextLine ID="P309_TL00032" HPOS="201" VPOS="1756" WIDTH="342" HEIGHT="38">
						<String ID="P309_ST00351" HPOS="201" VPOS="1760" WIDTH="35" HEIGHT="34" CONTENT="(1)" WC="0.42" CC="466"/>
						<SP ID="P309_SP00320" HPOS="236" VPOS="1794" WIDTH="15"/>
						<String ID="P309_ST00352" HPOS="251" VPOS="1759" WIDTH="115" HEIGHT="26" CONTENT="Dell'arte" WC="0.57" CC="450207665"/>
						<SP ID="P309_SP00321" HPOS="366" VPOS="1794" WIDTH="17"/>
						<String ID="P309_ST00353" HPOS="383" VPOS="1759" WIDTH="36" HEIGHT="24" CONTENT="dei" WC="0.36" CC="765"/>
						<SP ID="P309_SP00322" HPOS="419" VPOS="1794" WIDTH="16"/>
						<String ID="P309_ST00354" HPOS="435" VPOS="1756" WIDTH="108" HEIGHT="26" CONTENT="Battiloro." WC="0.39" CC="4766576554"/>
					</TextLine>
				</TextBlock>
			</PrintSpace>
		</Page>
	</Layout>
</alto>
