<?xml version="1.0" encoding="UTF-8"?>
<alto xmlns:xsi="http://www.w3.org/2001/XMLSchema-instance" xsi:noNamespaceSchemaLocation="http://www.bl.uk/schemas/alto/alto-1-4.xsd" xmlns:xlink="http://www.w3.org/1999/xlink">
	<Description>
		<MeasurementUnit>mm10</MeasurementUnit>
		<sourceImageInformation>
			<fileName>//head1/IN/2008-29/A0011808733/000337.jp2</fileName>
		</sourceImageInformation>
		<OCRProcessing ID="OCRPROCESSING_1">
			<preProcessingStep>
				<processingSoftware>
					<softwareCreator>CCS Content Conversion Specialists GmbH, Germany</softwareCreator>
					<softwareName>CCS docWORKS</softwareName>
					<softwareVersion>6.1-0.67</softwareVersion>
				</processingSoftware>
			</preProcessingStep>
			<ocrProcessingStep>
				<processingSoftware>
					<softwareCreator>ABBYY (BIT Software), Russia</softwareCreator>
					<softwareName>Finereader</softwareName>
				</processingSoftware>
			</ocrProcessingStep>
		</OCRProcessing>
	</Description>
	<Styles>
		<TextStyle ID="TXT_0" FONTSIZE="11" FONTFAMILY="Courier New"/>
		<TextStyle ID="TXT_1" FONTSIZE="9" FONTFAMILY="Courier New"/>
		<ParagraphStyle ID="PAR_RIGHT" ALIGN="Right"/>
		<ParagraphStyle ID="PAR_LEFT" ALIGN="Left"/>
	</Styles>
	<Layout>
		<Page ID="P83" PHYSICAL_IMG_NR="83" HEIGHT="2078" WIDTH="1373" PRINTED_IMG_NR="69" POSITION="Right" ACCURACY="69.42">
			<TopMargin ID="P83_TM00001" HPOS="0" VPOS="0" WIDTH="1373" HEIGHT="64">
				<TextBlock ID="P83_TB00001" HPOS="1040" VPOS="27" WIDTH="35" HEIGHT="35" STYLEREFS="TXT_0 PAR_RIGHT">
					<TextLine ID="P83_TL00001" HPOS="1040" VPOS="27" WIDTH="35" HEIGHT="35">
						<String ID="P83_ST00001" HPOS="1040" VPOS="27" WIDTH="35" HEIGHT="35" CONTENT="69" WC="1.00" CC="00"/>
					</TextLine>
				</TextBlock>
			</TopMargin>
			<LeftMargin ID="P83_LM00001" HPOS="0" VPOS="64" WIDTH="115" HEIGHT="1660"/>
			<RightMargin ID="P83_RM00001" HPOS="1082" VPOS="64" WIDTH="291" HEIGHT="1660"/>
			<BottomMargin ID="P83_BM00001" HPOS="0" VPOS="1724" WIDTH="1373" HEIGHT="353"/>
			<PrintSpace ID="P83_PS00001" HPOS="115" VPOS="64" WIDTH="967" HEIGHT="1660">
				<TextBlock ID="P83_TB00002" HPOS="115" VPOS="77" WIDTH="960" HEIGHT="243" STYLEREFS="TXT_1 PAR_LEFT">
					<TextLine ID="P83_TL00002" HPOS="116" VPOS="84" WIDTH="959" HEIGHT="33">
						<String ID="P83_ST00002" HPOS="116" VPOS="84" WIDTH="108" HEIGHT="31" CONTENT="citadini" WC="0.64" CC="66090203"/>
						<SP ID="P83_SP00001" HPOS="224" VPOS="115" WIDTH="20"/>
						<String ID="P83_ST00003" HPOS="244" VPOS="87" WIDTH="33" HEIGHT="28" CONTENT="de" WC="0.77" CC="04"/>
						<SP ID="P83_SP00002" HPOS="277" VPOS="115" WIDTH="22"/>
						<String ID="P83_ST00004" HPOS="299" VPOS="88" WIDTH="88" HEIGHT="27" CONTENT="Saona" WC="0.70" CC="00049"/>
						<SP ID="P83_SP00003" HPOS="387" VPOS="115" WIDTH="21"/>
						<String ID="P83_ST00005" HPOS="408" VPOS="88" WIDTH="135" HEIGHT="28" CONTENT="haveseno" WC="0.79" CC="50060050"/>
						<SP ID="P83_SP00004" HPOS="543" VPOS="116" WIDTH="21"/>
						<String ID="P83_ST00006" HPOS="564" VPOS="97" WIDTH="95" HEIGHT="20" CONTENT="tratato" WC="0.81" CC="5100041"/>
						<SP ID="P83_SP00005" HPOS="659" VPOS="117" WIDTH="23"/>
						<String ID="P83_ST00007" HPOS="682" VPOS="98" WIDTH="62" HEIGHT="18" CONTENT="cosa" WC="0.61" CC="6025"/>
						<SP ID="P83_SP00006" HPOS="744" VPOS="117" WIDTH="21"/>
						<String ID="P83_ST00008" HPOS="765" VPOS="87" WIDTH="92" HEIGHT="30" CONTENT="alcuna" WC="0.88" CC="031010"/>
						<SP ID="P83_SP00007" HPOS="857" VPOS="117" WIDTH="22"/>
						<String ID="P83_ST00009" HPOS="879" VPOS="98" WIDTH="50" HEIGHT="18" CONTENT="con" WC="0.64" CC="450"/>
						<SP ID="P83_SP00008" HPOS="929" VPOS="117" WIDTH="27"/>
						<String ID="P83_ST00010" HPOS="956" VPOS="88" WIDTH="26" HEIGHT="27" CONTENT="lo" WC="0.73" CC="05"/>
						<SP ID="P83_SP00009" HPOS="982" VPOS="117" WIDTH="26"/>
						<String ID="P83_ST00011" HPOS="1008" VPOS="87" WIDTH="67" HEIGHT="28" CONTENT="duca" WC="0.89" CC="0040"/>
					</TextLine>
					<TextLine ID="P83_TL00003" HPOS="117" VPOS="136" WIDTH="957" HEIGHT="39">
						<String ID="P83_ST00012" HPOS="117" VPOS="136" WIDTH="33" HEIGHT="28" CONTENT="de" WC="0.73" CC="05"/>
						<SP ID="P83_SP00010" HPOS="150" VPOS="164" WIDTH="21"/>
						<String ID="P83_ST00013" HPOS="171" VPOS="136" WIDTH="124" HEIGHT="28" CONTENT="Borbone" WC="0.61" CC="3540452"/>
						<SP ID="P83_SP00011" HPOS="295" VPOS="164" WIDTH="21"/>
						<String ID="P83_ST00014" HPOS="316" VPOS="145" WIDTH="93" HEIGHT="20" CONTENT="contra" WC="0.70" CC="332700"/>
						<SP ID="P83_SP00012" HPOS="409" VPOS="165" WIDTH="22"/>
						<String ID="P83_ST00015" HPOS="431" VPOS="138" WIDTH="109" HEIGHT="37" CONTENT="genoesi" WC="0.79" CC="7000006"/>
						<SP ID="P83_SP00013" HPOS="540" VPOS="175" WIDTH="22"/>
						<String ID="P83_ST00016" HPOS="562" VPOS="139" WIDTH="104" HEIGHT="27" CONTENT="sariano" WC="0.79" CC="0045030"/>
						<SP ID="P83_SP00014" HPOS="666" VPOS="175" WIDTH="21"/>
						<String ID="P83_ST00017" HPOS="687" VPOS="139" WIDTH="60" HEIGHT="26" CONTENT="stati" WC="0.76" CC="00900"/>
						<SP ID="P83_SP00015" HPOS="747" VPOS="175" WIDTH="21"/>
						<String ID="P83_ST00018" HPOS="768" VPOS="148" WIDTH="78" HEIGHT="18" CONTENT="causa" WC="0.56" CC="67007"/>
						<SP ID="P83_SP00016" HPOS="846" VPOS="175" WIDTH="21"/>
						<String ID="P83_ST00019" HPOS="867" VPOS="137" WIDTH="32" HEIGHT="28" CONTENT="de" WC="1.00" CC="00"/>
						<SP ID="P83_SP00017" HPOS="899" VPOS="175" WIDTH="15"/>
						<String ID="P83_ST00020" HPOS="914" VPOS="137" WIDTH="25" HEIGHT="28" CONTENT="la" WC="0.84" CC="30"/>
						<SP ID="P83_SP00018" HPOS="939" VPOS="175" WIDTH="13"/>
						<String ID="P83_ST00021" HPOS="952" VPOS="137" WIDTH="76" HEIGHT="28" CONTENT="ruina" WC="0.62" CC="53350"/>
						<SP ID="P83_SP00019" HPOS="1028" VPOS="175" WIDTH="14"/>
						<String ID="P83_ST00022" HPOS="1042" VPOS="137" WIDTH="32" HEIGHT="28" CONTENT="de" WC="1.00" CC="00"/>
					</TextLine>
					<TextLine ID="P83_TL00004" HPOS="117" VPOS="185" WIDTH="958" HEIGHT="39">
						<String ID="P83_ST00023" HPOS="117" VPOS="185" WIDTH="27" HEIGHT="28" CONTENT="lo" WC="0.70" CC="60"/>
						<SP ID="P83_SP00020" HPOS="144" VPOS="213" WIDTH="20"/>
						<String ID="P83_ST00024" HPOS="164" VPOS="194" WIDTH="79" HEIGHT="28" CONTENT="porto" WC="0.71" CC="02560"/>
						<SP ID="P83_SP00021" HPOS="243" VPOS="222" WIDTH="21"/>
						<String ID="P83_ST00025" HPOS="264" VPOS="196" WIDTH="14" HEIGHT="18" CONTENT="e" WC="1.00" CC="0"/>
						<SP ID="P83_SP00022" HPOS="278" VPOS="222" WIDTH="21"/>
						<String ID="P83_ST00026" HPOS="299" VPOS="196" WIDTH="28" HEIGHT="18" CONTENT="se" WC="0.78" CC="40"/>
						<SP ID="P83_SP00023" HPOS="327" VPOS="222" WIDTH="22"/>
						<String ID="P83_ST00027" HPOS="349" VPOS="187" WIDTH="58" HEIGHT="27" CONTENT="cosi" WC="0.72" CC="1053"/>
						<SP ID="P83_SP00024" HPOS="407" VPOS="222" WIDTH="21"/>
						<String ID="P83_ST00028" HPOS="428" VPOS="187" WIDTH="14" HEIGHT="27" CONTENT="è" WC="0.51" CC="4"/>
						<SP ID="P83_SP00025" HPOS="442" VPOS="222" WIDTH="21"/>
						<String ID="P83_ST00029" HPOS="463" VPOS="198" WIDTH="64" HEIGHT="17" CONTENT="vero" WC="0.93" CC="0020"/>
						<SP ID="P83_SP00026" HPOS="527" VPOS="222" WIDTH="23"/>
						<String ID="P83_ST00030" HPOS="550" VPOS="187" WIDTH="54" HEIGHT="28" CONTENT="Dio" WC="0.93" CC="020"/>
						<SP ID="P83_SP00027" HPOS="604" VPOS="222" WIDTH="21"/>
						<String ID="P83_ST00031" HPOS="625" VPOS="188" WIDTH="17" HEIGHT="28" CONTENT="il" WC="1.00" CC="00"/>
						<SP ID="P83_SP00028" HPOS="642" VPOS="222" WIDTH="21"/>
						<String ID="P83_ST00032" HPOS="663" VPOS="198" WIDTH="28" HEIGHT="17" CONTENT="sa" WC="1.00" CC="00"/>
						<SP ID="P83_SP00029" HPOS="691" VPOS="222" WIDTH="23"/>
						<String ID="P83_ST00033" HPOS="714" VPOS="198" WIDTH="13" HEIGHT="17" CONTENT="e" WC="1.00" CC="0"/>
						<SP ID="P83_SP00030" HPOS="727" VPOS="222" WIDTH="29"/>
						<String ID="P83_ST00034" HPOS="756" VPOS="188" WIDTH="25" HEIGHT="27" CONTENT="io" WC="0.23" CC="78"/>
						<SP ID="P83_SP00031" HPOS="781" VPOS="222" WIDTH="27"/>
						<String ID="P83_ST00035" HPOS="808" VPOS="197" WIDTH="112" HEIGHT="27" CONTENT="pregerò" WC="0.63" CC="0950315"/>
						<SP ID="P83_SP00032" HPOS="920" VPOS="224" WIDTH="29"/>
						<String ID="P83_ST00036" HPOS="949" VPOS="187" WIDTH="54" HEIGHT="27" CONTENT="Dio" WC="0.63" CC="153"/>
						<SP ID="P83_SP00033" HPOS="1003" VPOS="224" WIDTH="25"/>
						<String ID="P83_ST00037" HPOS="1028" VPOS="186" WIDTH="47" HEIGHT="28" CONTENT="che" WC="0.80" CC="401"/>
					</TextLine>
					<TextLine ID="P83_TL00005" HPOS="117" VPOS="235" WIDTH="958" HEIGHT="37">
						<String ID="P83_ST00038" HPOS="117" VPOS="236" WIDTH="80" HEIGHT="35" CONTENT="vogia" WC="0.93" CC="00030"/>
						<SP ID="P83_SP00034" HPOS="197" VPOS="271" WIDTH="27"/>
						<String ID="P83_ST00039" HPOS="224" VPOS="243" WIDTH="119" HEIGHT="28" CONTENT="mcterge" WC="0.80" CC="0060070"/>
						<SP ID="P83_SP00035" HPOS="343" VPOS="271" WIDTH="26"/>
						<String ID="P83_ST00040" HPOS="369" VPOS="246" WIDTH="64" HEIGHT="26" CONTENT="pace" WC="0.89" CC="0040"/>
						<SP ID="P83_SP00036" HPOS="433" VPOS="272" WIDTH="28"/>
						<String ID="P83_ST00041" HPOS="461" VPOS="237" WIDTH="75" HEIGHT="27" CONTENT="aliter" WC="0.89" CC="040200"/>
						<SP ID="P83_SP00037" HPOS="536" VPOS="272" WIDTH="27"/>
						<String ID="P83_ST00042" HPOS="563" VPOS="237" WIDTH="27" HEIGHT="27" CONTENT="io" WC="1.00" CC="00"/>
						<SP ID="P83_SP00038" HPOS="590" VPOS="272" WIDTH="24"/>
						<String ID="P83_ST00043" HPOS="614" VPOS="237" WIDTH="69" HEIGHT="27" CONTENT="vedo" WC="0.93" CC="2000"/>
						<SP ID="P83_SP00039" HPOS="683" VPOS="272" WIDTH="27"/>
						<String ID="P83_ST00044" HPOS="710" VPOS="237" WIDTH="24" HEIGHT="27" CONTENT="la" WC="0.50" CC="09"/>
						<SP ID="P83_SP00040" HPOS="734" VPOS="272" WIDTH="20"/>
						<String ID="P83_ST00045" HPOS="754" VPOS="237" WIDTH="50" HEIGHT="27" CONTENT="cita" WC="0.64" CC="5520"/>
						<SP ID="P83_SP00041" HPOS="804" VPOS="272" WIDTH="21"/>
						<String ID="P83_ST00046" HPOS="825" VPOS="237" WIDTH="32" HEIGHT="27" CONTENT="de" WC="1.00" CC="00"/>
						<SP ID="P83_SP00042" HPOS="857" VPOS="272" WIDTH="22"/>
						<String ID="P83_ST00047" HPOS="879" VPOS="236" WIDTH="87" HEIGHT="28" CONTENT="Saona" WC="0.60" CC="09009"/>
						<SP ID="P83_SP00043" HPOS="966" VPOS="272" WIDTH="21"/>
						<String ID="P83_ST00048" HPOS="987" VPOS="246" WIDTH="13" HEIGHT="17" CONTENT="a" WC="1.00" CC="0"/>
						<SP ID="P83_SP00044" HPOS="1000" VPOS="272" WIDTH="22"/>
						<String ID="P83_ST00049" HPOS="1022" VPOS="235" WIDTH="53" HEIGHT="27" CONTENT="mal" WC="0.79" CC="060"/>
					</TextLine>
					<TextLine ID="P83_TL00006" HPOS="117" VPOS="292" WIDTH="81" HEIGHT="28">
						<String ID="P83_ST00050" HPOS="117" VPOS="292" WIDTH="81" HEIGHT="28" CONTENT="porto" WC="0.64" CC="73033"/>
					</TextLine>
				</TextBlock>
				<TextBlock ID="P83_TB00003" HPOS="124" VPOS="388" WIDTH="951" HEIGHT="171" STYLEREFS="TXT_1 PAR_LEFT">
					<TextLine ID="P83_TL00007" HPOS="125" VPOS="425" WIDTH="950" HEIGHT="45">
						<String ID="P83_ST00051" HPOS="125" VPOS="425" WIDTH="60" HEIGHT="36" CONTENT="JL/I" WC="0.36" CC="7970"/>
						<SP ID="P83_SP00045" HPOS="185" VPOS="461" WIDTH="22"/>
						<String ID="P83_ST00052" HPOS="207" VPOS="442" WIDTH="107" HEIGHT="19" CONTENT="SIGNORI" WC="0.75" CC="6410104"/>
						<SP ID="P83_SP00046" HPOS="314" VPOS="461" WIDTH="29"/>
						<String ID="P83_ST00053" HPOS="343" VPOS="442" WIDTH="115" HEIGHT="20" CONTENT="GENOESI" WC="0.60" CC="0293506"/>
						<SP ID="P83_SP00047" HPOS="458" VPOS="462" WIDTH="26"/>
						<String ID="P83_ST00054" HPOS="484" VPOS="442" WIDTH="75" HEIGHT="20" CONTENT="LANO" WC="0.63" CC="2290"/>
						<SP ID="P83_SP00048" HPOS="559" VPOS="462" WIDTH="24"/>
						<String ID="P83_ST00055" HPOS="583" VPOS="438" WIDTH="36" HEIGHT="23" CONTENT="DE" WC="0.71" CC="50"/>
						<SP ID="P83_SP00049" HPOS="619" VPOS="462" WIDTH="30"/>
						<String ID="P83_ST00056" HPOS="649" VPOS="442" WIDTH="67" HEIGHT="28" CONTENT="I525" WC="0.69" CC="2064"/>
						<SP ID="P83_SP00050" HPOS="716" VPOS="470" WIDTH="30"/>
						<String ID="P83_ST00057" HPOS="746" VPOS="443" WIDTH="44" HEIGHT="19" CONTENT="ALI" WC="0.59" CC="065"/>
						<SP ID="P83_SP00051" HPOS="790" VPOS="470" WIDTH="29"/>
						<String ID="P83_ST00058" HPOS="819" VPOS="443" WIDTH="29" HEIGHT="27" CONTENT="15" WC="1.00" CC="00"/>
						<SP ID="P83_SP00052" HPOS="848" VPOS="470" WIDTH="26"/>
						<String ID="P83_ST00059" HPOS="874" VPOS="444" WIDTH="36" HEIGHT="19" CONTENT="DE" WC="0.55" CC="44"/>
						<SP ID="P83_SP00053" HPOS="910" VPOS="470" WIDTH="20"/>
						<String ID="P83_ST00060" HPOS="930" VPOS="443" WIDTH="145" HEIGHT="20" CONTENT="NOVEMBRE" WC="0.65" CC="91510180"/>
					</TextLine>
					<TextLine ID="P83_TL00008" HPOS="174" VPOS="491" WIDTH="901" HEIGHT="28">
						<String ID="P83_ST00061" HPOS="174" VPOS="491" WIDTH="57" HEIGHT="20" CONTENT="ANO" WC="0.96" CC="100"/>
						<SP ID="P83_SP00054" HPOS="231" VPOS="511" WIDTH="20"/>
						<String ID="P83_ST00062" HPOS="251" VPOS="491" WIDTH="136" HEIGHT="20" CONTENT="MANDATO" WC="0.76" CC="1590000"/>
						<SP ID="P83_SP00055" HPOS="387" VPOS="511" WIDTH="21"/>
						<String ID="P83_ST00063" HPOS="408" VPOS="491" WIDTH="28" HEIGHT="20" CONTENT="IN" WC="0.50" CC="09"/>
						<SP ID="P83_SP00056" HPOS="436" VPOS="511" WIDTH="19"/>
						<String ID="P83_ST00064" HPOS="455" VPOS="491" WIDTH="35" HEIGHT="19" CONTENT="LO" WC="0.70" CC="50"/>
						<SP ID="P83_SP00057" HPOS="490" VPOS="511" WIDTH="16"/>
						<String ID="P83_ST00065" HPOS="506" VPOS="491" WIDTH="89" HEIGHT="20" CONTENT="PORTO" WC="0.50" CC="50891"/>
						<SP ID="P83_SP00058" HPOS="595" VPOS="511" WIDTH="21"/>
						<String ID="P83_ST00066" HPOS="616" VPOS="492" WIDTH="36" HEIGHT="19" CONTENT="DE" WC="0.83" CC="30"/>
						<SP ID="P83_SP00059" HPOS="652" VPOS="511" WIDTH="19"/>
						<String ID="P83_ST00067" HPOS="671" VPOS="492" WIDTH="88" HEIGHT="19" CONTENT="SAONA" WC="0.67" CC="06090"/>
						<SP ID="P83_SP00060" HPOS="759" VPOS="511" WIDTH="23"/>
						<String ID="P83_ST00068" HPOS="782" VPOS="493" WIDTH="13" HEIGHT="26" CONTENT="3" WC="0.45" CC="5"/>
						<SP ID="P83_SP00061" HPOS="795" VPOS="519" WIDTH="17"/>
						<String ID="P83_ST00069" HPOS="812" VPOS="493" WIDTH="72" HEIGHT="19" CONTENT="NAVE" WC="0.58" CC="8007"/>
						<SP ID="P83_SP00062" HPOS="884" VPOS="519" WIDTH="15"/>
						<String ID="P83_ST00070" HPOS="899" VPOS="492" WIDTH="81" HEIGHT="20" CONTENT="VEGIE" WC="0.56" CC="05374"/>
						<SP ID="P83_SP00063" HPOS="980" VPOS="519" WIDTH="17"/>
						<String ID="P83_ST00071" HPOS="997" VPOS="493" WIDTH="78" HEIGHT="19" CONTENT="PIENE" WC="0.53" CC="45192"/>
					</TextLine>
					<TextLine ID="P83_TL00009" HPOS="175" VPOS="540" WIDTH="446" HEIGHT="19">
						<String ID="P83_ST00072" HPOS="175" VPOS="541" WIDTH="36" HEIGHT="18" CONTENT="DE" WC="0.47" CC="54"/>
						<SP ID="P83_SP00064" HPOS="211" VPOS="559" WIDTH="21"/>
						<String ID="P83_ST00073" HPOS="232" VPOS="540" WIDTH="84" HEIGHT="19" CONTENT="PETRE" WC="0.87" CC="06000"/>
						<SP ID="P83_SP00065" HPOS="316" VPOS="559" WIDTH="21"/>
						<String ID="P83_ST00074" HPOS="337" VPOS="541" WIDTH="15" HEIGHT="18" CONTENT="E" WC="0.12" CC="8"/>
						<SP ID="P83_SP00066" HPOS="352" VPOS="559" WIDTH="22"/>
						<String ID="P83_ST00075" HPOS="374" VPOS="540" WIDTH="94" HEIGHT="19" CONTENT="MISELE" WC="0.70" CC="050057"/>
						<SP ID="P83_SP00067" HPOS="468" VPOS="559" WIDTH="21"/>
						<String ID="P83_ST00076" HPOS="489" VPOS="542" WIDTH="15" HEIGHT="17" CONTENT="A" WC="1.00" CC="0"/>
						<SP ID="P83_SP00068" HPOS="504" VPOS="559" WIDTH="23"/>
						<String ID="P83_ST00077" HPOS="527" VPOS="540" WIDTH="94" HEIGHT="19" CONTENT="FONDO" WC="0.61" CC="50940"/>
					</TextLine>
				</TextBlock>
				<TextBlock ID="P83_TB00004" HPOS="119" VPOS="636" WIDTH="955" HEIGHT="431" STYLEREFS="TXT_1 PAR_LEFT">
					<TextLine ID="P83_TL00010" HPOS="176" VPOS="637" WIDTH="898" HEIGHT="38">
						<String ID="P83_ST00078" HPOS="176" VPOS="639" WIDTH="21" HEIGHT="27" CONTENT="E" WC="0.97" CC="0"/>
						<SP ID="P83_SP00069" HPOS="197" VPOS="666" WIDTH="19"/>
						<String ID="P83_ST00079" HPOS="216" VPOS="637" WIDTH="197" HEIGHT="38" CONTENT="perseverando" WC="0.76" CC="001000050397"/>
						<SP ID="P83_SP00070" HPOS="413" VPOS="675" WIDTH="20"/>
						<String ID="P83_ST00080" HPOS="433" VPOS="637" WIDTH="25" HEIGHT="28" CONTENT="la" WC="0.93" CC="10"/>
						<SP ID="P83_SP00071" HPOS="458" VPOS="675" WIDTH="21"/>
						<String ID="P83_ST00081" HPOS="479" VPOS="637" WIDTH="132" HEIGHT="29" CONTENT="discordia" WC="0.96" CC="030000000"/>
						<SP ID="P83_SP00072" HPOS="611" VPOS="675" WIDTH="26"/>
						<String ID="P83_ST00082" HPOS="637" VPOS="645" WIDTH="39" HEIGHT="21" CONTENT="tra" WC="0.67" CC="009"/>
						<SP ID="P83_SP00073" HPOS="676" VPOS="675" WIDTH="25"/>
						<String ID="P83_ST00083" HPOS="701" VPOS="638" WIDTH="18" HEIGHT="27" CONTENT="li" WC="0.56" CC="43"/>
						<SP ID="P83_SP00074" HPOS="719" VPOS="675" WIDTH="25"/>
						<String ID="P83_ST00084" HPOS="744" VPOS="639" WIDTH="102" HEIGHT="36" CONTENT="signori" WC="0.78" CC="0500053"/>
						<SP ID="P83_SP00075" HPOS="846" VPOS="675" WIDTH="22"/>
						<String ID="P83_ST00085" HPOS="868" VPOS="639" WIDTH="120" HEIGHT="27" CONTENT="Genoesi" WC="0.64" CC="0637043"/>
						<SP ID="P83_SP00076" HPOS="988" VPOS="675" WIDTH="28"/>
						<String ID="P83_ST00086" HPOS="1016" VPOS="649" WIDTH="13" HEIGHT="17" CONTENT="e" WC="1.00" CC="0"/>
						<SP ID="P83_SP00077" HPOS="1029" VPOS="675" WIDTH="27"/>
						<String ID="P83_ST00087" HPOS="1056" VPOS="638" WIDTH="18" HEIGHT="28" CONTENT="li" WC="0.84" CC="03"/>
					</TextLine>
					<TextLine ID="P83_TL00011" HPOS="120" VPOS="687" WIDTH="954" HEIGHT="37">
						<String ID="P83_ST00088" HPOS="120" VPOS="688" WIDTH="107" HEIGHT="27" CONTENT="citadini" WC="0.60" CC="10090775"/>
						<SP ID="P83_SP00078" HPOS="227" VPOS="715" WIDTH="22"/>
						<String ID="P83_ST00089" HPOS="249" VPOS="687" WIDTH="32" HEIGHT="28" CONTENT="de" WC="0.90" CC="20"/>
						<SP ID="P83_SP00079" HPOS="281" VPOS="715" WIDTH="21"/>
						<String ID="P83_ST00090" HPOS="302" VPOS="688" WIDTH="87" HEIGHT="28" CONTENT="Saona" WC="1.00" CC="00000"/>
						<SP ID="P83_SP00080" HPOS="389" VPOS="716" WIDTH="20"/>
						<String ID="P83_ST00091" HPOS="409" VPOS="687" WIDTH="62" HEIGHT="28" CONTENT="lano" WC="0.84" CC="0060"/>
						<SP ID="P83_SP00081" HPOS="471" VPOS="716" WIDTH="21"/>
						<String ID="P83_ST00092" HPOS="492" VPOS="688" WIDTH="33" HEIGHT="27" CONTENT="de" WC="1.00" CC="00"/>
						<SP ID="P83_SP00082" HPOS="525" VPOS="716" WIDTH="24"/>
						<String ID="P83_ST00093" HPOS="549" VPOS="695" WIDTH="67" HEIGHT="29" CONTENT="1525" WC="0.61" CC="0725"/>
						<SP ID="P83_SP00083" HPOS="616" VPOS="724" WIDTH="23"/>
						<String ID="P83_ST00094" HPOS="639" VPOS="697" WIDTH="14" HEIGHT="17" CONTENT="a" WC="0.03" CC="9"/>
						<SP ID="P83_SP00084" HPOS="653" VPOS="724" WIDTH="21"/>
						<String ID="P83_ST00095" HPOS="674" VPOS="687" WIDTH="26" HEIGHT="28" CONTENT="lo" WC="0.89" CC="20"/>
						<SP ID="P83_SP00085" HPOS="700" VPOS="724" WIDTH="20"/>
						<String ID="P83_ST00096" HPOS="720" VPOS="688" WIDTH="132" HEIGHT="36" CONTENT="principio" WC="0.69" CC="002426720"/>
						<SP ID="P83_SP00086" HPOS="852" VPOS="724" WIDTH="21"/>
						<String ID="P83_ST00097" HPOS="873" VPOS="687" WIDTH="33" HEIGHT="28" CONTENT="de" WC="0.90" CC="02"/>
						<SP ID="P83_SP00087" HPOS="906" VPOS="724" WIDTH="20"/>
						<String ID="P83_ST00098" HPOS="926" VPOS="687" WIDTH="148" HEIGHT="28" CONTENT="novembre" WC="0.77" CC="44120400"/>
					</TextLine>
					<TextLine ID="P83_TL00012" HPOS="120" VPOS="736" WIDTH="954" HEIGHT="38">
						<String ID="P83_ST00099" HPOS="120" VPOS="736" WIDTH="19" HEIGHT="28" CONTENT="li" WC="0.65" CC="33"/>
						<SP ID="P83_SP00088" HPOS="139" VPOS="764" WIDTH="20"/>
						<String ID="P83_ST00100" HPOS="159" VPOS="738" WIDTH="101" HEIGHT="35" CONTENT="signori" WC="0.73" CC="0400067"/>
						<SP ID="P83_SP00089" HPOS="260" VPOS="773" WIDTH="21"/>
						<String ID="P83_ST00101" HPOS="281" VPOS="737" WIDTH="117" HEIGHT="28" CONTENT="Genoesi" WC="0.84" CC="0030007"/>
						<SP ID="P83_SP00090" HPOS="398" VPOS="773" WIDTH="21"/>
						<String ID="P83_ST00102" HPOS="419" VPOS="736" WIDTH="151" HEIGHT="29" CONTENT="mandorno" WC="0.70" CC="07004073"/>
						<SP ID="P83_SP00091" HPOS="570" VPOS="773" WIDTH="22"/>
						<String ID="P83_ST00103" HPOS="592" VPOS="737" WIDTH="26" HEIGHT="28" CONTENT="in" WC="0.60" CC="70"/>
						<SP ID="P83_SP00092" HPOS="618" VPOS="773" WIDTH="20"/>
						<String ID="P83_ST00104" HPOS="638" VPOS="736" WIDTH="25" HEIGHT="28" CONTENT="la" WC="0.44" CC="19"/>
						<SP ID="P83_SP00093" HPOS="663" VPOS="773" WIDTH="14"/>
						<String ID="P83_ST00105" HPOS="677" VPOS="737" WIDTH="50" HEIGHT="27" CONTENT="cita" WC="0.60" CC="5360"/>
						<SP ID="P83_SP00094" HPOS="727" VPOS="773" WIDTH="22"/>
						<String ID="P83_ST00106" HPOS="749" VPOS="736" WIDTH="31" HEIGHT="28" CONTENT="de" WC="1.00" CC="00"/>
						<SP ID="P83_SP00095" HPOS="780" VPOS="773" WIDTH="22"/>
						<String ID="P83_ST00107" HPOS="802" VPOS="737" WIDTH="88" HEIGHT="28" CONTENT="Saona" WC="0.70" CC="00058"/>
						<SP ID="P83_SP00096" HPOS="890" VPOS="773" WIDTH="15"/>
						<String ID="P83_ST00108" HPOS="905" VPOS="736" WIDTH="18" HEIGHT="28" CONTENT="il" WC="0.44" CC="64"/>
						<SP ID="P83_SP00097" HPOS="923" VPOS="773" WIDTH="18"/>
						<String ID="P83_ST00109" HPOS="941" VPOS="737" WIDTH="133" HEIGHT="37" CONTENT="capitanio" WC="0.86" CC="000300504"/>
					</TextLine>
					<TextLine ID="P83_TL00013" HPOS="121" VPOS="785" WIDTH="953" HEIGHT="38">
						<String ID="P83_ST00110" HPOS="121" VPOS="786" WIDTH="172" HEIGHT="28" CONTENT="Bartolomeo" WC="0.70" CC="6900005043"/>
						<SP ID="P83_SP00098" HPOS="293" VPOS="814" WIDTH="22"/>
						<String ID="P83_ST00111" HPOS="315" VPOS="786" WIDTH="109" HEIGHT="37" CONTENT="Spinola" WC="0.66" CC="0930009"/>
						<SP ID="P83_SP00099" HPOS="424" VPOS="823" WIDTH="20"/>
						<String ID="P83_ST00112" HPOS="444" VPOS="796" WIDTH="50" HEIGHT="18" CONTENT="con" WC="0.72" CC="008"/>
						<SP ID="P83_SP00100" HPOS="494" VPOS="823" WIDTH="26"/>
						<String ID="P83_ST00113" HPOS="520" VPOS="795" WIDTH="50" HEIGHT="19" CONTENT="100" WC="1.00" CC="000"/>
						<SP ID="P83_SP00101" HPOS="570" VPOS="823" WIDTH="22"/>
						<String ID="P83_ST00114" HPOS="592" VPOS="785" WIDTH="65" HEIGHT="28" CONTENT="fanti" WC="0.88" CC="10004"/>
						<SP ID="P83_SP00102" HPOS="657" VPOS="823" WIDTH="19"/>
						<String ID="P83_ST00115" HPOS="676" VPOS="795" WIDTH="15" HEIGHT="18" CONTENT="e" WC="0.80" CC="1"/>
						<SP ID="P83_SP00103" HPOS="691" VPOS="823" WIDTH="21"/>
						<String ID="P83_ST00116" HPOS="712" VPOS="785" WIDTH="89" HEIGHT="37" CONTENT="alogio" WC="0.61" CC="760270"/>
						<SP ID="P83_SP00104" HPOS="801" VPOS="823" WIDTH="30"/>
						<String ID="P83_ST00117" HPOS="831" VPOS="786" WIDTH="27" HEIGHT="27" CONTENT="in" WC="0.94" CC="01"/>
						<SP ID="P83_SP00105" HPOS="858" VPOS="823" WIDTH="30"/>
						<String ID="P83_ST00118" HPOS="888" VPOS="786" WIDTH="73" HEIGHT="36" CONTENT="piasa" WC="0.79" CC="04050"/>
						<SP ID="P83_SP00106" HPOS="961" VPOS="823" WIDTH="30"/>
						<String ID="P83_ST00119" HPOS="991" VPOS="785" WIDTH="33" HEIGHT="28" CONTENT="de" WC="1.00" CC="00"/>
						<SP ID="P83_SP00107" HPOS="1024" VPOS="823" WIDTH="26"/>
						<String ID="P83_ST00120" HPOS="1050" VPOS="785" WIDTH="24" HEIGHT="28" CONTENT="lo" WC="0.83" CC="20"/>
					</TextLine>
					<TextLine ID="P83_TL00014" HPOS="120" VPOS="834" WIDTH="952" HEIGHT="38">
						<String ID="P83_ST00121" HPOS="120" VPOS="834" WIDTH="124" HEIGHT="28" CONTENT="brandale" WC="0.78" CC="43040040"/>
						<SP ID="P83_SP00108" HPOS="244" VPOS="862" WIDTH="20"/>
						<String ID="P83_ST00122" HPOS="264" VPOS="836" WIDTH="27" HEIGHT="26" CONTENT="in" WC="1.00" CC="00"/>
						<SP ID="P83_SP00109" HPOS="291" VPOS="862" WIDTH="22"/>
						<String ID="P83_ST00123" HPOS="313" VPOS="845" WIDTH="58" HEIGHT="17" CONTENT="casa" WC="0.82" CC="7000"/>
						<SP ID="P83_SP00110" HPOS="371" VPOS="862" WIDTH="21"/>
						<String ID="P83_ST00124" HPOS="392" VPOS="835" WIDTH="32" HEIGHT="28" CONTENT="de" WC="0.75" CC="50"/>
						<SP ID="P83_SP00111" HPOS="424" VPOS="863" WIDTH="20"/>
						<String ID="P83_ST00125" HPOS="444" VPOS="835" WIDTH="73" HEIGHT="28" CONTENT="D.no" WC="0.64" CC="3072"/>
						<SP ID="P83_SP00112" HPOS="517" VPOS="863" WIDTH="22"/>
						<String ID="P83_ST00126" HPOS="539" VPOS="835" WIDTH="81" HEIGHT="27" CONTENT="Paulo" WC="0.63" CC="60650"/>
						<SP ID="P83_SP00113" HPOS="620" VPOS="863" WIDTH="23"/>
						<String ID="P83_ST00127" HPOS="643" VPOS="834" WIDTH="32" HEIGHT="28" CONTENT="de" WC="1.00" CC="00"/>
						<SP ID="P83_SP00114" HPOS="675" VPOS="863" WIDTH="20"/>
						<String ID="P83_ST00128" HPOS="695" VPOS="834" WIDTH="26" HEIGHT="28" CONTENT="lo" WC="0.62" CC="33"/>
						<SP ID="P83_SP00115" HPOS="721" VPOS="863" WIDTH="21"/>
						<String ID="P83_ST00129" HPOS="742" VPOS="836" WIDTH="87" HEIGHT="26" CONTENT="reario" WC="0.81" CC="005050"/>
						<SP ID="P83_SP00116" HPOS="829" VPOS="863" WIDTH="20"/>
						<String ID="P83_ST00130" HPOS="849" VPOS="835" WIDTH="46" HEIGHT="37" CONTENT="(1)" WC="0.36" CC="684"/>
						<SP ID="P83_SP00117" HPOS="895" VPOS="872" WIDTH="20"/>
						<String ID="P83_ST00131" HPOS="915" VPOS="835" WIDTH="46" HEIGHT="37" CONTENT="poi" WC="0.88" CC="030"/>
						<SP ID="P83_SP00118" HPOS="961" VPOS="872" WIDTH="24"/>
						<String ID="P83_ST00132" HPOS="985" VPOS="835" WIDTH="33" HEIGHT="27" CONTENT="ali" WC="0.27" CC="965"/>
						<SP ID="P83_SP00119" HPOS="1018" VPOS="872" WIDTH="25"/>
						<String ID="P83_ST00133" HPOS="1043" VPOS="844" WIDTH="29" HEIGHT="27" CONTENT="15" WC="0.39" CC="47"/>
					</TextLine>
					<TextLine ID="P83_TL00015" HPOS="121" VPOS="883" WIDTH="953" HEIGHT="38">
						<String ID="P83_ST00134" HPOS="121" VPOS="883" WIDTH="31" HEIGHT="28" CONTENT="de" WC="0.96" CC="00"/>
						<SP ID="P83_SP00120" HPOS="152" VPOS="911" WIDTH="21"/>
						<String ID="P83_ST00135" HPOS="173" VPOS="883" WIDTH="56" HEIGHT="28" CONTENT="dito" WC="0.72" CC="0504"/>
						<SP ID="P83_SP00121" HPOS="229" VPOS="911" WIDTH="21"/>
						<String ID="P83_ST00136" HPOS="250" VPOS="894" WIDTH="73" HEIGHT="18" CONTENT="mese" WC="0.94" CC="0002"/>
						<SP ID="P83_SP00122" HPOS="323" VPOS="912" WIDTH="22"/>
						<String ID="P83_ST00137" HPOS="345" VPOS="884" WIDTH="31" HEIGHT="28" CONTENT="de" WC="0.73" CC="05"/>
						<SP ID="P83_SP00123" HPOS="376" VPOS="912" WIDTH="22"/>
						<String ID="P83_ST00138" HPOS="398" VPOS="884" WIDTH="128" HEIGHT="28" CONTENT="noembre" WC="0.69" CC="2040670"/>
						<SP ID="P83_SP00124" HPOS="526" VPOS="912" WIDTH="20"/>
						<String ID="P83_ST00139" HPOS="546" VPOS="883" WIDTH="18" HEIGHT="28" CONTENT="li" WC="0.69" CC="06"/>
						<SP ID="P83_SP00125" HPOS="564" VPOS="912" WIDTH="24"/>
						<String ID="P83_ST00140" HPOS="588" VPOS="885" WIDTH="101" HEIGHT="36" CONTENT="signori" WC="0.70" CC="8006005"/>
						<SP ID="P83_SP00126" HPOS="689" VPOS="921" WIDTH="30"/>
						<String ID="P83_ST00141" HPOS="719" VPOS="884" WIDTH="118" HEIGHT="27" CONTENT="Genoesi" WC="0.77" CC="0154004"/>
						<SP ID="P83_SP00127" HPOS="837" VPOS="921" WIDTH="31"/>
						<String ID="P83_ST00142" HPOS="868" VPOS="883" WIDTH="92" HEIGHT="28" CONTENT="feseno" WC="0.78" CC="041050"/>
						<SP ID="P83_SP00128" HPOS="960" VPOS="921" WIDTH="30"/>
						<String ID="P83_ST00143" HPOS="990" VPOS="884" WIDTH="84" HEIGHT="37" CONTENT="inpire" WC="0.61" CC="660603"/>
					</TextLine>
					<TextLine ID="P83_TL00016" HPOS="121" VPOS="932" WIDTH="953" HEIGHT="39">
						<String ID="P83_ST00144" HPOS="121" VPOS="932" WIDTH="32" HEIGHT="28" CONTENT="de" WC="0.45" CC="91"/>
						<SP ID="P83_SP00129" HPOS="153" VPOS="960" WIDTH="19"/>
						<String ID="P83_ST00145" HPOS="172" VPOS="933" WIDTH="83" HEIGHT="37" CONTENT="pietre" WC="0.67" CC="060470"/>
						<SP ID="P83_SP00130" HPOS="255" VPOS="970" WIDTH="21"/>
						<String ID="P83_ST00146" HPOS="276" VPOS="940" WIDTH="38" HEIGHT="20" CONTENT="tre" WC="1.00" CC="000"/>
						<SP ID="P83_SP00131" HPOS="314" VPOS="970" WIDTH="20"/>
						<String ID="P83_ST00147" HPOS="334" VPOS="943" WIDTH="67" HEIGHT="18" CONTENT="nave" WC="0.32" CC="5785"/>
						<SP ID="P83_SP00132" HPOS="401" VPOS="970" WIDTH="22"/>
						<String ID="P83_ST00148" HPOS="423" VPOS="933" WIDTH="75" HEIGHT="38" CONTENT="vegie" WC="0.97" CC="00010"/>
						<SP ID="P83_SP00133" HPOS="498" VPOS="971" WIDTH="22"/>
						<String ID="P83_ST00149" HPOS="520" VPOS="943" WIDTH="13" HEIGHT="17" CONTENT="e" WC="1.00" CC="0"/>
						<SP ID="P83_SP00134" HPOS="533" VPOS="971" WIDTH="20"/>
						<String ID="P83_ST00150" HPOS="553" VPOS="933" WIDTH="24" HEIGHT="27" CONTENT="le" WC="0.79" CC="40"/>
						<SP ID="P83_SP00135" HPOS="577" VPOS="971" WIDTH="20"/>
						<String ID="P83_ST00151" HPOS="597" VPOS="932" WIDTH="152" HEIGHT="28" CONTENT="mandorno" WC="0.63" CC="09200682"/>
						<SP ID="P83_SP00136" HPOS="749" VPOS="971" WIDTH="27"/>
						<String ID="P83_ST00152" HPOS="776" VPOS="943" WIDTH="14" HEIGHT="17" CONTENT="a" WC="1.00" CC="0"/>
						<SP ID="P83_SP00137" HPOS="790" VPOS="971" WIDTH="30"/>
						<String ID="P83_ST00153" HPOS="820" VPOS="940" WIDTH="101" HEIGHT="21" CONTENT="metere" WC="0.66" CC="575020"/>
						<SP ID="P83_SP00138" HPOS="921" VPOS="971" WIDTH="27"/>
						<String ID="P83_ST00154" HPOS="948" VPOS="943" WIDTH="14" HEIGHT="17" CONTENT="a" WC="0.58" CC="4"/>
						<SP ID="P83_SP00139" HPOS="962" VPOS="971" WIDTH="29"/>
						<String ID="P83_ST00155" HPOS="991" VPOS="932" WIDTH="83" HEIGHT="28" CONTENT="fondo" WC="0.80" CC="01800"/>
					</TextLine>
					<TextLine ID="P83_TL00017" HPOS="121" VPOS="982" WIDTH="953" HEIGHT="38">
						<String ID="P83_ST00156" HPOS="121" VPOS="983" WIDTH="26" HEIGHT="27" CONTENT="in" WC="0.61" CC="25"/>
						<SP ID="P83_SP00140" HPOS="147" VPOS="1010" WIDTH="20"/>
						<String ID="P83_ST00157" HPOS="167" VPOS="982" WIDTH="27" HEIGHT="28" CONTENT="lo" WC="1.00" CC="00"/>
						<SP ID="P83_SP00141" HPOS="194" VPOS="1010" WIDTH="20"/>
						<String ID="P83_ST00158" HPOS="214" VPOS="990" WIDTH="79" HEIGHT="30" CONTENT="porto" WC="0.83" CC="03005"/>
						<SP ID="P83_SP00142" HPOS="293" VPOS="1020" WIDTH="21"/>
						<String ID="P83_ST00159" HPOS="314" VPOS="982" WIDTH="32" HEIGHT="28" CONTENT="de" WC="0.72" CC="05"/>
						<SP ID="P83_SP00143" HPOS="346" VPOS="1020" WIDTH="21"/>
						<String ID="P83_ST00160" HPOS="367" VPOS="982" WIDTH="88" HEIGHT="28" CONTENT="Saona" WC="0.57" CC="67340"/>
						<SP ID="P83_SP00144" HPOS="455" VPOS="1020" WIDTH="21"/>
						<String ID="P83_ST00161" HPOS="476" VPOS="993" WIDTH="13" HEIGHT="17" CONTENT="e" WC="1.00" CC="0"/>
						<SP ID="P83_SP00145" HPOS="489" VPOS="1020" WIDTH="21"/>
						<String ID="P83_ST00162" HPOS="510" VPOS="982" WIDTH="107" HEIGHT="38" CONTENT="quando" WC="0.75" CC="050503"/>
						<SP ID="P83_SP00146" HPOS="617" VPOS="1020" WIDTH="20"/>
						<String ID="P83_ST00163" HPOS="637" VPOS="982" WIDTH="24" HEIGHT="28" CONTENT="le" WC="1.00" CC="00"/>
						<SP ID="P83_SP00147" HPOS="661" VPOS="1020" WIDTH="20"/>
						<String ID="P83_ST00164" HPOS="681" VPOS="982" WIDTH="54" HEIGHT="28" CONTENT="dite" WC="0.90" CC="0030"/>
						<SP ID="P83_SP00148" HPOS="735" VPOS="1020" WIDTH="20"/>
						<String ID="P83_ST00165" HPOS="755" VPOS="983" WIDTH="63" HEIGHT="27" CONTENT="navi" WC="0.90" CC="3000"/>
						<SP ID="P83_SP00149" HPOS="818" VPOS="1020" WIDTH="25"/>
						<String ID="P83_ST00166" HPOS="843" VPOS="982" WIDTH="79" HEIGHT="28" CONTENT="fumo" WC="0.83" CC="0050"/>
						<SP ID="P83_SP00150" HPOS="922" VPOS="1020" WIDTH="24"/>
						<String ID="P83_ST00167" HPOS="946" VPOS="992" WIDTH="94" HEIGHT="27" CONTENT="apreso" WC="0.82" CC="400060"/>
						<SP ID="P83_SP00151" HPOS="1040" VPOS="1020" WIDTH="21"/>
						<String ID="P83_ST00168" HPOS="1061" VPOS="992" WIDTH="13" HEIGHT="18" CONTENT="a" WC="0.25" CC="7"/>
					</TextLine>
					<TextLine ID="P83_TL00018" HPOS="121" VPOS="1031" WIDTH="953" HEIGHT="36">
						<String ID="P83_ST00169" HPOS="121" VPOS="1032" WIDTH="89" HEIGHT="27" CONTENT="Saona" WC="0.68" CC="09050"/>
						<SP ID="P83_SP00152" HPOS="210" VPOS="1059" WIDTH="23"/>
						<String ID="P83_ST00170" HPOS="233" VPOS="1041" WIDTH="90" HEIGHT="26" CONTENT="304" WC="0.57" CC="930"/>
						<SP ID="P83_SP00153" HPOS="323" VPOS="1067" WIDTH="20"/>
						<String ID="P83_ST00171" HPOS="343" VPOS="1032" WIDTH="83" HEIGHT="35" CONTENT="migia" WC="0.57" CC="06068"/>
						<SP ID="P83_SP00154" HPOS="426" VPOS="1067" WIDTH="19"/>
						<String ID="P83_ST00172" HPOS="445" VPOS="1032" WIDTH="18" HEIGHT="27" CONTENT="li" WC="0.42" CC="37"/>
						<SP ID="P83_SP00155" HPOS="463" VPOS="1067" WIDTH="21"/>
						<String ID="P83_ST00173" HPOS="484" VPOS="1032" WIDTH="84" HEIGHT="27" CONTENT="nostri" WC="0.92" CC="000301"/>
						<SP ID="P83_SP00156" HPOS="568" VPOS="1067" WIDTH="21"/>
						<String ID="P83_ST00174" HPOS="589" VPOS="1032" WIDTH="106" HEIGHT="27" CONTENT="bravaci" WC="0.76" CC="0000960"/>
						<SP ID="P83_SP00157" HPOS="695" VPOS="1067" WIDTH="20"/>
						<String ID="P83_ST00175" HPOS="715" VPOS="1032" WIDTH="80" HEIGHT="27" CONTENT="amici" WC="0.68" CC="00455"/>
						<SP ID="P83_SP00158" HPOS="795" VPOS="1067" WIDTH="13"/>
						<String ID="P83_ST00176" HPOS="808" VPOS="1032" WIDTH="33" HEIGHT="27" CONTENT="de" WC="0.62" CC="70"/>
						<SP ID="P83_SP00159" HPOS="841" VPOS="1067" WIDTH="16"/>
						<String ID="P83_ST00177" HPOS="857" VPOS="1032" WIDTH="92" HEIGHT="28" CONTENT="adorni" WC="0.87" CC="000061"/>
						<SP ID="P83_SP00160" HPOS="949" VPOS="1067" WIDTH="15"/>
						<String ID="P83_ST00178" HPOS="964" VPOS="1031" WIDTH="110" HEIGHT="28" CONTENT="doman-" WC="0.81" CC="050500"/>
					</TextLine>
				</TextBlock>
				<TextBlock ID="P83_TB00005" HPOS="116" VPOS="1236" WIDTH="964" HEIGHT="105" STYLEREFS="TXT_1 PAR_LEFT">
					<TextLine ID="P83_TL00019" HPOS="117" VPOS="1236" WIDTH="961" HEIGHT="32">
						<String ID="P83_ST00179" HPOS="117" VPOS="1238" WIDTH="140" HEIGHT="30" CONTENT="reggimento" WC="0.64" CC="0306705706"/>
						<SP ID="P83_SP00161" HPOS="257" VPOS="1268" WIDTH="16"/>
						<String ID="P83_ST00180" HPOS="273" VPOS="1238" WIDTH="21" HEIGHT="21" CONTENT="di" WC="1.00" CC="00"/>
						<SP ID="P83_SP00162" HPOS="294" VPOS="1268" WIDTH="17"/>
						<String ID="P83_ST00181" HPOS="311" VPOS="1237" WIDTH="103" HEIGHT="29" CONTENT="Genova," WC="0.58" CC="0665630"/>
						<SP ID="P83_SP00163" HPOS="414" VPOS="1268" WIDTH="14"/>
						<String ID="P83_ST00182" HPOS="428" VPOS="1236" WIDTH="16" HEIGHT="24" CONTENT="il" WC="0.69" CC="60"/>
						<SP ID="P83_SP00164" HPOS="444" VPOS="1268" WIDTH="16"/>
						<String ID="P83_ST00183" HPOS="460" VPOS="1237" WIDTH="82" HEIGHT="23" CONTENT="Senato" WC="0.65" CC="067024"/>
						<SP ID="P83_SP00165" HPOS="542" VPOS="1268" WIDTH="17"/>
						<String ID="P83_ST00184" HPOS="559" VPOS="1237" WIDTH="22" HEIGHT="23" CONTENT="lo" WC="0.56" CC="26"/>
						<SP ID="P83_SP00166" HPOS="581" VPOS="1268" WIDTH="17"/>
						<String ID="P83_ST00185" HPOS="598" VPOS="1238" WIDTH="56" HEIGHT="22" CONTENT="mise" WC="0.43" CC="8354"/>
						<SP ID="P83_SP00167" HPOS="654" VPOS="1268" WIDTH="17"/>
						<String ID="P83_ST00186" HPOS="671" VPOS="1239" WIDTH="22" HEIGHT="21" CONTENT="in" WC="0.61" CC="16"/>
						<SP ID="P83_SP00168" HPOS="693" VPOS="1268" WIDTH="16"/>
						<String ID="P83_ST00187" HPOS="709" VPOS="1246" WIDTH="68" HEIGHT="22" CONTENT="opera" WC="0.55" CC="59006"/>
						<SP ID="P83_SP00169" HPOS="777" VPOS="1268" WIDTH="16"/>
						<String ID="P83_ST00188" HPOS="793" VPOS="1237" WIDTH="37" HEIGHT="24" CONTENT="nel" WC="0.61" CC="056"/>
						<SP ID="P83_SP00170" HPOS="830" VPOS="1268" WIDTH="21"/>
						<String ID="P83_ST00189" HPOS="851" VPOS="1236" WIDTH="55" HEIGHT="31" CONTENT="1526" WC="0.45" CC="0587"/>
						<SP ID="P83_SP00171" HPOS="906" VPOS="1268" WIDTH="17"/>
						<String ID="P83_ST00190" HPOS="923" VPOS="1237" WIDTH="129" HEIGHT="31" CONTENT="prendendo" WC="0.31" CC="925594976"/>
						<SP ID="P83_SP00172" HPOS="1052" VPOS="1268" WIDTH="14"/>
						<String ID="P83_ST00191" HPOS="1066" VPOS="1246" WIDTH="12" HEIGHT="15" CONTENT="a" WC="0.25" CC="7"/>
					</TextLine>
					<TextLine ID="P83_TL00020" HPOS="117" VPOS="1280" WIDTH="963" HEIGHT="29">
						<String ID="P83_ST00192" HPOS="117" VPOS="1285" WIDTH="105" HEIGHT="24" CONTENT="pretesto," WC="0.59" CC="055442660"/>
						<SP ID="P83_SP00173" HPOS="222" VPOS="1309" WIDTH="16"/>
						<String ID="P83_ST00193" HPOS="238" VPOS="1280" WIDTH="98" HEIGHT="22" CONTENT="secondo" WC="0.39" CC="1490799"/>
						<SP ID="P83_SP00174" HPOS="336" VPOS="1309" WIDTH="15"/>
						<String ID="P83_ST00194" HPOS="351" VPOS="1280" WIDTH="95" HEIGHT="22" CONTENT="l'Abate" WC="0.70" CC="5300910"/>
						<SP ID="P83_SP00175" HPOS="446" VPOS="1309" WIDTH="17"/>
						<String ID="P83_ST00195" HPOS="463" VPOS="1280" WIDTH="27" HEIGHT="22" CONTENT="ed" WC="0.99" CC="00"/>
						<SP ID="P83_SP00176" HPOS="490" VPOS="1309" WIDTH="16"/>
						<String ID="P83_ST00196" HPOS="506" VPOS="1280" WIDTH="15" HEIGHT="22" CONTENT="il" WC="0.64" CC="06"/>
						<SP ID="P83_SP00177" HPOS="521" VPOS="1309" WIDTH="22"/>
						<String ID="P83_ST00197" HPOS="543" VPOS="1280" WIDTH="79" HEIGHT="27" CONTENT="Monti," WC="0.44" CC="666534"/>
						<SP ID="P83_SP00178" HPOS="622" VPOS="1309" WIDTH="16"/>
						<String ID="P83_ST00198" HPOS="638" VPOS="1280" WIDTH="21" HEIGHT="22" CONTENT="la" WC="0.50" CC="09"/>
						<SP ID="P83_SP00179" HPOS="659" VPOS="1309" WIDTH="20"/>
						<String ID="P83_ST00199" HPOS="679" VPOS="1280" WIDTH="169" HEIGHT="22" CONTENT="dimestichezza" WC="0.60" CC="0664426580600"/>
						<SP ID="P83_SP00180" HPOS="848" VPOS="1309" WIDTH="22"/>
						<String ID="P83_ST00200" HPOS="870" VPOS="1280" WIDTH="152" HEIGHT="23" CONTENT="dell'incauta" WC="0.53" CC="552046069634"/>
						<SP ID="P83_SP00181" HPOS="1022" VPOS="1309" WIDTH="22"/>
						<String ID="P83_ST00201" HPOS="1044" VPOS="1281" WIDTH="36" HEIGHT="21" CONTENT="Sa" SUBS_TYPE="HypPart1" SUBS_CONTENT="Savona" WC="0.55" CC="670"/>
						<HYP CONTENT="-"/>
					</TextLine>
					<TextLine ID="P83_TL00021" HPOS="118" VPOS="1319" WIDTH="236" HEIGHT="22">
						<String ID="P83_ST00202" HPOS="118" VPOS="1325" WIDTH="59" HEIGHT="16" CONTENT="vona" SUBS_TYPE="HypPart2" SUBS_CONTENT="Savona" WC="0.58" CC="0276"/>
						<SP ID="P83_SP00182" HPOS="177" VPOS="1341" WIDTH="16"/>
						<String ID="P83_ST00203" HPOS="193" VPOS="1319" WIDTH="35" HEIGHT="22" CONTENT="col" WC="0.54" CC="067"/>
						<SP ID="P83_SP00183" HPOS="228" VPOS="1341" WIDTH="16"/>
						<String ID="P83_ST00204" HPOS="244" VPOS="1319" WIDTH="110" HEIGHT="22" CONTENT="Borbone." WC="0.73" CC="05506300"/>
					</TextLine>
				</TextBlock>
				<TextBlock ID="P83_TB00006" HPOS="116" VPOS="1358" WIDTH="965" HEIGHT="281" STYLEREFS="TXT_1 PAR_LEFT">
					<TextLine ID="P83_TL00022" HPOS="161" VPOS="1360" WIDTH="918" HEIGHT="31">
						<String ID="P83_ST00205" HPOS="161" VPOS="1362" WIDTH="33" HEIGHT="29" CONTENT="(1)" WC="0.33" CC="666"/>
						<SP ID="P83_SP00184" HPOS="194" VPOS="1391" WIDTH="18"/>
						<String ID="P83_ST00206" HPOS="212" VPOS="1361" WIDTH="108" HEIGHT="30" CONTENT="Famiglia" WC="0.70" CC="16609000"/>
						<SP ID="P83_SP00185" HPOS="320" VPOS="1391" WIDTH="18"/>
						<String ID="P83_ST00207" HPOS="338" VPOS="1366" WIDTH="80" HEIGHT="25" CONTENT="troppo" WC="0.57" CC="001994"/>
						<SP ID="P83_SP00186" HPOS="418" VPOS="1391" WIDTH="16"/>
						<String ID="P83_ST00208" HPOS="434" VPOS="1364" WIDTH="53" HEIGHT="18" CONTENT="nota" WC="0.75" CC="6020"/>
						<SP ID="P83_SP00187" HPOS="487" VPOS="1391" WIDTH="17"/>
						<String ID="P83_ST00209" HPOS="504" VPOS="1360" WIDTH="45" HEIGHT="22" CONTENT="alla" WC="0.42" CC="6329"/>
						<SP ID="P83_SP00188" HPOS="549" VPOS="1391" WIDTH="16"/>
						<String ID="P83_ST00210" HPOS="565" VPOS="1360" WIDTH="69" HEIGHT="22" CONTENT="storia" WC="0.46" CC="354665"/>
						<SP ID="P83_SP00189" HPOS="634" VPOS="1391" WIDTH="17"/>
						<String ID="P83_ST00211" HPOS="651" VPOS="1368" WIDTH="38" HEIGHT="22" CONTENT="per" WC="0.74" CC="240"/>
						<SP ID="P83_SP00190" HPOS="689" VPOS="1391" WIDTH="18"/>
						<String ID="P83_ST00212" HPOS="707" VPOS="1361" WIDTH="122" HEIGHT="29" CONTENT="riperterne" WC="0.67" CC="0192124053"/>
						<SP ID="P83_SP00191" HPOS="829" VPOS="1391" WIDTH="16"/>
						<String ID="P83_ST00213" HPOS="845" VPOS="1361" WIDTH="38" HEIGHT="29" CONTENT="qui" WC="0.66" CC="900"/>
						<SP ID="P83_SP00192" HPOS="883" VPOS="1391" WIDTH="18"/>
						<String ID="P83_ST00214" HPOS="901" VPOS="1368" WIDTH="11" HEIGHT="15" CONTENT="e" WC="0.84" CC="1"/>
						<SP ID="P83_SP00193" HPOS="912" VPOS="1391" WIDTH="11"/>
						<String ID="P83_ST00215" HPOS="923" VPOS="1361" WIDTH="62" HEIGHT="22" CONTENT="nomi" WC="0.98" CC="0000"/>
						<SP ID="P83_SP00194" HPOS="985" VPOS="1391" WIDTH="14"/>
						<String ID="P83_ST00216" HPOS="999" VPOS="1368" WIDTH="11" HEIGHT="15" CONTENT="e" WC="1.00" CC="0"/>
						<SP ID="P83_SP00195" HPOS="1010" VPOS="1391" WIDTH="10"/>
						<String ID="P83_ST00217" HPOS="1020" VPOS="1360" WIDTH="59" HEIGHT="29" CONTENT="fasti," WC="0.80" CC="060500"/>
					</TextLine>
					<TextLine ID="P83_TL00023" HPOS="117" VPOS="1402" WIDTH="964" HEIGHT="31">
						<String ID="P83_ST00218" HPOS="117" VPOS="1402" WIDTH="105" HEIGHT="23" CONTENT="massime" WC="0.60" CC="7401660"/>
						<SP ID="P83_SP00196" HPOS="222" VPOS="1425" WIDTH="16"/>
						<String ID="P83_ST00219" HPOS="238" VPOS="1402" WIDTH="52" HEIGHT="23" CONTENT="dall'" WC="0.66" CC="90123"/>
						<SP ID="P83_SP00197" HPOS="290" VPOS="1425" WIDTH="9"/>
						<String ID="P83_ST00220" HPOS="299" VPOS="1410" WIDTH="69" HEIGHT="23" CONTENT="epoca" WC="0.64" CC="60506"/>
						<SP ID="P83_SP00198" HPOS="368" VPOS="1433" WIDTH="17"/>
						<String ID="P83_ST00221" HPOS="385" VPOS="1403" WIDTH="41" HEIGHT="21" CONTENT="che" WC="0.88" CC="003"/>
						<SP ID="P83_SP00199" HPOS="426" VPOS="1433" WIDTH="17"/>
						<String ID="P83_ST00222" HPOS="443" VPOS="1402" WIDTH="20" HEIGHT="22" CONTENT="la" WC="0.60" CC="07"/>
						<SP ID="P83_SP00200" HPOS="463" VPOS="1433" WIDTH="17"/>
						<String ID="P83_ST00223" HPOS="480" VPOS="1402" WIDTH="27" HEIGHT="22" CONTENT="se'" WC="0.68" CC="502"/>
						<SP ID="P83_SP00201" HPOS="507" VPOS="1433" WIDTH="18"/>
						<String ID="P83_ST00224" HPOS="525" VPOS="1402" WIDTH="74" HEIGHT="22" CONTENT="chiara" WC="0.49" CC="073729"/>
						<SP ID="P83_SP00202" HPOS="599" VPOS="1433" WIDTH="22"/>
						<String ID="P83_ST00225" HPOS="621" VPOS="1409" WIDTH="11" HEIGHT="15" CONTENT="e" WC="0.41" CC="5"/>
						<SP ID="P83_SP00203" HPOS="632" VPOS="1433" WIDTH="22"/>
						<String ID="P83_ST00226" HPOS="654" VPOS="1407" WIDTH="92" HEIGHT="23" CONTENT="potente" WC="0.46" CC="9035764"/>
						<SP ID="P83_SP00204" HPOS="746" VPOS="1433" WIDTH="21"/>
						<String ID="P83_ST00227" HPOS="767" VPOS="1402" WIDTH="58" HEIGHT="22" CONTENT="Sisto" WC="0.59" CC="00767"/>
						<SP ID="P83_SP00205" HPOS="825" VPOS="1433" WIDTH="21"/>
						<String ID="P83_ST00228" HPOS="846" VPOS="1402" WIDTH="38" HEIGHT="22" CONTENT="IV." WC="0.99" CC="000"/>
						<SP ID="P83_SP00206" HPOS="884" VPOS="1433" WIDTH="22"/>
						<String ID="P83_ST00229" HPOS="906" VPOS="1402" WIDTH="42" HEIGHT="22" CONTENT="Era" WC="0.61" CC="109"/>
						<SP ID="P83_SP00207" HPOS="948" VPOS="1433" WIDTH="22"/>
						<String ID="P83_ST00230" HPOS="970" VPOS="1404" WIDTH="52" HEIGHT="27" CONTENT="però" WC="0.78" CC="0008"/>
						<SP ID="P83_SP00208" HPOS="1022" VPOS="1433" WIDTH="22"/>
						<String ID="P83_ST00231" HPOS="1044" VPOS="1402" WIDTH="37" HEIGHT="30" CONTENT="già" WC="0.50" CC="905"/>
					</TextLine>
					<TextLine ID="P83_TL00024" HPOS="117" VPOS="1443" WIDTH="964" HEIGHT="31">
						<String ID="P83_ST00232" HPOS="117" VPOS="1445" WIDTH="73" HEIGHT="22" CONTENT="antica" WC="0.30" CC="936299"/>
						<SP ID="P83_SP00209" HPOS="190" VPOS="1467" WIDTH="16"/>
						<String ID="P83_ST00233" HPOS="206" VPOS="1444" WIDTH="99" HEIGHT="30" CONTENT="famiglia" WC="0.76" CC="06410240"/>
						<SP ID="P83_SP00210" HPOS="305" VPOS="1474" WIDTH="17"/>
						<String ID="P83_ST00234" HPOS="322" VPOS="1445" WIDTH="91" HEIGHT="29" CONTENT="patrizia" WC="0.73" CC="06000770"/>
						<SP ID="P83_SP00211" HPOS="413" VPOS="1474" WIDTH="20"/>
						<String ID="P83_ST00235" HPOS="433" VPOS="1451" WIDTH="109" HEIGHT="16" CONTENT="savonese" WC="0.63" CC="19023460"/>
						<SP ID="P83_SP00212" HPOS="542" VPOS="1474" WIDTH="21"/>
						<String ID="P83_ST00236" HPOS="563" VPOS="1443" WIDTH="22" HEIGHT="22" CONTENT="di" WC="0.73" CC="05"/>
						<SP ID="P83_SP00213" HPOS="585" VPOS="1474" WIDTH="21"/>
						<String ID="P83_ST00237" HPOS="606" VPOS="1444" WIDTH="35" HEIGHT="21" CONTENT="cui" WC="0.43" CC="574"/>
						<SP ID="P83_SP00214" HPOS="641" VPOS="1474" WIDTH="19"/>
						<String ID="P83_ST00238" HPOS="660" VPOS="1443" WIDTH="23" HEIGHT="23" CONTENT="fu" WC="0.58" CC="17"/>
						<SP ID="P83_SP00215" HPOS="683" VPOS="1474" WIDTH="20"/>
						<String ID="P83_ST00239" HPOS="703" VPOS="1443" WIDTH="52" HEIGHT="30" CONTENT="quel" WC="0.76" CC="0036"/>
						<SP ID="P83_SP00216" HPOS="755" VPOS="1474" WIDTH="22"/>
						<String ID="P83_ST00240" HPOS="777" VPOS="1443" WIDTH="131" HEIGHT="28" CONTENT="Guglielmo" WC="0.71" CC="088044000"/>
						<SP ID="P83_SP00217" HPOS="908" VPOS="1474" WIDTH="17"/>
						<String ID="P83_ST00241" HPOS="925" VPOS="1444" WIDTH="75" HEIGHT="22" CONTENT="Riario" WC="0.53" CC="307376"/>
						<SP ID="P83_SP00218" HPOS="1000" VPOS="1474" WIDTH="22"/>
						<String ID="P83_ST00242" HPOS="1022" VPOS="1444" WIDTH="59" HEIGHT="22" CONTENT="della" WC="0.78" CC="05005"/>
					</TextLine>
					<TextLine ID="P83_TL00025" HPOS="117" VPOS="1484" WIDTH="963" HEIGHT="32">
						<String ID="P83_ST00243" HPOS="117" VPOS="1491" WIDTH="63" HEIGHT="25" CONTENT="parte" WC="0.68" CC="07160"/>
						<SP ID="P83_SP00219" HPOS="180" VPOS="1516" WIDTH="16"/>
						<String ID="P83_ST00244" HPOS="196" VPOS="1486" WIDTH="106" HEIGHT="30" CONTENT="popola-e" WC="0.82" CC="02020540"/>
						<SP ID="P83_SP00220" HPOS="302" VPOS="1516" WIDTH="17"/>
						<String ID="P83_ST00245" HPOS="319" VPOS="1486" WIDTH="41" HEIGHT="22" CONTENT="che" WC="0.64" CC="073"/>
						<SP ID="P83_SP00221" HPOS="360" VPOS="1516" WIDTH="16"/>
						<String ID="P83_ST00246" HPOS="376" VPOS="1485" WIDTH="131" HEIGHT="30" CONTENT="nell'aprile" WC="0.66" CC="66633230040"/>
						<SP ID="P83_SP00222" HPOS="507" VPOS="1516" WIDTH="17"/>
						<String ID="P83_ST00247" HPOS="524" VPOS="1485" WIDTH="35" HEIGHT="22" CONTENT="del" WC="0.79" CC="014"/>
						<SP ID="P83_SP00223" HPOS="559" VPOS="1516" WIDTH="26"/>
						<String ID="P83_ST00248" HPOS="585" VPOS="1485" WIDTH="54" HEIGHT="29" CONTENT="1238" WC="0.64" CC="0580"/>
						<SP ID="P83_SP00224" HPOS="639" VPOS="1516" WIDTH="22"/>
						<String ID="P83_ST00249" HPOS="661" VPOS="1484" WIDTH="23" HEIGHT="23" CONTENT="fu" WC="0.82" CC="03"/>
						<SP ID="P83_SP00225" HPOS="684" VPOS="1516" WIDTH="16"/>
						<String ID="P83_ST00250" HPOS="700" VPOS="1485" WIDTH="35" HEIGHT="22" CONTENT="dai" WC="0.43" CC="097"/>
						<SP ID="P83_SP00226" HPOS="735" VPOS="1516" WIDTH="17"/>
						<String ID="P83_ST00251" HPOS="752" VPOS="1485" WIDTH="114" HEIGHT="22" CONTENT="Genovesi" WC="0.72" CC="02050147"/>
						<SP ID="P83_SP00227" HPOS="866" VPOS="1516" WIDTH="19"/>
						<String ID="P83_ST00252" HPOS="885" VPOS="1485" WIDTH="58" HEIGHT="22" CONTENT="fatto" WC="0.54" CC="06932"/>
						<SP ID="P83_SP00228" HPOS="943" VPOS="1516" WIDTH="22"/>
						<String ID="P83_ST00253" HPOS="965" VPOS="1485" WIDTH="115" HEIGHT="30" CONTENT="appiccare" WC="0.53" CC="708509612"/>
					</TextLine>
					<TextLine ID="P83_TL00026" HPOS="117" VPOS="1526" WIDTH="964" HEIGHT="30">
						<String ID="P83_ST00254" HPOS="117" VPOS="1528" WIDTH="45" HEIGHT="22" CONTENT="alla" WC="0.41" CC="5159"/>
						<SP ID="P83_SP00229" HPOS="162" VPOS="1550" WIDTH="16"/>
						<String ID="P83_ST00255" HPOS="178" VPOS="1533" WIDTH="60" HEIGHT="17" CONTENT="torre" WC="0.70" CC="23303"/>
						<SP ID="P83_SP00230" HPOS="238" VPOS="1550" WIDTH="17"/>
						<String ID="P83_ST00256" HPOS="255" VPOS="1527" WIDTH="34" HEIGHT="23" CONTENT="del" WC="0.97" CC="000"/>
						<SP ID="P83_SP00231" HPOS="289" VPOS="1550" WIDTH="17"/>
						<String ID="P83_ST00257" HPOS="306" VPOS="1527" WIDTH="48" HEIGHT="23" CONTENT="faro" WC="0.91" CC="0003"/>
						<SP ID="P83_SP00232" HPOS="354" VPOS="1550" WIDTH="17"/>
						<String ID="P83_ST00258" HPOS="371" VPOS="1534" WIDTH="38" HEIGHT="22" CONTENT="per" WC="0.35" CC="666"/>
						<SP ID="P83_SP00233" HPOS="409" VPOS="1556" WIDTH="16"/>
						<String ID="P83_ST00259" HPOS="425" VPOS="1534" WIDTH="53" HEIGHT="16" CONTENT="aver" WC="0.55" CC="5434"/>
						<SP ID="P83_SP00234" HPOS="478" VPOS="1556" WIDTH="14"/>
						<String ID="P83_ST00260" HPOS="492" VPOS="1527" WIDTH="111" HEIGHT="22" CONTENT="sollevato" WC="0.75" CC="535500011"/>
						<SP ID="P83_SP00235" HPOS="603" VPOS="1556" WIDTH="19"/>
						<String ID="P83_ST00261" HPOS="622" VPOS="1531" WIDTH="78" HEIGHT="18" CONTENT="contro" WC="0.46" CC="664455"/>
						<SP ID="P83_SP00236" HPOS="700" VPOS="1556" WIDTH="19"/>
						<String ID="P83_ST00262" HPOS="719" VPOS="1527" WIDTH="22" HEIGHT="22" CONTENT="di" WC="0.71" CC="05"/>
						<SP ID="P83_SP00237" HPOS="741" VPOS="1556" WIDTH="21"/>
						<String ID="P83_ST00263" HPOS="762" VPOS="1526" WIDTH="48" HEIGHT="23" CONTENT="loro" WC="0.63" CC="5602"/>
						<SP ID="P83_SP00238" HPOS="810" VPOS="1556" WIDTH="21"/>
						<String ID="P83_ST00264" HPOS="831" VPOS="1527" WIDTH="15" HEIGHT="22" CONTENT="il" WC="0.78" CC="30"/>
						<SP ID="P83_SP00239" HPOS="846" VPOS="1556" WIDTH="21"/>
						<String ID="P83_ST00265" HPOS="867" VPOS="1527" WIDTH="81" HEIGHT="29" CONTENT="popolo" WC="0.66" CC="015535"/>
						<SP ID="P83_SP00240" HPOS="948" VPOS="1556" WIDTH="17"/>
						<String ID="P83_ST00266" HPOS="965" VPOS="1534" WIDTH="116" HEIGHT="15" CONTENT="savonese." WC="0.69" CC="200523660"/>
					</TextLine>
					<TextLine ID="P83_TL00027" HPOS="117" VPOS="1567" WIDTH="964" HEIGHT="30">
						<String ID="P83_ST00267" HPOS="117" VPOS="1569" WIDTH="18" HEIGHT="23" CONTENT="Il" WC="0.73" CC="50"/>
						<SP ID="P83_SP00241" HPOS="135" VPOS="1592" WIDTH="17"/>
						<String ID="P83_ST00268" HPOS="152" VPOS="1568" WIDTH="69" HEIGHT="23" CONTENT="Paolo" WC="0.48" CC="16736"/>
						<SP ID="P83_SP00242" HPOS="221" VPOS="1592" WIDTH="16"/>
						<String ID="P83_ST00269" HPOS="237" VPOS="1569" WIDTH="84" HEIGHT="28" CONTENT="Riario," WC="0.47" CC="9460456"/>
						<SP ID="P83_SP00243" HPOS="321" VPOS="1597" WIDTH="22"/>
						<String ID="P83_ST00270" HPOS="343" VPOS="1569" WIDTH="34" HEIGHT="22" CONTENT="cui" WC="0.59" CC="065"/>
						<SP ID="P83_SP00244" HPOS="377" VPOS="1597" WIDTH="22"/>
						<String ID="P83_ST00271" HPOS="399" VPOS="1576" WIDTH="98" HEIGHT="15" CONTENT="accenna" WC="0.52" CC="4543509"/>
						<SP ID="P83_SP00245" HPOS="497" VPOS="1597" WIDTH="21"/>
						<String ID="P83_ST00272" HPOS="518" VPOS="1568" WIDTH="16" HEIGHT="22" CONTENT="il" WC="0.73" CC="50"/>
						<SP ID="P83_SP00246" HPOS="534" VPOS="1597" WIDTH="21"/>
						<String ID="P83_ST00273" HPOS="555" VPOS="1568" WIDTH="105" HEIGHT="29" CONTENT="cronista," WC="0.70" CC="002445053"/>
						<SP ID="P83_SP00247" HPOS="660" VPOS="1597" WIDTH="21"/>
						<String ID="P83_ST00274" HPOS="681" VPOS="1567" WIDTH="23" HEIGHT="24" CONTENT="fu" WC="0.95" CC="00"/>
						<SP ID="P83_SP00248" HPOS="704" VPOS="1597" WIDTH="25"/>
						<String ID="P83_ST00275" HPOS="729" VPOS="1568" WIDTH="35" HEIGHT="22" CONTENT="ne!" WC="0.37" CC="737"/>
						<SP ID="P83_SP00249" HPOS="764" VPOS="1597" WIDTH="32"/>
						<String ID="P83_ST00276" HPOS="796" VPOS="1574" WIDTH="52" HEIGHT="23" CONTENT="1523" WC="0.52" CC="7451"/>
						<SP ID="P83_SP00250" HPOS="848" VPOS="1597" WIDTH="27"/>
						<String ID="P83_ST00277" HPOS="875" VPOS="1569" WIDTH="161" HEIGHT="22" CONTENT="ambasciatore" WC="0.63" CC="555320066500"/>
						<SP ID="P83_SP00251" HPOS="1036" VPOS="1597" WIDTH="25"/>
						<String ID="P83_ST00278" HPOS="1061" VPOS="1568" WIDTH="20" HEIGHT="22" CONTENT="al" WC="0.83" CC="30"/>
					</TextLine>
					<TextLine ID="P83_TL00028" HPOS="118" VPOS="1610" WIDTH="569" HEIGHT="29">
						<String ID="P83_ST00279" HPOS="118" VPOS="1611" WIDTH="63" HEIGHT="28" CONTENT="Doge" WC="0.80" CC="0403"/>
						<SP ID="P83_SP00252" HPOS="181" VPOS="1639" WIDTH="17"/>
						<String ID="P83_ST00280" HPOS="198" VPOS="1611" WIDTH="93" HEIGHT="22" CONTENT="Adorno" WC="0.60" CC="083074"/>
						<SP ID="P83_SP00253" HPOS="291" VPOS="1639" WIDTH="16"/>
						<String ID="P83_ST00281" HPOS="307" VPOS="1617" WIDTH="12" HEIGHT="16" CONTENT="e" WC="1.00" CC="0"/>
						<SP ID="P83_SP00254" HPOS="319" VPOS="1639" WIDTH="16"/>
						<String ID="P83_ST00282" HPOS="335" VPOS="1611" WIDTH="37" HEIGHT="22" CONTENT="nel" WC="0.51" CC="634"/>
						<SP ID="P83_SP00255" HPOS="372" VPOS="1639" WIDTH="21"/>
						<String ID="P83_ST00283" HPOS="393" VPOS="1617" WIDTH="54" HEIGHT="22" CONTENT=",327" WC="0.43" CC="4179"/>
						<SP ID="P83_SP00256" HPOS="447" VPOS="1639" WIDTH="18"/>
						<String ID="P83_ST00284" HPOS="465" VPOS="1610" WIDTH="21" HEIGHT="23" CONTENT="al" WC="0.63" CC="15"/>
						<SP ID="P83_SP00257" HPOS="486" VPOS="1639" WIDTH="17"/>
						<String ID="P83_ST00285" HPOS="503" VPOS="1610" WIDTH="31" HEIGHT="22" CONTENT="Re" WC="0.96" CC="00"/>
						<SP ID="P83_SP00258" HPOS="534" VPOS="1639" WIDTH="16"/>
						<String ID="P83_ST00286" HPOS="550" VPOS="1610" WIDTH="22" HEIGHT="22" CONTENT="di" WC="0.76" CC="04"/>
						<SP ID="P83_SP00259" HPOS="572" VPOS="1639" WIDTH="17"/>
						<String ID="P83_ST00287" HPOS="589" VPOS="1610" WIDTH="98" HEIGHT="23" CONTENT="Francia." WC="0.54" CC="16760670"/>
					</TextLine>
				</TextBlock>
				<TextBlock ID="P83_TB00007" HPOS="117" VPOS="1650" WIDTH="965" HEIGHT="74" STYLEREFS="TXT_1 PAR_LEFT">
					<TextLine ID="P83_TL00029" HPOS="162" VPOS="1650" WIDTH="920" HEIGHT="33">
						<String ID="P83_ST00288" HPOS="162" VPOS="1652" WIDTH="33" HEIGHT="22" CONTENT="Lo" WC="0.73" CC="05"/>
						<SP ID="P83_SP00260" HPOS="195" VPOS="1674" WIDTH="16"/>
						<String ID="P83_ST00289" HPOS="211" VPOS="1657" WIDTH="96" HEIGHT="18" CONTENT="stemma" WC="0.46" CC="664770"/>
						<SP ID="P83_SP00261" HPOS="307" VPOS="1675" WIDTH="16"/>
						<String ID="P83_ST00290" HPOS="323" VPOS="1652" WIDTH="22" HEIGHT="22" CONTENT="di" WC="0.75" CC="05"/>
						<SP ID="P83_SP00262" HPOS="345" VPOS="1675" WIDTH="16"/>
						<String ID="P83_ST00291" HPOS="361" VPOS="1657" WIDTH="78" HEIGHT="25" CONTENT="questa" WC="0.51" CC="453375"/>
						<SP ID="P83_SP00263" HPOS="439" VPOS="1682" WIDTH="20"/>
						<String ID="P83_ST00292" HPOS="459" VPOS="1651" WIDTH="100" HEIGHT="32" CONTENT="famiglia" WC="0.60" CC="07409009"/>
						<SP ID="P83_SP00264" HPOS="559" VPOS="1683" WIDTH="20"/>
						<String ID="P83_ST00293" HPOS="579" VPOS="1659" WIDTH="38" HEIGHT="15" CONTENT="era" WC="0.66" CC="414"/>
						<SP ID="P83_SP00265" HPOS="617" VPOS="1683" WIDTH="24"/>
						<String ID="P83_ST00294" HPOS="641" VPOS="1657" WIDTH="103" HEIGHT="25" CONTENT="spaccato" WC="0.40" CC="37667653"/>
						<SP ID="P83_SP00266" HPOS="744" VPOS="1683" WIDTH="19"/>
						<String ID="P83_ST00295" HPOS="763" VPOS="1652" WIDTH="21" HEIGHT="21" CONTENT="d'" WC="0.82" CC="03"/>
						<String ID="P83_ST00296" HPOS="793" VPOS="1659" WIDTH="91" HEIGHT="15" CONTENT="azzurro" WC="0.33" CC="7576775"/>
						<SP ID="P83_SP00267" HPOS="884" VPOS="1683" WIDTH="21"/>
						<String ID="P83_ST00297" HPOS="905" VPOS="1660" WIDTH="12" HEIGHT="14" CONTENT="e" WC="0.50" CC="4"/>
						<SP ID="P83_SP00268" HPOS="917" VPOS="1683" WIDTH="20"/>
						<String ID="P83_ST00298" HPOS="937" VPOS="1651" WIDTH="20" HEIGHT="22" CONTENT="d'" WC="0.57" CC="80"/>
						<SP ID="P83_SP00269" HPOS="957" VPOS="1683" WIDTH="10"/>
						<String ID="P83_ST00299" HPOS="967" VPOS="1658" WIDTH="50" HEIGHT="22" CONTENT="oro," WC="0.54" CC="2654"/>
						<SP ID="P83_SP00270" HPOS="1017" VPOS="1683" WIDTH="22"/>
						<String ID="P83_ST00300" HPOS="1039" VPOS="1650" WIDTH="43" HEIGHT="25" CONTENT="alla" WC="0.74" CC="6003"/>
					</TextLine>
					<TextLine ID="P83_TL00030" HPOS="118" VPOS="1693" WIDTH="321" HEIGHT="31">
						<String ID="P83_ST00301" HPOS="118" VPOS="1701" WIDTH="50" HEIGHT="17" CONTENT="rosa" WC="0.54" CC="5471"/>
						<SP ID="P83_SP00271" HPOS="168" VPOS="1718" WIDTH="15"/>
						<String ID="P83_ST00302" HPOS="183" VPOS="1694" WIDTH="73" HEIGHT="23" CONTENT="d'oro" WC="0.70" CC="00553"/>
						<SP ID="P83_SP00272" HPOS="256" VPOS="1718" WIDTH="16"/>
						<String ID="P83_ST00303" HPOS="272" VPOS="1699" WIDTH="65" HEIGHT="25" CONTENT="posta" WC="0.46" CC="51558"/>
						<SP ID="P83_SP00273" HPOS="337" VPOS="1724" WIDTH="16"/>
						<String ID="P83_ST00304" HPOS="353" VPOS="1693" WIDTH="38" HEIGHT="24" CONTENT="nel" WC="0.81" CC="500"/>
						<SP ID="P83_SP00274" HPOS="391" VPOS="1724" WIDTH="18"/>
						<String ID="P83_ST00305" HPOS="409" VPOS="1696" WIDTH="30" HEIGHT="22" CONTENT="i°." WC="0.61" CC="083"/>
					</TextLine>
				</TextBlock>
			</PrintSpace>
		</Page>
	</Layout>
</alto>
