<?xml version="1.0" encoding="UTF-8"?>
<alto xmlns:xsi="http://www.w3.org/2001/XMLSchema-instance" xsi:noNamespaceSchemaLocation="http://www.bl.uk/schemas/alto/alto-1-4.xsd" xmlns:xlink="http://www.w3.org/1999/xlink">
	<Description>
		<MeasurementUnit>mm10</MeasurementUnit>
		<sourceImageInformation>
			<fileName>//head1/IN/2008-29/A0011808733/000621.jp2</fileName>
		</sourceImageInformation>
		<OCRProcessing ID="OCRPROCESSING_1">
			<preProcessingStep>
				<processingSoftware>
					<softwareCreator>CCS Content Conversion Specialists GmbH, Germany</softwareCreator>
					<softwareName>CCS docWORKS</softwareName>
					<softwareVersion>6.1-0.67</softwareVersion>
				</processingSoftware>
			</preProcessingStep>
			<ocrProcessingStep>
				<processingSoftware>
					<softwareCreator>ABBYY (BIT Software), Russia</softwareCreator>
					<softwareName>Finereader</softwareName>
				</processingSoftware>
			</ocrProcessingStep>
		</OCRProcessing>
	</Description>
	<Styles>
		<TextStyle ID="TXT_0" FONTSIZE="11" FONTFAMILY="Courier New"/>
		<TextStyle ID="TXT_1" FONTSIZE="9" FONTFAMILY="Courier New"/>
		<ParagraphStyle ID="PAR_RIGHT" ALIGN="Right"/>
		<ParagraphStyle ID="PAR_CENTER" ALIGN="Center"/>
		<ParagraphStyle ID="PAR_LEFT" ALIGN="Left"/>
	</Styles>
	<Layout>
		<Page ID="P367" PHYSICAL_IMG_NR="367" HEIGHT="2078" WIDTH="1373" PRINTED_IMG_NR="353" POSITION="Right" ACCURACY="64.28">
			<TopMargin ID="P367_TM00001" HPOS="0" VPOS="0" WIDTH="1373" HEIGHT="163">
				<TextBlock ID="P367_TB00001" HPOS="1018" VPOS="135" WIDTH="47" HEIGHT="26" STYLEREFS="TXT_0 PAR_RIGHT">
					<TextLine ID="P367_TL00001" HPOS="1018" VPOS="135" WIDTH="47" HEIGHT="26">
						<String ID="P367_ST00001" HPOS="1018" VPOS="135" WIDTH="47" HEIGHT="26" CONTENT="353" WC="1.00" CC="000"/>
					</TextLine>
				</TextBlock>
			</TopMargin>
			<LeftMargin ID="P367_LM00001" HPOS="0" VPOS="163" WIDTH="104" HEIGHT="1638"/>
			<RightMargin ID="P367_RM00001" HPOS="1082" VPOS="163" WIDTH="291" HEIGHT="1638"/>
			<BottomMargin ID="P367_BM00001" HPOS="0" VPOS="1801" WIDTH="1373" HEIGHT="276"/>
			<PrintSpace ID="P367_PS00001" HPOS="104" VPOS="163" WIDTH="978" HEIGHT="1638">
				<TextBlock ID="P367_TB00002" HPOS="104" VPOS="183" WIDTH="963" HEIGHT="32" STYLEREFS="TXT_1 PAR_CENTER">
					<TextLine ID="P367_TL00002" HPOS="106" VPOS="184" WIDTH="961" HEIGHT="31">
						<String ID="P367_ST00002" HPOS="106" VPOS="184" WIDTH="30" HEIGHT="23" CONTENT="La" WC="0.67" CC="06"/>
						<SP ID="P367_SP00001" HPOS="136" VPOS="207" WIDTH="18"/>
						<String ID="P367_ST00003" HPOS="154" VPOS="191" WIDTH="82" HEIGHT="18" CONTENT="venuta" WC="0.43" CC="935545"/>
						<SP ID="P367_SP00002" HPOS="236" VPOS="209" WIDTH="18"/>
						<String ID="P367_ST00004" HPOS="254" VPOS="187" WIDTH="26" HEIGHT="22" CONTENT="de" WC="1.00" CC="00"/>
						<SP ID="P367_SP00003" HPOS="280" VPOS="209" WIDTH="14"/>
						<String ID="P367_ST00005" HPOS="294" VPOS="194" WIDTH="27" HEIGHT="21" CONTENT="pp" WC="1.00" CC="00"/>
						<SP ID="P367_SP00004" HPOS="321" VPOS="215" WIDTH="11"/>
						<String ID="P367_ST00006" HPOS="332" VPOS="187" WIDTH="118" HEIGHT="22" CONTENT="Clemente" WC="0.62" CC="00307576"/>
						<SP ID="P367_SP00005" HPOS="450" VPOS="215" WIDTH="14"/>
						<String ID="P367_ST00007" HPOS="464" VPOS="194" WIDTH="10" HEIGHT="21" CONTENT="7" WC="0.01" CC="9"/>
						<SP ID="P367_SP00006" HPOS="474" VPOS="215" WIDTH="14"/>
						<String ID="P367_ST00008" HPOS="488" VPOS="188" WIDTH="22" HEIGHT="21" CONTENT="in" WC="0.42" CC="47"/>
						<SP ID="P367_SP00007" HPOS="510" VPOS="215" WIDTH="17"/>
						<String ID="P367_ST00009" HPOS="527" VPOS="187" WIDTH="70" HEIGHT="22" CONTENT="Saona" WC="0.65" CC="06307"/>
						<SP ID="P367_SP00008" HPOS="597" VPOS="215" WIDTH="14"/>
						<String ID="P367_ST00010" HPOS="611" VPOS="196" WIDTH="41" HEIGHT="14" CONTENT="con" WC="0.36" CC="657"/>
						<SP ID="P367_SP00009" HPOS="652" VPOS="215" WIDTH="16"/>
						<String ID="P367_ST00011" HPOS="668" VPOS="188" WIDTH="62" HEIGHT="22" CONTENT="molti" WC="0.83" CC="05030"/>
						<SP ID="P367_SP00010" HPOS="730" VPOS="215" WIDTH="13"/>
						<String ID="P367_ST00012" HPOS="743" VPOS="187" WIDTH="105" HEIGHT="23" CONTENT="cardinali" WC="0.63" CC="651004780"/>
						<SP ID="P367_SP00011" HPOS="848" VPOS="215" WIDTH="16"/>
						<String ID="P367_ST00013" HPOS="864" VPOS="194" WIDTH="52" HEIGHT="21" CONTENT="153;" WC="0.34" CC="4677"/>
						<SP ID="P367_SP00012" HPOS="916" VPOS="215" WIDTH="35"/>
						<String ID="P367_ST00014" HPOS="951" VPOS="188" WIDTH="51" HEIGHT="27" CONTENT="Pag." WC="0.61" CC="7700"/>
						<SP ID="P367_SP00013" HPOS="1002" VPOS="215" WIDTH="31"/>
						<String ID="P367_ST00015" HPOS="1033" VPOS="195" WIDTH="5" HEIGHT="14" CONTENT="1" WC="0.41" CC="5"/>
						<String ID="P367_ST00016" HPOS="1049" VPOS="195" WIDTH="6" HEIGHT="14" CONTENT="1" WC="0.82" CC="1"/>
						<String ID="P367_ST00017" HPOS="1065" VPOS="195" WIDTH="2" HEIGHT="14" CONTENT="1" WC="0.45" CC="5"/>
					</TextLine>
				</TextBlock>
				<TextBlock ID="P367_TB00003" HPOS="105" VPOS="226" WIDTH="966" HEIGHT="67" STYLEREFS="TXT_1 PAR_LEFT">
					<TextLine ID="P367_TL00003" HPOS="106" VPOS="226" WIDTH="816" HEIGHT="32">
						<String ID="P367_ST00018" HPOS="106" VPOS="226" WIDTH="31" HEIGHT="22" CONTENT="La" WC="0.50" CC="09"/>
						<SP ID="P367_SP00014" HPOS="137" VPOS="248" WIDTH="17"/>
						<String ID="P367_ST00019" HPOS="154" VPOS="233" WIDTH="82" HEIGHT="16" CONTENT="venuta" WC="0.55" CC="046347"/>
						<SP ID="P367_SP00015" HPOS="236" VPOS="249" WIDTH="18"/>
						<String ID="P367_ST00020" HPOS="254" VPOS="229" WIDTH="27" HEIGHT="21" CONTENT="de" WC="0.14" CC="97"/>
						<SP ID="P367_SP00016" HPOS="281" VPOS="250" WIDTH="17"/>
						<String ID="P367_ST00021" HPOS="298" VPOS="228" WIDTH="67" HEIGHT="22" CONTENT="Carlo" WC="0.69" CC="44013"/>
						<SP ID="P367_SP00017" HPOS="365" VPOS="250" WIDTH="17"/>
						<String ID="P367_ST00022" HPOS="382" VPOS="229" WIDTH="80" HEIGHT="29" CONTENT="quinto" WC="0.74" CC="041404"/>
						<SP ID="P367_SP00018" HPOS="462" VPOS="258" WIDTH="17"/>
						<String ID="P367_ST00023" HPOS="479" VPOS="230" WIDTH="135" HEIGHT="28" CONTENT="imperatore" WC="0.83" CC="1000071600"/>
						<SP ID="P367_SP00019" HPOS="614" VPOS="258" WIDTH="17"/>
						<String ID="P367_ST00024" HPOS="631" VPOS="231" WIDTH="21" HEIGHT="20" CONTENT="in" WC="0.94" CC="01"/>
						<SP ID="P367_SP00020" HPOS="652" VPOS="258" WIDTH="22"/>
						<String ID="P367_ST00025" HPOS="674" VPOS="231" WIDTH="71" HEIGHT="21" CONTENT="Saona" WC="0.35" CC="97086"/>
						<SP ID="P367_SP00021" HPOS="745" VPOS="258" WIDTH="23"/>
						<String ID="P367_ST00026" HPOS="768" VPOS="230" WIDTH="26" HEIGHT="22" CONTENT="de" WC="0.39" CC="75"/>
						<SP ID="P367_SP00022" HPOS="794" VPOS="258" WIDTH="28"/>
						<String ID="P367_ST00027" HPOS="822" VPOS="229" WIDTH="54" HEIGHT="28" CONTENT="15:6" WC="0.28" CC="4985"/>
						<SP ID="P367_SP00023" HPOS="876" VPOS="258" WIDTH="17"/>
						<String ID="P367_ST00028" HPOS="893" VPOS="230" WIDTH="29" HEIGHT="22" CONTENT="ali" WC="0.56" CC="706"/>
					</TextLine>
					<TextLine ID="P367_TL00004" HPOS="183" VPOS="269" WIDTH="888" HEIGHT="24">
						<String ID="P367_ST00029" HPOS="183" VPOS="269" WIDTH="12" HEIGHT="21" CONTENT="6" WC="0.69" CC="3"/>
						<SP ID="P367_SP00024" HPOS="195" VPOS="290" WIDTH="18"/>
						<String ID="P367_ST00030" HPOS="213" VPOS="269" WIDTH="27" HEIGHT="22" CONTENT="de" WC="0.98" CC="00"/>
						<SP ID="P367_SP00025" HPOS="240" VPOS="291" WIDTH="17"/>
						<String ID="P367_ST00031" HPOS="257" VPOS="271" WIDTH="79" HEIGHT="21" CONTENT="otobre" WC="0.61" CC="071706"/>
						<SP ID="P367_SP00026" HPOS="336" VPOS="292" WIDTH="35"/>
						<String ID="P367_ST00032" HPOS="371" VPOS="288" WIDTH="5" HEIGHT="5" CONTENT="." WC="1.00" CC="0"/>
						<SP ID="P367_SP00027" HPOS="376" VPOS="293" WIDTH="64"/>
						<String ID="P367_ST00033" HPOS="440" VPOS="288" WIDTH="5" HEIGHT="5" CONTENT="." WC="0.92" CC="0"/>
						<SP ID="P367_SP00028" HPOS="445" VPOS="293" WIDTH="63"/>
						<String ID="P367_ST00034" HPOS="508" VPOS="288" WIDTH="5" HEIGHT="5" CONTENT="." WC="1.00" CC="0"/>
						<SP ID="P367_SP00029" HPOS="513" VPOS="293" WIDTH="64"/>
						<String ID="P367_ST00035" HPOS="577" VPOS="289" WIDTH="4" HEIGHT="4" CONTENT="." WC="1.00" CC="0"/>
						<SP ID="P367_SP00030" HPOS="581" VPOS="293" WIDTH="65"/>
						<String ID="P367_ST00036" HPOS="646" VPOS="289" WIDTH="5" HEIGHT="4" CONTENT="." WC="1.00" CC="0"/>
						<SP ID="P367_SP00031" HPOS="651" VPOS="293" WIDTH="62"/>
						<String ID="P367_ST00037" HPOS="713" VPOS="289" WIDTH="6" HEIGHT="4" CONTENT="." WC="1.00" CC="0"/>
						<SP ID="P367_SP00032" HPOS="719" VPOS="293" WIDTH="64"/>
						<String ID="P367_ST00038" HPOS="783" VPOS="290" WIDTH="5" HEIGHT="3" CONTENT="." WC="0.68" CC="3"/>
						<SP ID="P367_SP00033" HPOS="788" VPOS="293" WIDTH="62"/>
						<String ID="P367_ST00039" HPOS="850" VPOS="289" WIDTH="6" HEIGHT="4" CONTENT="." WC="0.66" CC="3"/>
						<SP ID="P367_SP00034" HPOS="856" VPOS="293" WIDTH="62"/>
						<String ID="P367_ST00040" HPOS="918" VPOS="290" WIDTH="5" HEIGHT="3" CONTENT="." WC="0.76" CC="2"/>
						<SP ID="P367_SP00035" HPOS="923" VPOS="293" WIDTH="61"/>
						<String ID="P367_ST00041" HPOS="984" VPOS="280" WIDTH="12" HEIGHT="12" CONTENT="»" WC="0.77" CC="2"/>
						<SP ID="P367_SP00036" HPOS="996" VPOS="293" WIDTH="39"/>
						<String ID="P367_ST00042" HPOS="1035" VPOS="280" WIDTH="4" HEIGHT="12" CONTENT="1" WC="0.20" CC="7"/>
						<SP ID="P367_SP00037" HPOS="1039" VPOS="293" WIDTH="11"/>
						<String ID="P367_ST00043" HPOS="1050" VPOS="279" WIDTH="6" HEIGHT="14" CONTENT="1" WC="0.56" CC="4"/>
						<String ID="P367_ST00044" HPOS="1063" VPOS="278" WIDTH="8" HEIGHT="15" CONTENT="2" WC="0.25" CC="7"/>
					</TextLine>
				</TextBlock>
				<TextBlock ID="P367_TB00004" HPOS="106" VPOS="309" WIDTH="965" HEIGHT="72" STYLEREFS="TXT_1 PAR_LEFT">
					<TextLine ID="P367_TL00005" HPOS="106" VPOS="310" WIDTH="817" HEIGHT="31">
						<String ID="P367_ST00045" HPOS="106" VPOS="310" WIDTH="32" HEIGHT="22" CONTENT="La" WC="1.00" CC="00"/>
						<SP ID="P367_SP00038" HPOS="138" VPOS="332" WIDTH="20"/>
						<String ID="P367_ST00046" HPOS="158" VPOS="310" WIDTH="44" HEIGHT="22" CONTENT="cita" WC="0.44" CC="4259"/>
						<SP ID="P367_SP00039" HPOS="202" VPOS="332" WIDTH="22"/>
						<String ID="P367_ST00047" HPOS="224" VPOS="311" WIDTH="27" HEIGHT="22" CONTENT="de" WC="0.94" CC="01"/>
						<SP ID="P367_SP00040" HPOS="251" VPOS="333" WIDTH="22"/>
						<String ID="P367_ST00048" HPOS="273" VPOS="311" WIDTH="73" HEIGHT="22" CONTENT="Saona" WC="0.62" CC="07640"/>
						<SP ID="P367_SP00041" HPOS="346" VPOS="333" WIDTH="25"/>
						<String ID="P367_ST00049" HPOS="371" VPOS="312" WIDTH="15" HEIGHT="21" CONTENT="li" WC="0.86" CC="02"/>
						<SP ID="P367_SP00042" HPOS="386" VPOS="333" WIDTH="23"/>
						<String ID="P367_ST00050" HPOS="409" VPOS="313" WIDTH="82" HEIGHT="28" CONTENT="signori" WC="0.60" CC="3195600"/>
						<SP ID="P367_SP00043" HPOS="491" VPOS="341" WIDTH="20"/>
						<String ID="P367_ST00051" HPOS="511" VPOS="314" WIDTH="91" HEIGHT="27" CONTENT="genoesi" WC="0.47" CC="0555792"/>
						<SP ID="P367_SP00044" HPOS="602" VPOS="341" WIDTH="23"/>
						<String ID="P367_ST00052" HPOS="625" VPOS="313" WIDTH="51" HEIGHT="22" CONTENT="lano" WC="0.39" CC="8780"/>
						<SP ID="P367_SP00045" HPOS="676" VPOS="341" WIDTH="21"/>
						<String ID="P367_ST00053" HPOS="697" VPOS="312" WIDTH="81" HEIGHT="23" CONTENT="fornita" WC="0.70" CC="0027036"/>
						<SP ID="P367_SP00046" HPOS="778" VPOS="341" WIDTH="21"/>
						<String ID="P367_ST00054" HPOS="799" VPOS="313" WIDTH="26" HEIGHT="22" CONTENT="de" WC="1.00" CC="00"/>
						<SP ID="P367_SP00047" HPOS="825" VPOS="341" WIDTH="21"/>
						<String ID="P367_ST00055" HPOS="846" VPOS="313" WIDTH="77" HEIGHT="22" CONTENT="soldati" WC="0.50" CC="5905750"/>
					</TextLine>
					<TextLine ID="P367_TL00006" HPOS="183" VPOS="352" WIDTH="888" HEIGHT="29">
						<String ID="P367_ST00056" HPOS="183" VPOS="352" WIDTH="77" HEIGHT="22" CONTENT="taliani" WC="0.58" CC="5750630"/>
						<SP ID="P367_SP00048" HPOS="260" VPOS="374" WIDTH="19"/>
						<String ID="P367_ST00057" HPOS="279" VPOS="361" WIDTH="11" HEIGHT="14" CONTENT="e" WC="0.30" CC="6"/>
						<SP ID="P367_SP00049" HPOS="290" VPOS="375" WIDTH="18"/>
						<String ID="P367_ST00058" HPOS="308" VPOS="354" WIDTH="98" HEIGHT="21" CONTENT="tedeschi" WC="0.71" CC="65006200"/>
						<SP ID="P367_SP00050" HPOS="406" VPOS="375" WIDTH="580"/>
						<String ID="P367_ST00059" HPOS="986" VPOS="362" WIDTH="14" HEIGHT="15" CONTENT="»" WC="0.38" CC="6"/>
						<SP ID="P367_SP00051" HPOS="1000" VPOS="377" WIDTH="36"/>
						<String ID="P367_ST00060" HPOS="1036" VPOS="362" WIDTH="4" HEIGHT="13" CONTENT="1" WC="0.67" CC="3"/>
						<SP ID="P367_SP00052" HPOS="1040" VPOS="377" WIDTH="12"/>
						<String ID="P367_ST00061" HPOS="1052" VPOS="362" WIDTH="3" HEIGHT="13" CONTENT="1" WC="0.32" CC="6"/>
						<String ID="P367_ST00062" HPOS="1064" VPOS="362" WIDTH="7" HEIGHT="19" CONTENT="3" WC="0.21" CC="7"/>
					</TextLine>
				</TextBlock>
				<TextBlock ID="P367_TB00005" HPOS="107" VPOS="393" WIDTH="966" HEIGHT="70" STYLEREFS="TXT_1 PAR_LEFT">
					<TextLine ID="P367_TL00007" HPOS="107" VPOS="394" WIDTH="816" HEIGHT="30">
						<String ID="P367_ST00063" HPOS="107" VPOS="394" WIDTH="32" HEIGHT="23" CONTENT="La" WC="0.49" CC="37"/>
						<SP ID="P367_SP00053" HPOS="139" VPOS="417" WIDTH="22"/>
						<String ID="P367_ST00064" HPOS="161" VPOS="399" WIDTH="83" HEIGHT="17" CONTENT="venuta" WC="0.72" CC="028060"/>
						<SP ID="P367_SP00054" HPOS="244" VPOS="417" WIDTH="21"/>
						<String ID="P367_ST00065" HPOS="265" VPOS="395" WIDTH="26" HEIGHT="21" CONTENT="de" WC="0.63" CC="07"/>
						<SP ID="P367_SP00055" HPOS="291" VPOS="417" WIDTH="22"/>
						<String ID="P367_ST00066" HPOS="313" VPOS="402" WIDTH="55" HEIGHT="22" CONTENT="papa" WC="1.00" CC="0000"/>
						<SP ID="P367_SP00056" HPOS="368" VPOS="424" WIDTH="23"/>
						<String ID="P367_ST00067" HPOS="391" VPOS="395" WIDTH="68" HEIGHT="22" CONTENT="Paulo" WC="0.56" CC="66403"/>
						<SP ID="P367_SP00057" HPOS="459" VPOS="424" WIDTH="22"/>
						<String ID="P367_ST00068" HPOS="481" VPOS="401" WIDTH="59" HEIGHT="16" CONTENT="terso" WC="0.66" CC="33360"/>
						<SP ID="P367_SP00058" HPOS="540" VPOS="424" WIDTH="21"/>
						<String ID="P367_ST00069" HPOS="561" VPOS="402" WIDTH="11" HEIGHT="15" CONTENT="e" WC="0.81" CC="1"/>
						<SP ID="P367_SP00059" HPOS="572" VPOS="424" WIDTH="22"/>
						<String ID="P367_ST00070" HPOS="594" VPOS="396" WIDTH="64" HEIGHT="21" CONTENT="molti" WC="0.44" CC="86461"/>
						<SP ID="P367_SP00060" HPOS="658" VPOS="424" WIDTH="22"/>
						<String ID="P367_ST00071" HPOS="680" VPOS="395" WIDTH="111" HEIGHT="23" CONTENT="cardenali" WC="0.81" CC="670020000"/>
						<SP ID="P367_SP00061" HPOS="791" VPOS="424" WIDTH="20"/>
						<String ID="P367_ST00072" HPOS="811" VPOS="396" WIDTH="23" HEIGHT="21" CONTENT="in" WC="1.00" CC="00"/>
						<SP ID="P367_SP00062" HPOS="834" VPOS="424" WIDTH="17"/>
						<String ID="P367_ST00073" HPOS="851" VPOS="396" WIDTH="72" HEIGHT="22" CONTENT="Saona" WC="0.54" CC="26337"/>
					</TextLine>
					<TextLine ID="P367_TL00008" HPOS="183" VPOS="435" WIDTH="890" HEIGHT="28">
						<String ID="P367_ST00074" HPOS="183" VPOS="435" WIDTH="28" HEIGHT="23" CONTENT="de" WC="0.58" CC="80"/>
						<SP ID="P367_SP00063" HPOS="211" VPOS="458" WIDTH="20"/>
						<String ID="P367_ST00075" HPOS="231" VPOS="436" WIDTH="56" HEIGHT="27" CONTENT="1538" WC="0.65" CC="0670"/>
						<SP ID="P367_SP00064" HPOS="287" VPOS="463" WIDTH="699"/>
						<String ID="P367_ST00076" HPOS="986" VPOS="445" WIDTH="13" HEIGHT="15" CONTENT="»" WC="0.42" CC="5"/>
						<SP ID="P367_SP00065" HPOS="999" VPOS="463" WIDTH="38"/>
						<String ID="P367_ST00077" HPOS="1037" VPOS="445" WIDTH="19" HEIGHT="13" CONTENT="11" WC="0.19" CC="87"/>
						<SP ID="P367_SP00066" HPOS="1056" VPOS="463" WIDTH="12"/>
						<String ID="P367_ST00078" HPOS="1068" VPOS="445" WIDTH="5" HEIGHT="18" CONTENT="1" WC="0.36" CC="6"/>
					</TextLine>
				</TextBlock>
				<TextBlock ID="P367_TB00006" HPOS="109" VPOS="476" WIDTH="964" HEIGHT="30" STYLEREFS="TXT_1 PAR_CENTER">
					<TextLine ID="P367_TL00009" HPOS="109" VPOS="478" WIDTH="964" HEIGHT="28">
						<String ID="P367_ST00079" HPOS="109" VPOS="478" WIDTH="30" HEIGHT="21" CONTENT="La" WC="0.63" CC="07"/>
						<SP ID="P367_SP00067" HPOS="139" VPOS="499" WIDTH="17"/>
						<String ID="P367_ST00080" HPOS="156" VPOS="478" WIDTH="62" HEIGHT="28" CONTENT="copia" WC="0.75" CC="30017"/>
						<SP ID="P367_SP00068" HPOS="218" VPOS="506" WIDTH="17"/>
						<String ID="P367_ST00081" HPOS="235" VPOS="478" WIDTH="26" HEIGHT="21" CONTENT="de" WC="0.68" CC="06"/>
						<SP ID="P367_SP00069" HPOS="261" VPOS="506" WIDTH="19"/>
						<String ID="P367_ST00082" HPOS="280" VPOS="478" WIDTH="14" HEIGHT="22" CONTENT="li" WC="0.39" CC="48"/>
						<SP ID="P367_SP00070" HPOS="294" VPOS="506" WIDTH="16"/>
						<String ID="P367_ST00083" HPOS="310" VPOS="478" WIDTH="60" HEIGHT="22" CONTENT="lochi" WC="0.74" CC="40601"/>
						<SP ID="P367_SP00071" HPOS="370" VPOS="506" WIDTH="17"/>
						<String ID="P367_ST00084" HPOS="387" VPOS="479" WIDTH="27" HEIGHT="22" CONTENT="de" WC="0.84" CC="03"/>
						<SP ID="P367_SP00072" HPOS="414" VPOS="506" WIDTH="18"/>
						<String ID="P367_ST00085" HPOS="432" VPOS="485" WIDTH="94" HEIGHT="16" CONTENT="comune" WC="0.76" CC="330113"/>
						<SP ID="P367_SP00073" HPOS="526" VPOS="506" WIDTH="17"/>
						<String ID="P367_ST00086" HPOS="543" VPOS="479" WIDTH="27" HEIGHT="21" CONTENT="de" WC="0.73" CC="05"/>
						<SP ID="P367_SP00074" HPOS="570" VPOS="506" WIDTH="18"/>
						<String ID="P367_ST00087" HPOS="588" VPOS="479" WIDTH="19" HEIGHT="21" CONTENT="la" WC="0.41" CC="19"/>
						<SP ID="P367_SP00075" HPOS="607" VPOS="506" WIDTH="18"/>
						<String ID="P367_ST00088" HPOS="625" VPOS="479" WIDTH="114" HEIGHT="22" CONTENT="comunità" WC="0.53" CC="76073047"/>
						<SP ID="P367_SP00076" HPOS="739" VPOS="506" WIDTH="43"/>
						<String ID="P367_ST00089" HPOS="782" VPOS="496" WIDTH="5" HEIGHT="5" CONTENT="." WC="1.00" CC="0"/>
						<SP ID="P367_SP00077" HPOS="787" VPOS="506" WIDTH="63"/>
						<String ID="P367_ST00090" HPOS="850" VPOS="495" WIDTH="5" HEIGHT="6" CONTENT="." WC="1.00" CC="0"/>
						<SP ID="P367_SP00078" HPOS="855" VPOS="506" WIDTH="63"/>
						<String ID="P367_ST00091" HPOS="918" VPOS="496" WIDTH="5" HEIGHT="5" CONTENT="." WC="1.00" CC="0"/>
						<SP ID="P367_SP00079" HPOS="923" VPOS="506" WIDTH="62"/>
						<String ID="P367_ST00092" HPOS="985" VPOS="485" WIDTH="13" HEIGHT="16" CONTENT="»" WC="0.61" CC="3"/>
						<SP ID="P367_SP00080" HPOS="998" VPOS="506" WIDTH="37"/>
						<String ID="P367_ST00093" HPOS="1035" VPOS="485" WIDTH="38" HEIGHT="21" CONTENT="119" WC="0.27" CC="686"/>
					</TextLine>
				</TextBlock>
				<TextBlock ID="P367_TB00007" HPOS="108" VPOS="518" WIDTH="968" HEIGHT="29" STYLEREFS="TXT_1 PAR_CENTER">
					<TextLine ID="P367_TL00010" HPOS="109" VPOS="518" WIDTH="967" HEIGHT="29">
						<String ID="P367_ST00094" HPOS="109" VPOS="518" WIDTH="70" HEIGHT="29" CONTENT="Copia" WC="0.78" CC="04006"/>
						<SP ID="P367_SP00081" HPOS="179" VPOS="547" WIDTH="17"/>
						<String ID="P367_ST00095" HPOS="196" VPOS="519" WIDTH="27" HEIGHT="22" CONTENT="de" WC="1.00" CC="00"/>
						<SP ID="P367_SP00082" HPOS="223" VPOS="547" WIDTH="17"/>
						<String ID="P367_ST00096" HPOS="240" VPOS="519" WIDTH="58" HEIGHT="22" CONTENT="lochi" WC="0.64" CC="06704"/>
						<SP ID="P367_SP00083" HPOS="298" VPOS="547" WIDTH="18"/>
						<String ID="P367_ST00097" HPOS="316" VPOS="520" WIDTH="27" HEIGHT="21" CONTENT="de" WC="0.56" CC="80"/>
						<SP ID="P367_SP00084" HPOS="343" VPOS="547" WIDTH="17"/>
						<String ID="P367_ST00098" HPOS="360" VPOS="520" WIDTH="22" HEIGHT="21" CONTENT="lo" WC="0.51" CC="35"/>
						<SP ID="P367_SP00085" HPOS="382" VPOS="547" WIDTH="16"/>
						<String ID="P367_ST00099" HPOS="398" VPOS="527" WIDTH="96" HEIGHT="15" CONTENT="comune" WC="0.55" CC="669030"/>
						<SP ID="P367_SP00086" HPOS="494" VPOS="547" WIDTH="18"/>
						<String ID="P367_ST00100" HPOS="512" VPOS="521" WIDTH="26" HEIGHT="20" CONTENT="de" WC="0.73" CC="05"/>
						<SP ID="P367_SP00087" HPOS="538" VPOS="547" WIDTH="17"/>
						<String ID="P367_ST00101" HPOS="555" VPOS="520" WIDTH="73" HEIGHT="22" CONTENT="Saona" WC="0.65" CC="07270"/>
						<SP ID="P367_SP00088" HPOS="628" VPOS="547" WIDTH="17"/>
						<String ID="P367_ST00102" HPOS="645" VPOS="520" WIDTH="26" HEIGHT="22" CONTENT="de" WC="0.83" CC="03"/>
						<SP ID="P367_SP00089" HPOS="671" VPOS="547" WIDTH="22"/>
						<String ID="P367_ST00103" HPOS="693" VPOS="520" WIDTH="53" HEIGHT="27" CONTENT="153-8" WC="0.40" CC="86617"/>
						<SP ID="P367_SP00090" HPOS="746" VPOS="547" WIDTH="41"/>
						<String ID="P367_ST00104" HPOS="787" VPOS="538" WIDTH="4" HEIGHT="4" CONTENT="." WC="1.00" CC="0"/>
						<SP ID="P367_SP00091" HPOS="791" VPOS="547" WIDTH="63"/>
						<String ID="P367_ST00105" HPOS="854" VPOS="536" WIDTH="5" HEIGHT="5" CONTENT="." WC="1.00" CC="0"/>
						<SP ID="P367_SP00092" HPOS="859" VPOS="547" WIDTH="128"/>
						<String ID="P367_ST00106" HPOS="987" VPOS="527" WIDTH="13" HEIGHT="14" CONTENT="»" WC="0.53" CC="4"/>
						<SP ID="P367_SP00093" HPOS="1000" VPOS="547" WIDTH="38"/>
						<String ID="P367_ST00107" HPOS="1038" VPOS="526" WIDTH="38" HEIGHT="15" CONTENT="120" WC="0.23" CC="877"/>
					</TextLine>
				</TextBlock>
				<TextBlock ID="P367_TB00008" HPOS="110" VPOS="560" WIDTH="965" HEIGHT="70" STYLEREFS="TXT_1 PAR_LEFT">
					<TextLine ID="P367_TL00011" HPOS="111" VPOS="561" WIDTH="815" HEIGHT="30">
						<String ID="P367_ST00108" HPOS="111" VPOS="561" WIDTH="58" HEIGHT="22" CONTENT="Nota" WC="0.55" CC="9610"/>
						<SP ID="P367_SP00094" HPOS="169" VPOS="583" WIDTH="17"/>
						<String ID="P367_ST00109" HPOS="186" VPOS="562" WIDTH="26" HEIGHT="21" CONTENT="de" WC="0.70" CC="05"/>
						<SP ID="P367_SP00095" HPOS="212" VPOS="583" WIDTH="18"/>
						<String ID="P367_ST00110" HPOS="230" VPOS="561" WIDTH="20" HEIGHT="22" CONTENT="la" WC="0.79" CC="04"/>
						<SP ID="P367_SP00096" HPOS="250" VPOS="583" WIDTH="17"/>
						<String ID="P367_ST00111" HPOS="267" VPOS="562" WIDTH="81" HEIGHT="21" CONTENT="vendia" WC="0.56" CC="950037"/>
						<SP ID="P367_SP00097" HPOS="348" VPOS="583" WIDTH="17"/>
						<String ID="P367_ST00112" HPOS="365" VPOS="562" WIDTH="26" HEIGHT="21" CONTENT="de" WC="1.00" CC="00"/>
						<SP ID="P367_SP00098" HPOS="391" VPOS="583" WIDTH="17"/>
						<String ID="P367_ST00113" HPOS="408" VPOS="561" WIDTH="20" HEIGHT="23" CONTENT="le" WC="0.67" CC="06"/>
						<SP ID="P367_SP00099" HPOS="428" VPOS="584" WIDTH="17"/>
						<String ID="P367_ST00114" HPOS="445" VPOS="562" WIDTH="79" HEIGHT="29" CONTENT="gabele" WC="0.42" CC="977306"/>
						<SP ID="P367_SP00100" HPOS="524" VPOS="591" WIDTH="24"/>
						<String ID="P367_ST00115" HPOS="548" VPOS="562" WIDTH="40" HEIGHT="22" CONTENT="che" WC="0.61" CC="740"/>
						<SP ID="P367_SP00101" HPOS="588" VPOS="591" WIDTH="21"/>
						<String ID="P367_ST00116" HPOS="609" VPOS="562" WIDTH="71" HEIGHT="22" CONTENT="Saona" WC="0.49" CC="06566"/>
						<SP ID="P367_SP00102" HPOS="680" VPOS="591" WIDTH="23"/>
						<String ID="P367_ST00117" HPOS="703" VPOS="562" WIDTH="94" HEIGHT="22" CONTENT="vendete" WC="0.67" CC="9500700"/>
						<SP ID="P367_SP00103" HPOS="797" VPOS="591" WIDTH="23"/>
						<String ID="P367_ST00118" HPOS="820" VPOS="569" WIDTH="37" HEIGHT="22" CONTENT="per" WC="0.94" CC="010"/>
						<SP ID="P367_SP00104" HPOS="857" VPOS="591" WIDTH="22"/>
						<String ID="P367_ST00119" HPOS="879" VPOS="569" WIDTH="47" HEIGHT="15" CONTENT="sco-" WC="0.64" CC="6700"/>
					</TextLine>
					<TextLine ID="P367_TL00012" HPOS="185" VPOS="602" WIDTH="890" HEIGHT="28">
						<String ID="P367_ST00120" HPOS="185" VPOS="602" WIDTH="50" HEIGHT="23" CONTENT="dele" WC="0.63" CC="0562"/>
						<SP ID="P367_SP00105" HPOS="235" VPOS="625" WIDTH="17"/>
						<String ID="P367_ST00121" HPOS="252" VPOS="603" WIDTH="53" HEIGHT="22" CONTENT="lano" WC="0.59" CC="2615"/>
						<SP ID="P367_SP00106" HPOS="305" VPOS="625" WIDTH="16"/>
						<String ID="P367_ST00122" HPOS="321" VPOS="603" WIDTH="27" HEIGHT="22" CONTENT="de" WC="0.73" CC="05"/>
						<SP ID="P367_SP00107" HPOS="348" VPOS="625" WIDTH="22"/>
						<String ID="P367_ST00123" HPOS="370" VPOS="603" WIDTH="54" HEIGHT="27" CONTENT="1538" WC="0.62" CC="0860"/>
						<SP ID="P367_SP00108" HPOS="424" VPOS="630" WIDTH="564"/>
						<String ID="P367_ST00124" HPOS="988" VPOS="610" WIDTH="13" HEIGHT="16" CONTENT="»" WC="0.35" CC="6"/>
						<SP ID="P367_SP00109" HPOS="1001" VPOS="630" WIDTH="37"/>
						<String ID="P367_ST00125" HPOS="1038" VPOS="610" WIDTH="37" HEIGHT="20" CONTENT="132" WC="0.37" CC="476"/>
					</TextLine>
				</TextBlock>
				<TextBlock ID="P367_TB00009" HPOS="110" VPOS="644" WIDTH="956" HEIGHT="69" STYLEREFS="TXT_1 PAR_LEFT">
					<TextLine ID="P367_TL00013" HPOS="111" VPOS="645" WIDTH="816" HEIGHT="22">
						<String ID="P367_ST00126" HPOS="111" VPOS="645" WIDTH="30" HEIGHT="22" CONTENT="La" WC="0.50" CC="09"/>
						<SP ID="P367_SP00110" HPOS="141" VPOS="667" WIDTH="17"/>
						<String ID="P367_ST00127" HPOS="158" VPOS="650" WIDTH="74" HEIGHT="17" CONTENT="morte" WC="0.82" CC="62000"/>
						<SP ID="P367_SP00111" HPOS="232" VPOS="667" WIDTH="17"/>
						<String ID="P367_ST00128" HPOS="249" VPOS="645" WIDTH="26" HEIGHT="22" CONTENT="de" WC="0.69" CC="06"/>
						<SP ID="P367_SP00112" HPOS="275" VPOS="667" WIDTH="18"/>
						<String ID="P367_ST00129" HPOS="293" VPOS="645" WIDTH="122" HEIGHT="22" CONTENT="Francesco" WC="0.64" CC="107064551"/>
						<SP ID="P367_SP00113" HPOS="415" VPOS="667" WIDTH="18"/>
						<String ID="P367_ST00130" HPOS="433" VPOS="645" WIDTH="69" HEIGHT="22" CONTENT="Maria" WC="0.67" CC="06306"/>
						<SP ID="P367_SP00114" HPOS="502" VPOS="667" WIDTH="18"/>
						<String ID="P367_ST00131" HPOS="520" VPOS="646" WIDTH="27" HEIGHT="21" CONTENT="de" WC="1.00" CC="00"/>
						<SP ID="P367_SP00115" HPOS="547" VPOS="667" WIDTH="20"/>
						<String ID="P367_ST00132" HPOS="567" VPOS="645" WIDTH="20" HEIGHT="22" CONTENT="la" WC="0.41" CC="47"/>
						<SP ID="P367_SP00116" HPOS="587" VPOS="667" WIDTH="23"/>
						<String ID="P367_ST00133" HPOS="610" VPOS="645" WIDTH="87" HEIGHT="22" CONTENT="Rovere" WC="0.72" CC="070107"/>
						<SP ID="P367_SP00117" HPOS="697" VPOS="667" WIDTH="21"/>
						<String ID="P367_ST00134" HPOS="718" VPOS="645" WIDTH="55" HEIGHT="22" CONTENT="duca" WC="0.64" CC="0940"/>
						<SP ID="P367_SP00118" HPOS="773" VPOS="667" WIDTH="20"/>
						<String ID="P367_ST00135" HPOS="793" VPOS="645" WIDTH="26" HEIGHT="22" CONTENT="de" WC="0.81" CC="03"/>
						<SP ID="P367_SP00119" HPOS="819" VPOS="667" WIDTH="21"/>
						<String ID="P367_ST00136" HPOS="840" VPOS="645" WIDTH="87" HEIGHT="22" CONTENT="Urbino" WC="0.79" CC="301520"/>
					</TextLine>
					<TextLine ID="P367_TL00014" HPOS="187" VPOS="686" WIDTH="879" HEIGHT="27">
						<String ID="P367_ST00137" HPOS="187" VPOS="686" WIDTH="97" HEIGHT="23" CONTENT="citadino" WC="0.66" CC="50470062"/>
						<SP ID="P367_SP00120" HPOS="284" VPOS="709" WIDTH="17"/>
						<String ID="P367_ST00138" HPOS="301" VPOS="687" WIDTH="27" HEIGHT="22" CONTENT="de" WC="0.96" CC="00"/>
						<SP ID="P367_SP00121" HPOS="328" VPOS="709" WIDTH="16"/>
						<String ID="P367_ST00139" HPOS="344" VPOS="687" WIDTH="73" HEIGHT="22" CONTENT="Saona" WC="0.45" CC="09367"/>
						<SP ID="P367_SP00122" HPOS="417" VPOS="709" WIDTH="17"/>
						<String ID="P367_ST00140" HPOS="434" VPOS="687" WIDTH="26" HEIGHT="22" CONTENT="de" WC="0.79" CC="04"/>
						<SP ID="P367_SP00123" HPOS="460" VPOS="709" WIDTH="23"/>
						<String ID="P367_ST00141" HPOS="483" VPOS="689" WIDTH="54" HEIGHT="24" CONTENT="1538" WC="0.15" CC="5989"/>
						<SP ID="P367_SP00124" HPOS="537" VPOS="713" WIDTH="447"/>
						<String ID="P367_ST00142" HPOS="984" VPOS="694" WIDTH="14" HEIGHT="15" CONTENT="»" WC="0.54" CC="4"/>
						<SP ID="P367_SP00125" HPOS="998" VPOS="713" WIDTH="41"/>
						<String ID="P367_ST00143" HPOS="1039" VPOS="686" WIDTH="27" HEIGHT="22" CONTENT="ivi" WC="0.90" CC="002"/>
					</TextLine>
				</TextBlock>
				<TextBlock ID="P367_TB00010" HPOS="110" VPOS="727" WIDTH="965" HEIGHT="70" STYLEREFS="TXT_1 PAR_LEFT">
					<TextLine ID="P367_TL00015" HPOS="111" VPOS="728" WIDTH="816" HEIGHT="30">
						<String ID="P367_ST00144" HPOS="111" VPOS="728" WIDTH="29" HEIGHT="22" CONTENT="La" WC="0.30" CC="39"/>
						<SP ID="P367_SP00126" HPOS="140" VPOS="750" WIDTH="18"/>
						<String ID="P367_ST00145" HPOS="158" VPOS="729" WIDTH="43" HEIGHT="21" CONTENT="cita" WC="0.60" CC="7025"/>
						<SP ID="P367_SP00127" HPOS="201" VPOS="750" WIDTH="17"/>
						<String ID="P367_ST00146" HPOS="218" VPOS="728" WIDTH="20" HEIGHT="22" CONTENT="di" WC="1.00" CC="00"/>
						<SP ID="P367_SP00128" HPOS="238" VPOS="750" WIDTH="18"/>
						<String ID="P367_ST00147" HPOS="256" VPOS="729" WIDTH="73" HEIGHT="21" CONTENT="Saona" WC="0.35" CC="09669"/>
						<SP ID="P367_SP00129" HPOS="329" VPOS="750" WIDTH="17"/>
						<String ID="P367_ST00148" HPOS="346" VPOS="728" WIDTH="91" HEIGHT="30" CONTENT="genoesi" WC="0.67" CC="0604622"/>
						<SP ID="P367_SP00130" HPOS="437" VPOS="758" WIDTH="18"/>
						<String ID="P367_ST00149" HPOS="455" VPOS="728" WIDTH="53" HEIGHT="22" CONTENT="lano" WC="0.45" CC="0786"/>
						<SP ID="P367_SP00131" HPOS="508" VPOS="758" WIDTH="17"/>
						<String ID="P367_ST00150" HPOS="525" VPOS="728" WIDTH="82" HEIGHT="22" CONTENT="fornita" WC="0.58" CC="0602647"/>
						<SP ID="P367_SP00132" HPOS="607" VPOS="758" WIDTH="18"/>
						<String ID="P367_ST00151" HPOS="625" VPOS="729" WIDTH="25" HEIGHT="21" CONTENT="de" WC="0.14" CC="97"/>
						<SP ID="P367_SP00133" HPOS="650" VPOS="758" WIDTH="18"/>
						<String ID="P367_ST00152" HPOS="668" VPOS="728" WIDTH="81" HEIGHT="22" CONTENT="soldati" WC="0.57" CC="5800860"/>
						<SP ID="P367_SP00134" HPOS="749" VPOS="758" WIDTH="17"/>
						<String ID="P367_ST00153" HPOS="766" VPOS="728" WIDTH="121" HEIGHT="22" CONTENT="dubitando" WC="0.56" CC="074047509"/>
						<SP ID="P367_SP00135" HPOS="887" VPOS="758" WIDTH="14"/>
						<String ID="P367_ST00154" HPOS="901" VPOS="729" WIDTH="26" HEIGHT="21" CONTENT="de" WC="0.72" CC="05"/>
					</TextLine>
					<TextLine ID="P367_TL00016" HPOS="188" VPOS="770" WIDTH="887" HEIGHT="27">
						<String ID="P367_ST00155" HPOS="188" VPOS="770" WIDTH="94" HEIGHT="23" CONTENT="franzosi" WC="0.53" CC="60756650"/>
						<SP ID="P367_SP00136" HPOS="282" VPOS="793" WIDTH="18"/>
						<String ID="P367_ST00156" HPOS="300" VPOS="771" WIDTH="27" HEIGHT="22" CONTENT="de" WC="0.71" CC="05"/>
						<SP ID="P367_SP00137" HPOS="327" VPOS="793" WIDTH="22"/>
						<String ID="P367_ST00157" HPOS="349" VPOS="777" WIDTH="54" HEIGHT="20" CONTENT="1542" WC="0.70" CC="4007"/>
						<SP ID="P367_SP00138" HPOS="403" VPOS="797" WIDTH="587"/>
						<String ID="P367_ST00158" HPOS="990" VPOS="777" WIDTH="11" HEIGHT="14" CONTENT="»" WC="0.92" CC="0"/>
						<SP ID="P367_SP00139" HPOS="1001" VPOS="797" WIDTH="38"/>
						<String ID="P367_ST00159" HPOS="1039" VPOS="777" WIDTH="36" HEIGHT="20" CONTENT="133" WC="0.43" CC="088"/>
					</TextLine>
				</TextBlock>
				<TextBlock ID="P367_TB00011" HPOS="111" VPOS="810" WIDTH="964" HEIGHT="70" STYLEREFS="TXT_1 PAR_LEFT">
					<TextLine ID="P367_TL00017" HPOS="111" VPOS="810" WIDTH="818" HEIGHT="23">
						<String ID="P367_ST00160" HPOS="111" VPOS="811" WIDTH="31" HEIGHT="22" CONTENT="La" WC="0.63" CC="07"/>
						<SP ID="P367_SP00140" HPOS="142" VPOS="833" WIDTH="18"/>
						<String ID="P367_ST00161" HPOS="160" VPOS="811" WIDTH="96" HEIGHT="22" CONTENT="fabbrica" WC="0.45" CC="06355777"/>
						<SP ID="P367_SP00141" HPOS="256" VPOS="833" WIDTH="17"/>
						<String ID="P367_ST00162" HPOS="273" VPOS="812" WIDTH="26" HEIGHT="21" CONTENT="de" WC="0.79" CC="04"/>
						<SP ID="P367_SP00142" HPOS="299" VPOS="833" WIDTH="17"/>
						<String ID="P367_ST00163" HPOS="316" VPOS="811" WIDTH="23" HEIGHT="22" CONTENT="lo" WC="0.66" CC="51"/>
						<SP ID="P367_SP00143" HPOS="339" VPOS="833" WIDTH="17"/>
						<String ID="P367_ST00164" HPOS="356" VPOS="816" WIDTH="89" HEIGHT="17" CONTENT="murato" WC="0.79" CC="000704"/>
						<SP ID="P367_SP00144" HPOS="445" VPOS="833" WIDTH="17"/>
						<String ID="P367_ST00165" HPOS="462" VPOS="812" WIDTH="26" HEIGHT="21" CONTENT="da" WC="1.00" CC="00"/>
						<SP ID="P367_SP00145" HPOS="488" VPOS="833" WIDTH="17"/>
						<String ID="P367_ST00166" HPOS="505" VPOS="811" WIDTH="21" HEIGHT="22" CONTENT="le" WC="0.79" CC="04"/>
						<SP ID="P367_SP00146" HPOS="526" VPOS="833" WIDTH="18"/>
						<String ID="P367_ST00167" HPOS="544" VPOS="818" WIDTH="49" HEIGHT="15" CONTENT="case" WC="0.72" CC="6040"/>
						<SP ID="P367_SP00147" HPOS="593" VPOS="833" WIDTH="17"/>
						<String ID="P367_ST00168" HPOS="610" VPOS="811" WIDTH="26" HEIGHT="22" CONTENT="de" WC="0.92" CC="01"/>
						<SP ID="P367_SP00148" HPOS="636" VPOS="833" WIDTH="17"/>
						<String ID="P367_ST00169" HPOS="653" VPOS="811" WIDTH="22" HEIGHT="22" CONTENT="lo" WC="1.00" CC="00"/>
						<SP ID="P367_SP00149" HPOS="675" VPOS="833" WIDTH="18"/>
						<String ID="P367_ST00170" HPOS="693" VPOS="810" WIDTH="61" HEIGHT="23" CONTENT="molo" WC="0.78" CC="0106"/>
						<SP ID="P367_SP00150" HPOS="754" VPOS="833" WIDTH="23"/>
						<String ID="P367_ST00171" HPOS="777" VPOS="810" WIDTH="45" HEIGHT="23" CONTENT="fino" WC="0.59" CC="0564"/>
						<SP ID="P367_SP00151" HPOS="822" VPOS="833" WIDTH="22"/>
						<String ID="P367_ST00172" HPOS="844" VPOS="819" WIDTH="10" HEIGHT="14" CONTENT="a" WC="0.27" CC="7"/>
						<SP ID="P367_SP00152" HPOS="854" VPOS="833" WIDTH="22"/>
						<String ID="P367_ST00173" HPOS="876" VPOS="811" WIDTH="53" HEIGHT="22" CONTENT="San-" WC="0.83" CC="0600"/>
					</TextLine>
					<TextLine ID="P367_TL00018" HPOS="188" VPOS="854" WIDTH="887" HEIGHT="26">
						<String ID="P367_ST00174" HPOS="188" VPOS="858" WIDTH="74" HEIGHT="17" CONTENT="termo" WC="0.55" CC="64055"/>
						<SP ID="P367_SP00153" HPOS="262" VPOS="875" WIDTH="16"/>
						<String ID="P367_ST00175" HPOS="278" VPOS="854" WIDTH="27" HEIGHT="21" CONTENT="de" WC="1.00" CC="00"/>
						<SP ID="P367_SP00154" HPOS="305" VPOS="875" WIDTH="23"/>
						<String ID="P367_ST00176" HPOS="328" VPOS="860" WIDTH="54" HEIGHT="20" CONTENT=",542" WC="0.65" CC="4404"/>
						<SP ID="P367_SP00155" HPOS="382" VPOS="880" WIDTH="607"/>
						<String ID="P367_ST00177" HPOS="989" VPOS="860" WIDTH="13" HEIGHT="15" CONTENT="»" WC="1.00" CC="0"/>
						<SP ID="P367_SP00156" HPOS="1002" VPOS="880" WIDTH="38"/>
						<String ID="P367_ST00178" HPOS="1040" VPOS="860" WIDTH="35" HEIGHT="20" CONTENT=",55" WC="0.29" CC="488"/>
					</TextLine>
				</TextBlock>
				<TextBlock ID="P367_TB00012" HPOS="112" VPOS="893" WIDTH="964" HEIGHT="72" STYLEREFS="TXT_1 PAR_LEFT">
					<TextLine ID="P367_TL00019" HPOS="112" VPOS="893" WIDTH="816" HEIGHT="32">
						<String ID="P367_ST00179" HPOS="112" VPOS="895" WIDTH="25" HEIGHT="21" CONTENT="Li" WC="1.00" CC="00"/>
						<SP ID="P367_SP00157" HPOS="137" VPOS="916" WIDTH="17"/>
						<String ID="P367_ST00180" HPOS="154" VPOS="895" WIDTH="84" HEIGHT="30" CONTENT="signori" WC="0.80" CC="0500304"/>
						<SP ID="P367_SP00158" HPOS="238" VPOS="925" WIDTH="17"/>
						<String ID="P367_ST00181" HPOS="255" VPOS="895" WIDTH="106" HEIGHT="30" CONTENT="genovesi" WC="0.67" CC="94550000"/>
						<SP ID="P367_SP00159" HPOS="361" VPOS="925" WIDTH="18"/>
						<String ID="P367_ST00182" HPOS="379" VPOS="894" WIDTH="53" HEIGHT="22" CONTENT="sano" WC="0.63" CC="0760"/>
						<SP ID="P367_SP00160" HPOS="432" VPOS="925" WIDTH="16"/>
						<String ID="P367_ST00183" HPOS="448" VPOS="894" WIDTH="46" HEIGHT="23" CONTENT="fare" WC="0.60" CC="4910"/>
						<SP ID="P367_SP00161" HPOS="494" VPOS="925" WIDTH="18"/>
						<String ID="P367_ST00184" HPOS="512" VPOS="894" WIDTH="20" HEIGHT="22" CONTENT="in" WC="0.40" CC="19"/>
						<SP ID="P367_SP00162" HPOS="532" VPOS="925" WIDTH="19"/>
						<String ID="P367_ST00185" HPOS="551" VPOS="894" WIDTH="19" HEIGHT="21" CONTENT="la" WC="0.58" CC="07"/>
						<SP ID="P367_SP00163" HPOS="570" VPOS="925" WIDTH="19"/>
						<String ID="P367_ST00186" HPOS="589" VPOS="895" WIDTH="42" HEIGHT="21" CONTENT="cita" WC="0.57" CC="7009"/>
						<SP ID="P367_SP00164" HPOS="631" VPOS="925" WIDTH="17"/>
						<String ID="P367_ST00187" HPOS="648" VPOS="895" WIDTH="27" HEIGHT="20" CONTENT="de" WC="0.69" CC="06"/>
						<SP ID="P367_SP00165" HPOS="675" VPOS="925" WIDTH="16"/>
						<String ID="P367_ST00188" HPOS="691" VPOS="894" WIDTH="74" HEIGHT="22" CONTENT="Saona" WC="0.48" CC="08970"/>
						<SP ID="P367_SP00166" HPOS="765" VPOS="925" WIDTH="18"/>
						<String ID="P367_ST00189" HPOS="783" VPOS="902" WIDTH="42" HEIGHT="13" CONTENT="una" WC="0.29" CC="559"/>
						<SP ID="P367_SP00167" HPOS="825" VPOS="925" WIDTH="21"/>
						<String ID="P367_ST00190" HPOS="846" VPOS="893" WIDTH="82" HEIGHT="22" CONTENT="forteza" WC="0.57" CC="0602667"/>
					</TextLine>
					<TextLine ID="P367_TL00020" HPOS="189" VPOS="937" WIDTH="887" HEIGHT="28">
						<String ID="P367_ST00191" HPOS="189" VPOS="937" WIDTH="168" HEIGHT="28" CONTENT="inespugnabile" WC="0.66" CC="0004049675003"/>
						<SP ID="P367_SP00168" HPOS="357" VPOS="965" WIDTH="17"/>
						<String ID="P367_ST00192" HPOS="374" VPOS="937" WIDTH="52" HEIGHT="22" CONTENT="lano" WC="0.67" CC="0713"/>
						<SP ID="P367_SP00169" HPOS="426" VPOS="965" WIDTH="17"/>
						<String ID="P367_ST00193" HPOS="443" VPOS="937" WIDTH="27" HEIGHT="21" CONTENT="de" WC="0.76" CC="04"/>
						<SP ID="P367_SP00170" HPOS="470" VPOS="965" WIDTH="21"/>
						<String ID="P367_ST00194" HPOS="491" VPOS="943" WIDTH="53" HEIGHT="20" CONTENT="1542" WC="0.62" CC="8006"/>
						<SP ID="P367_SP00171" HPOS="544" VPOS="965" WIDTH="445"/>
						<String ID="P367_ST00195" HPOS="989" VPOS="943" WIDTH="14" HEIGHT="15" CONTENT="»" WC="0.38" CC="6"/>
						<SP ID="P367_SP00172" HPOS="1003" VPOS="965" WIDTH="36"/>
						<String ID="P367_ST00196" HPOS="1039" VPOS="942" WIDTH="37" HEIGHT="22" CONTENT="137" WC="0.59" CC="470"/>
					</TextLine>
				</TextBlock>
				<TextBlock ID="P367_TB00013" HPOS="112" VPOS="977" WIDTH="968" HEIGHT="113" STYLEREFS="TXT_1 PAR_LEFT">
					<TextLine ID="P367_TL00021" HPOS="113" VPOS="977" WIDTH="817" HEIGHT="30">
						<String ID="P367_ST00197" HPOS="113" VPOS="978" WIDTH="25" HEIGHT="22" CONTENT="Li" WC="0.92" CC="01"/>
						<SP ID="P367_SP00173" HPOS="138" VPOS="1000" WIDTH="22"/>
						<String ID="P367_ST00198" HPOS="160" VPOS="979" WIDTH="92" HEIGHT="21" CONTENT="massari" WC="0.68" CC="0625600"/>
						<SP ID="P367_SP00174" HPOS="252" VPOS="1000" WIDTH="22"/>
						<String ID="P367_ST00199" HPOS="274" VPOS="977" WIDTH="59" HEIGHT="23" CONTENT="dello" WC="0.67" CC="07035"/>
						<SP ID="P367_SP00175" HPOS="333" VPOS="1000" WIDTH="22"/>
						<String ID="P367_ST00200" HPOS="355" VPOS="978" WIDTH="69" HEIGHT="22" CONTENT="domo" WC="0.75" CC="0324"/>
						<SP ID="P367_SP00176" HPOS="424" VPOS="1000" WIDTH="20"/>
						<String ID="P367_ST00201" HPOS="444" VPOS="985" WIDTH="44" HEIGHT="15" CONTENT="ano" WC="0.40" CC="664"/>
						<SP ID="P367_SP00177" HPOS="488" VPOS="1000" WIDTH="22"/>
						<String ID="P367_ST00202" HPOS="510" VPOS="978" WIDTH="76" HEIGHT="21" CONTENT="levato" WC="0.83" CC="000900"/>
						<SP ID="P367_SP00178" HPOS="586" VPOS="1000" WIDTH="22"/>
						<String ID="P367_ST00203" HPOS="608" VPOS="977" WIDTH="22" HEIGHT="22" CONTENT="lo" WC="0.68" CC="05"/>
						<SP ID="P367_SP00179" HPOS="630" VPOS="1000" WIDTH="22"/>
						<String ID="P367_ST00204" HPOS="652" VPOS="984" WIDTH="79" HEIGHT="23" CONTENT="corpus" WC="0.69" CC="232035"/>
						<SP ID="P367_SP00180" HPOS="731" VPOS="1007" WIDTH="22"/>
						<String ID="P367_ST00205" HPOS="753" VPOS="977" WIDTH="85" HEIGHT="22" CONTENT="domini" WC="0.71" CC="058030"/>
						<SP ID="P367_SP00181" HPOS="838" VPOS="1007" WIDTH="23"/>
						<String ID="P367_ST00206" HPOS="861" VPOS="978" WIDTH="27" HEIGHT="20" CONTENT="de" WC="0.71" CC="05"/>
						<SP ID="P367_SP00182" HPOS="888" VPOS="1007" WIDTH="20"/>
						<String ID="P367_ST00207" HPOS="908" VPOS="977" WIDTH="22" HEIGHT="21" CONTENT="lo" WC="0.67" CC="42"/>
					</TextLine>
					<TextLine ID="P367_TL00022" HPOS="189" VPOS="1019" WIDTH="741" HEIGHT="30">
						<String ID="P367_ST00208" HPOS="189" VPOS="1027" WIDTH="68" HEIGHT="15" CONTENT="aonio" WC="0.33" CC="76666"/>
						<SP ID="P367_SP00183" HPOS="257" VPOS="1042" WIDTH="18"/>
						<String ID="P367_ST00209" HPOS="275" VPOS="1026" WIDTH="12" HEIGHT="16" CONTENT="e" WC="1.00" CC="0"/>
						<SP ID="P367_SP00184" HPOS="287" VPOS="1042" WIDTH="18"/>
						<String ID="P367_ST00210" HPOS="305" VPOS="1020" WIDTH="51" HEIGHT="22" CONTENT="lano" WC="0.36" CC="0789"/>
						<SP ID="P367_SP00185" HPOS="356" VPOS="1042" WIDTH="17"/>
						<String ID="P367_ST00211" HPOS="373" VPOS="1025" WIDTH="90" HEIGHT="24" CONTENT="portato" WC="0.65" CC="0160753"/>
						<SP ID="P367_SP00186" HPOS="463" VPOS="1049" WIDTH="16"/>
						<String ID="P367_ST00212" HPOS="479" VPOS="1020" WIDTH="22" HEIGHT="22" CONTENT="in" WC="0.94" CC="01"/>
						<SP ID="P367_SP00187" HPOS="501" VPOS="1049" WIDTH="18"/>
						<String ID="P367_ST00213" HPOS="519" VPOS="1025" WIDTH="65" HEIGHT="17" CONTENT="santo" WC="0.49" CC="27662"/>
						<SP ID="P367_SP00188" HPOS="584" VPOS="1049" WIDTH="17"/>
						<String ID="P367_ST00214" HPOS="601" VPOS="1019" WIDTH="65" HEIGHT="22" CONTENT="Petro" WC="0.84" CC="00250"/>
						<SP ID="P367_SP00189" HPOS="666" VPOS="1049" WIDTH="18"/>
						<String ID="P367_ST00215" HPOS="684" VPOS="1019" WIDTH="51" HEIGHT="22" CONTENT="lano" WC="0.53" CC="0765"/>
						<SP ID="P367_SP00190" HPOS="735" VPOS="1049" WIDTH="17"/>
						<String ID="P367_ST00216" HPOS="752" VPOS="1019" WIDTH="26" HEIGHT="22" CONTENT="de" WC="0.65" CC="06"/>
						<SP ID="P367_SP00191" HPOS="778" VPOS="1049" WIDTH="16"/>
						<String ID="P367_ST00217" HPOS="794" VPOS="1026" WIDTH="52" HEIGHT="22" CONTENT="1543" WC="0.44" CC="6807"/>
						<SP ID="P367_SP00192" HPOS="846" VPOS="1049" WIDTH="15"/>
						<String ID="P367_ST00218" HPOS="861" VPOS="1019" WIDTH="28" HEIGHT="21" CONTENT="ali" WC="0.54" CC="706"/>
						<SP ID="P367_SP00193" HPOS="889" VPOS="1049" WIDTH="14"/>
						<String ID="P367_ST00219" HPOS="903" VPOS="1026" WIDTH="27" HEIGHT="19" CONTENT="24" WC="0.83" CC="30"/>
					</TextLine>
					<TextLine ID="P367_TL00023" HPOS="189" VPOS="1061" WIDTH="891" HEIGHT="29">
						<String ID="P367_ST00220" HPOS="189" VPOS="1061" WIDTH="22" HEIGHT="22" CONTENT="di" WC="0.93" CC="01"/>
						<SP ID="P367_SP00194" HPOS="211" VPOS="1083" WIDTH="17"/>
						<String ID="P367_ST00221" HPOS="228" VPOS="1061" WIDTH="71" HEIGHT="29" CONTENT="aprile" WC="0.64" CC="900370"/>
						<SP ID="P367_SP00195" HPOS="299" VPOS="1090" WIDTH="691"/>
						<String ID="P367_ST00222" HPOS="990" VPOS="1067" WIDTH="15" HEIGHT="15" CONTENT="»" WC="1.00" CC="0"/>
						<SP ID="P367_SP00196" HPOS="1005" VPOS="1090" WIDTH="36"/>
						<String ID="P367_ST00223" HPOS="1041" VPOS="1067" WIDTH="39" HEIGHT="20" CONTENT="140" WC="0.34" CC="567"/>
					</TextLine>
				</TextBlock>
				<TextBlock ID="P367_TB00014" HPOS="113" VPOS="1101" WIDTH="963" HEIGHT="71" STYLEREFS="TXT_1 PAR_LEFT">
					<TextLine ID="P367_TL00024" HPOS="113" VPOS="1102" WIDTH="816" HEIGHT="24">
						<String ID="P367_ST00224" HPOS="113" VPOS="1103" WIDTH="33" HEIGHT="22" CONTENT="Lo" WC="0.46" CC="64"/>
						<SP ID="P367_SP00197" HPOS="146" VPOS="1125" WIDTH="21"/>
						<String ID="P367_ST00225" HPOS="167" VPOS="1104" WIDTH="116" HEIGHT="22" CONTENT="aventario" WC="0.64" CC="504026445"/>
						<SP ID="P367_SP00198" HPOS="283" VPOS="1126" WIDTH="20"/>
						<String ID="P367_ST00226" HPOS="303" VPOS="1104" WIDTH="26" HEIGHT="21" CONTENT="de" WC="0.78" CC="04"/>
						<SP ID="P367_SP00199" HPOS="329" VPOS="1126" WIDTH="23"/>
						<String ID="P367_ST00227" HPOS="352" VPOS="1103" WIDTH="19" HEIGHT="22" CONTENT="la" WC="0.58" CC="07"/>
						<SP ID="P367_SP00200" HPOS="371" VPOS="1126" WIDTH="24"/>
						<String ID="P367_ST00228" HPOS="395" VPOS="1103" WIDTH="94" HEIGHT="22" CONTENT="masaria" WC="0.61" CC="7766000"/>
						<SP ID="P367_SP00201" HPOS="489" VPOS="1126" WIDTH="23"/>
						<String ID="P367_ST00229" HPOS="512" VPOS="1103" WIDTH="25" HEIGHT="22" CONTENT="de" WC="0.66" CC="06"/>
						<SP ID="P367_SP00202" HPOS="537" VPOS="1126" WIDTH="22"/>
						<String ID="P367_ST00230" HPOS="559" VPOS="1103" WIDTH="22" HEIGHT="21" CONTENT="lo" WC="0.74" CC="04"/>
						<SP ID="P367_SP00203" HPOS="581" VPOS="1126" WIDTH="20"/>
						<String ID="P367_ST00231" HPOS="601" VPOS="1103" WIDTH="68" HEIGHT="21" CONTENT="domo" WC="0.69" CC="0074"/>
						<SP ID="P367_SP00204" HPOS="669" VPOS="1126" WIDTH="21"/>
						<String ID="P367_ST00232" HPOS="690" VPOS="1103" WIDTH="26" HEIGHT="21" CONTENT="de" WC="0.92" CC="01"/>
						<SP ID="P367_SP00205" HPOS="716" VPOS="1126" WIDTH="22"/>
						<String ID="P367_ST00233" HPOS="738" VPOS="1103" WIDTH="71" HEIGHT="21" CONTENT="Saona" WC="0.53" CC="09067"/>
						<SP ID="P367_SP00206" HPOS="809" VPOS="1126" WIDTH="23"/>
						<String ID="P367_ST00234" HPOS="832" VPOS="1102" WIDTH="27" HEIGHT="21" CONTENT="de" WC="1.00" CC="00"/>
						<SP ID="P367_SP00207" HPOS="859" VPOS="1126" WIDTH="19"/>
						<String ID="P367_ST00235" HPOS="878" VPOS="1102" WIDTH="51" HEIGHT="21" CONTENT="lano" WC="0.67" CC="0723"/>
					</TextLine>
					<TextLine ID="P367_TL00025" HPOS="189" VPOS="1147" WIDTH="887" HEIGHT="25">
						<String ID="P367_ST00236" HPOS="189" VPOS="1147" WIDTH="27" HEIGHT="21" CONTENT="de" WC="1.00" CC="00"/>
						<SP ID="P367_SP00208" HPOS="216" VPOS="1168" WIDTH="22"/>
						<String ID="P367_ST00237" HPOS="238" VPOS="1153" WIDTH="4" HEIGHT="14" CONTENT="1" WC="0.18" CC="8"/>
						<String ID="P367_ST00238" HPOS="252" VPOS="1152" WIDTH="41" HEIGHT="20" CONTENT="542" WC="0.56" CC="606"/>
						<SP ID="P367_SP00209" HPOS="293" VPOS="1172" WIDTH="503"/>
						<String ID="P367_ST00239" HPOS="796" VPOS="1158" WIDTH="2" HEIGHT="4" CONTENT="•" WC="0.20" CC="8"/>
						<SP ID="P367_SP00210" HPOS="798" VPOS="1172" WIDTH="60"/>
						<String ID="P367_ST00240" HPOS="858" VPOS="1160" WIDTH="4" HEIGHT="5" CONTENT="." WC="1.00" CC="0"/>
						<SP ID="P367_SP00211" HPOS="862" VPOS="1172" WIDTH="62"/>
						<String ID="P367_ST00241" HPOS="924" VPOS="1160" WIDTH="6" HEIGHT="5" CONTENT="." WC="0.97" CC="0"/>
						<SP ID="P367_SP00212" HPOS="930" VPOS="1172" WIDTH="63"/>
						<String ID="P367_ST00242" HPOS="993" VPOS="1151" WIDTH="11" HEIGHT="13" CONTENT="»" WC="0.58" CC="4"/>
						<SP ID="P367_SP00213" HPOS="1004" VPOS="1172" WIDTH="38"/>
						<String ID="P367_ST00243" HPOS="1042" VPOS="1148" WIDTH="34" HEIGHT="21" CONTENT="14," WC="0.58" CC="704"/>
					</TextLine>
				</TextBlock>
				<TextBlock ID="P367_TB00015" HPOS="114" VPOS="1183" WIDTH="965" HEIGHT="75" STYLEREFS="TXT_1 PAR_LEFT">
					<TextLine ID="P367_TL00026" HPOS="114" VPOS="1184" WIDTH="816" HEIGHT="25">
						<String ID="P367_ST00244" HPOS="114" VPOS="1187" WIDTH="30" HEIGHT="22" CONTENT="La" WC="1.00" CC="00"/>
						<SP ID="P367_SP00214" HPOS="144" VPOS="1209" WIDTH="18"/>
						<String ID="P367_ST00245" HPOS="162" VPOS="1188" WIDTH="43" HEIGHT="21" CONTENT="cita" WC="0.50" CC="6066"/>
						<SP ID="P367_SP00215" HPOS="205" VPOS="1209" WIDTH="17"/>
						<String ID="P367_ST00246" HPOS="222" VPOS="1187" WIDTH="27" HEIGHT="22" CONTENT="de" WC="0.73" CC="05"/>
						<SP ID="P367_SP00216" HPOS="249" VPOS="1209" WIDTH="17"/>
						<String ID="P367_ST00247" HPOS="266" VPOS="1187" WIDTH="72" HEIGHT="22" CONTENT="Saona" WC="0.67" CC="07017"/>
						<SP ID="P367_SP00217" HPOS="338" VPOS="1209" WIDTH="18"/>
						<String ID="P367_ST00248" HPOS="356" VPOS="1194" WIDTH="11" HEIGHT="14" CONTENT="a" WC="1.00" CC="0"/>
						<SP ID="P367_SP00218" HPOS="367" VPOS="1209" WIDTH="18"/>
						<String ID="P367_ST00249" HPOS="385" VPOS="1186" WIDTH="107" HEIGHT="22" CONTENT="mandato" WC="0.55" CC="0960823"/>
						<SP ID="P367_SP00219" HPOS="492" VPOS="1209" WIDTH="17"/>
						<String ID="P367_ST00250" HPOS="509" VPOS="1193" WIDTH="44" HEIGHT="15" CONTENT="uno" WC="0.61" CC="551"/>
						<SP ID="P367_SP00220" HPOS="553" VPOS="1209" WIDTH="18"/>
						<String ID="P367_ST00251" HPOS="571" VPOS="1186" WIDTH="123" HEIGHT="22" CONTENT="comesario" WC="0.67" CC="600666030"/>
						<SP ID="P367_SP00221" HPOS="694" VPOS="1209" WIDTH="18"/>
						<String ID="P367_ST00252" HPOS="712" VPOS="1193" WIDTH="10" HEIGHT="14" CONTENT="a" WC="0.28" CC="7"/>
						<SP ID="P367_SP00222" HPOS="722" VPOS="1209" WIDTH="19"/>
						<String ID="P367_ST00253" HPOS="741" VPOS="1185" WIDTH="20" HEIGHT="21" CONTENT="li" WC="0.64" CC="07"/>
						<SP ID="P367_SP00223" HPOS="761" VPOS="1209" WIDTH="18"/>
						<String ID="P367_ST00254" HPOS="779" VPOS="1184" WIDTH="43" HEIGHT="22" CONTENT="vila" WC="0.53" CC="0556"/>
						<SP ID="P367_SP00224" HPOS="822" VPOS="1209" WIDTH="18"/>
						<String ID="P367_ST00255" HPOS="840" VPOS="1185" WIDTH="26" HEIGHT="21" CONTENT="de" WC="0.62" CC="07"/>
						<SP ID="P367_SP00225" HPOS="866" VPOS="1209" WIDTH="12"/>
						<String ID="P367_ST00256" HPOS="878" VPOS="1184" WIDTH="52" HEIGHT="22" CONTENT="Veci" WC="0.88" CC="0040"/>
					</TextLine>
					<TextLine ID="P367_TL00027" HPOS="191" VPOS="1227" WIDTH="888" HEIGHT="31">
						<String ID="P367_ST00257" HPOS="191" VPOS="1236" WIDTH="38" HEIGHT="22" CONTENT="per" WC="0.84" CC="040"/>
						<SP ID="P367_SP00226" HPOS="229" VPOS="1258" WIDTH="18"/>
						<String ID="P367_ST00258" HPOS="247" VPOS="1228" WIDTH="115" HEIGHT="30" CONTENT="pacificare" WC="0.58" CC="0733606705"/>
						<SP ID="P367_SP00227" HPOS="362" VPOS="1258" WIDTH="17"/>
						<String ID="P367_ST00259" HPOS="379" VPOS="1228" WIDTH="59" HEIGHT="30" CONTENT="queli" WC="0.71" CC="07700"/>
						<SP ID="P367_SP00228" HPOS="438" VPOS="1258" WIDTH="18"/>
						<String ID="P367_ST00260" HPOS="456" VPOS="1227" WIDTH="113" HEIGHT="22" CONTENT="contadini" WC="0.63" CC="660470024"/>
						<SP ID="P367_SP00229" HPOS="569" VPOS="1258" WIDTH="423"/>
						<String ID="P367_ST00261" HPOS="992" VPOS="1235" WIDTH="12" HEIGHT="12" CONTENT="»" WC="1.00" CC="0"/>
						<SP ID="P367_SP00230" HPOS="1004" VPOS="1258" WIDTH="38"/>
						<String ID="P367_ST00262" HPOS="1042" VPOS="1233" WIDTH="37" HEIGHT="21" CONTENT="147" WC="0.62" CC="208"/>
					</TextLine>
				</TextBlock>
				<TextBlock ID="P367_TB00016" HPOS="115" VPOS="1268" WIDTH="965" HEIGHT="27" STYLEREFS="TXT_1 PAR_CENTER">
					<TextLine ID="P367_TL00028" HPOS="115" VPOS="1269" WIDTH="965" HEIGHT="26">
						<String ID="P367_ST00263" HPOS="115" VPOS="1271" WIDTH="64" HEIGHT="22" CONTENT="Nova" WC="0.76" CC="3500"/>
						<SP ID="P367_SP00231" HPOS="179" VPOS="1293" WIDTH="18"/>
						<String ID="P367_ST00264" HPOS="197" VPOS="1269" WIDTH="64" HEIGHT="24" CONTENT="tarifa" WC="0.76" CC="700007"/>
						<SP ID="P367_SP00232" HPOS="261" VPOS="1293" WIDTH="18"/>
						<String ID="P367_ST00265" HPOS="279" VPOS="1269" WIDTH="44" HEIGHT="22" CONTENT="fata" WC="0.42" CC="0957"/>
						<SP ID="P367_SP00233" HPOS="323" VPOS="1293" WIDTH="18"/>
						<String ID="P367_ST00266" HPOS="341" VPOS="1269" WIDTH="29" HEIGHT="22" CONTENT="ali" WC="0.63" CC="640"/>
						<SP ID="P367_SP00234" HPOS="370" VPOS="1293" WIDTH="18"/>
						<String ID="P367_ST00267" HPOS="388" VPOS="1269" WIDTH="82" HEIGHT="22" CONTENT="somari" WC="0.62" CC="068700"/>
						<SP ID="P367_SP00235" HPOS="470" VPOS="1293" WIDTH="18"/>
						<String ID="P367_ST00268" HPOS="488" VPOS="1269" WIDTH="26" HEIGHT="22" CONTENT="de" WC="0.69" CC="06"/>
						<SP ID="P367_SP00236" HPOS="514" VPOS="1293" WIDTH="17"/>
						<String ID="P367_ST00269" HPOS="531" VPOS="1269" WIDTH="72" HEIGHT="22" CONTENT="Saona" WC="0.71" CC="07420"/>
						<SP ID="P367_SP00237" HPOS="603" VPOS="1293" WIDTH="18"/>
						<String ID="P367_ST00270" HPOS="621" VPOS="1269" WIDTH="53" HEIGHT="21" CONTENT="lano" WC="0.64" CC="0760"/>
						<SP ID="P367_SP00238" HPOS="674" VPOS="1293" WIDTH="16"/>
						<String ID="P367_ST00271" HPOS="690" VPOS="1269" WIDTH="26" HEIGHT="21" CONTENT="de" WC="1.00" CC="00"/>
						<SP ID="P367_SP00239" HPOS="716" VPOS="1293" WIDTH="18"/>
						<String ID="P367_ST00272" HPOS="734" VPOS="1274" WIDTH="53" HEIGHT="21" CONTENT="1542" WC="0.57" CC="5406"/>
						<SP ID="P367_SP00240" HPOS="787" VPOS="1295" WIDTH="13"/>
						<String ID="P367_ST00273" HPOS="800" VPOS="1273" WIDTH="20" HEIGHT="16" CONTENT="et" WC="0.51" CC="62"/>
						<SP ID="P367_SP00241" HPOS="820" VPOS="1295" WIDTH="14"/>
						<String ID="P367_ST00274" HPOS="834" VPOS="1269" WIDTH="24" HEIGHT="21" CONTENT="de" WC="0.66" CC="06"/>
						<SP ID="P367_SP00242" HPOS="858" VPOS="1295" WIDTH="17"/>
						<String ID="P367_ST00275" HPOS="875" VPOS="1274" WIDTH="52" HEIGHT="21" CONTENT="1543" WC="0.25" CC="6498"/>
						<SP ID="P367_SP00243" HPOS="927" VPOS="1295" WIDTH="63"/>
						<String ID="P367_ST00276" HPOS="990" VPOS="1274" WIDTH="14" HEIGHT="16" CONTENT="»" WC="0.80" CC="1"/>
						<SP ID="P367_SP00244" HPOS="1004" VPOS="1295" WIDTH="39"/>
						<String ID="P367_ST00277" HPOS="1043" VPOS="1274" WIDTH="37" HEIGHT="21" CONTENT="159" WC="0.64" CC="703"/>
					</TextLine>
				</TextBlock>
				<TextBlock ID="P367_TB00017" HPOS="115" VPOS="1308" WIDTH="962" HEIGHT="74" STYLEREFS="TXT_1 PAR_LEFT">
					<TextLine ID="P367_TL00029" HPOS="116" VPOS="1309" WIDTH="813" HEIGHT="32">
						<String ID="P367_ST00278" HPOS="116" VPOS="1313" WIDTH="113" HEIGHT="22" CONTENT="Bernardo" WC="0.45" CC="24557089"/>
						<SP ID="P367_SP00245" HPOS="229" VPOS="1335" WIDTH="17"/>
						<String ID="P367_ST00279" HPOS="246" VPOS="1313" WIDTH="91" HEIGHT="21" CONTENT="Gavoto" WC="0.53" CC="029546"/>
						<SP ID="P367_SP00246" HPOS="337" VPOS="1335" WIDTH="17"/>
						<String ID="P367_ST00280" HPOS="354" VPOS="1311" WIDTH="20" HEIGHT="22" CONTENT="la" WC="0.63" CC="07"/>
						<SP ID="P367_SP00247" HPOS="374" VPOS="1335" WIDTH="18"/>
						<String ID="P367_ST00281" HPOS="392" VPOS="1312" WIDTH="97" HEIGHT="29" CONTENT="signoria" WC="0.53" CC="05845507"/>
						<SP ID="P367_SP00248" HPOS="489" VPOS="1341" WIDTH="17"/>
						<String ID="P367_ST00282" HPOS="506" VPOS="1311" WIDTH="26" HEIGHT="21" CONTENT="de" WC="0.65" CC="06"/>
						<SP ID="P367_SP00249" HPOS="532" VPOS="1341" WIDTH="13"/>
						<String ID="P367_ST00283" HPOS="545" VPOS="1310" WIDTH="80" HEIGHT="22" CONTENT="Genoa" WC="0.49" CC="05549"/>
						<SP ID="P367_SP00250" HPOS="625" VPOS="1341" WIDTH="11"/>
						<String ID="P367_ST00284" HPOS="636" VPOS="1309" WIDTH="20" HEIGHT="22" CONTENT="la" WC="0.62" CC="07"/>
						<SP ID="P367_SP00251" HPOS="656" VPOS="1341" WIDTH="13"/>
						<String ID="P367_ST00285" HPOS="669" VPOS="1309" WIDTH="46" HEIGHT="22" CONTENT="fato" WC="0.51" CC="0747"/>
						<SP ID="P367_SP00252" HPOS="715" VPOS="1341" WIDTH="13"/>
						<String ID="P367_ST00286" HPOS="728" VPOS="1309" WIDTH="82" HEIGHT="29" CONTENT="prende" WC="0.81" CC="002205"/>
						<SP ID="P367_SP00253" HPOS="810" VPOS="1341" WIDTH="13"/>
						<String ID="P367_ST00287" HPOS="823" VPOS="1310" WIDTH="21" HEIGHT="20" CONTENT="in" WC="0.50" CC="53"/>
						<SP ID="P367_SP00254" HPOS="844" VPOS="1341" WIDTH="13"/>
						<String ID="P367_ST00288" HPOS="857" VPOS="1309" WIDTH="72" HEIGHT="21" CONTENT="Saona" WC="0.48" CC="06468"/>
					</TextLine>
					<TextLine ID="P367_TL00030" HPOS="192" VPOS="1349" WIDTH="885" HEIGHT="33">
						<String ID="P367_ST00289" HPOS="192" VPOS="1363" WIDTH="12" HEIGHT="13" CONTENT="a" WC="1.00" CC="0"/>
						<SP ID="P367_SP00255" HPOS="204" VPOS="1376" WIDTH="17"/>
						<String ID="P367_ST00290" HPOS="221" VPOS="1360" WIDTH="89" HEIGHT="22" CONTENT="suspeto" WC="0.59" CC="4260607"/>
						<SP ID="P367_SP00256" HPOS="310" VPOS="1382" WIDTH="682"/>
						<String ID="P367_ST00291" HPOS="992" VPOS="1357" WIDTH="14" HEIGHT="15" CONTENT="»" WC="0.38" CC="6"/>
						<SP ID="P367_SP00257" HPOS="1006" VPOS="1382" WIDTH="36"/>
						<String ID="P367_ST00292" HPOS="1042" VPOS="1349" WIDTH="35" HEIGHT="29" CONTENT="163" WC="0.20" CC="778"/>
					</TextLine>
				</TextBlock>
				<TextBlock ID="P367_TB00018" HPOS="115" VPOS="1390" WIDTH="965" HEIGHT="34" STYLEREFS="TXT_1 PAR_CENTER">
					<TextLine ID="P367_TL00031" HPOS="116" VPOS="1390" WIDTH="964" HEIGHT="34">
						<String ID="P367_ST00293" HPOS="116" VPOS="1396" WIDTH="51" HEIGHT="22" CONTENT="Uno" WC="0.85" CC="003"/>
						<SP ID="P367_SP00258" HPOS="167" VPOS="1418" WIDTH="17"/>
						<String ID="P367_ST00294" HPOS="184" VPOS="1396" WIDTH="84" HEIGHT="28" CONTENT="grande" WC="0.70" CC="940002"/>
						<SP ID="P367_SP00259" HPOS="268" VPOS="1424" WIDTH="18"/>
						<String ID="P367_ST00295" HPOS="286" VPOS="1401" WIDTH="68" HEIGHT="17" CONTENT="vento" WC="0.84" CC="03004"/>
						<SP ID="P367_SP00260" HPOS="354" VPOS="1424" WIDTH="17"/>
						<String ID="P367_ST00296" HPOS="371" VPOS="1402" WIDTH="12" HEIGHT="15" CONTENT="e" WC="1.00" CC="0"/>
						<SP ID="P367_SP00261" HPOS="383" VPOS="1424" WIDTH="18"/>
						<String ID="P367_ST00297" HPOS="401" VPOS="1394" WIDTH="90" HEIGHT="29" CONTENT="pasagio" WC="0.64" CC="0407902"/>
						<SP ID="P367_SP00262" HPOS="491" VPOS="1424" WIDTH="17"/>
						<String ID="P367_ST00298" HPOS="508" VPOS="1394" WIDTH="26" HEIGHT="21" CONTENT="de" WC="0.70" CC="06"/>
						<SP ID="P367_SP00263" HPOS="534" VPOS="1424" WIDTH="18"/>
						<String ID="P367_ST00299" HPOS="552" VPOS="1393" WIDTH="80" HEIGHT="22" CONTENT="infiniti" WC="0.72" CC="40222260"/>
						<SP ID="P367_SP00264" HPOS="632" VPOS="1424" WIDTH="17"/>
						<String ID="P367_ST00300" HPOS="649" VPOS="1393" WIDTH="50" HEIGHT="30" CONTENT="grili" WC="0.90" CC="02002"/>
						<SP ID="P367_SP00265" HPOS="699" VPOS="1424" WIDTH="17"/>
						<String ID="P367_ST00301" HPOS="716" VPOS="1393" WIDTH="26" HEIGHT="21" CONTENT="de" WC="0.71" CC="05"/>
						<SP ID="P367_SP00266" HPOS="742" VPOS="1424" WIDTH="22"/>
						<String ID="P367_ST00302" HPOS="764" VPOS="1398" WIDTH="54" HEIGHT="21" CONTENT="1542" WC="0.63" CC="6800"/>
						<SP ID="P367_SP00267" HPOS="818" VPOS="1424" WIDTH="40"/>
						<String ID="P367_ST00303" HPOS="858" VPOS="1410" WIDTH="4" HEIGHT="4" CONTENT="." WC="1.00" CC="0"/>
						<SP ID="P367_SP00268" HPOS="862" VPOS="1424" WIDTH="64"/>
						<String ID="P367_ST00304" HPOS="926" VPOS="1410" WIDTH="4" HEIGHT="4" CONTENT="." WC="1.00" CC="0"/>
						<SP ID="P367_SP00269" HPOS="930" VPOS="1424" WIDTH="63"/>
						<String ID="P367_ST00305" HPOS="993" VPOS="1399" WIDTH="13" HEIGHT="14" CONTENT="»" WC="0.88" CC="1"/>
						<SP ID="P367_SP00270" HPOS="1006" VPOS="1424" WIDTH="37"/>
						<String ID="P367_ST00306" HPOS="1043" VPOS="1390" WIDTH="37" HEIGHT="27" CONTENT="164" WC="0.67" CC="630"/>
					</TextLine>
				</TextBlock>
				<TextBlock ID="P367_TB00019" HPOS="117" VPOS="1431" WIDTH="960" HEIGHT="35" STYLEREFS="TXT_1 PAR_CENTER">
					<TextLine ID="P367_TL00032" HPOS="117" VPOS="1432" WIDTH="960" HEIGHT="34">
						<String ID="P367_ST00307" HPOS="117" VPOS="1439" WIDTH="58" HEIGHT="22" CONTENT="Vino" WC="0.71" CC="1054"/>
						<SP ID="P367_SP00271" HPOS="175" VPOS="1461" WIDTH="18"/>
						<String ID="P367_ST00308" HPOS="193" VPOS="1438" WIDTH="111" HEIGHT="28" CONTENT="ingaciato" WC="0.45" CC="528971706"/>
						<SP ID="P367_SP00272" HPOS="304" VPOS="1466" WIDTH="17"/>
						<String ID="P367_ST00309" HPOS="321" VPOS="1444" WIDTH="28" HEIGHT="15" CONTENT="ne" WC="0.51" CC="45"/>
						<SP ID="P367_SP00273" HPOS="349" VPOS="1466" WIDTH="16"/>
						<String ID="P367_ST00310" HPOS="365" VPOS="1436" WIDTH="16" HEIGHT="22" CONTENT="li" WC="0.68" CC="06"/>
						<SP ID="P367_SP00274" HPOS="381" VPOS="1466" WIDTH="17"/>
						<String ID="P367_ST00311" HPOS="398" VPOS="1435" WIDTH="76" HEIGHT="23" CONTENT="steroli" WC="0.82" CC="1400500"/>
						<SP ID="P367_SP00275" HPOS="474" VPOS="1466" WIDTH="18"/>
						<String ID="P367_ST00312" HPOS="492" VPOS="1435" WIDTH="22" HEIGHT="22" CONTENT="in" WC="0.76" CC="04"/>
						<SP ID="P367_SP00276" HPOS="514" VPOS="1466" WIDTH="18"/>
						<String ID="P367_ST00313" HPOS="532" VPOS="1435" WIDTH="20" HEIGHT="21" CONTENT="la" WC="0.22" CC="87"/>
						<SP ID="P367_SP00277" HPOS="552" VPOS="1466" WIDTH="17"/>
						<String ID="P367_ST00314" HPOS="569" VPOS="1435" WIDTH="42" HEIGHT="22" CONTENT="cita" WC="0.70" CC="0506"/>
						<SP ID="P367_SP00278" HPOS="611" VPOS="1466" WIDTH="18"/>
						<String ID="P367_ST00315" HPOS="629" VPOS="1434" WIDTH="26" HEIGHT="22" CONTENT="de" WC="0.79" CC="04"/>
						<SP ID="P367_SP00279" HPOS="655" VPOS="1466" WIDTH="18"/>
						<String ID="P367_ST00316" HPOS="673" VPOS="1434" WIDTH="71" HEIGHT="22" CONTENT="Saona" WC="0.58" CC="00397"/>
						<SP ID="P367_SP00280" HPOS="744" VPOS="1466" WIDTH="17"/>
						<String ID="P367_ST00317" HPOS="761" VPOS="1434" WIDTH="25" HEIGHT="21" CONTENT="de" WC="0.62" CC="07"/>
						<SP ID="P367_SP00281" HPOS="786" VPOS="1466" WIDTH="24"/>
						<String ID="P367_ST00318" HPOS="810" VPOS="1440" WIDTH="51" HEIGHT="21" CONTENT="1543" WC="0.21" CC="7499"/>
						<SP ID="P367_SP00282" HPOS="861" VPOS="1466" WIDTH="65"/>
						<String ID="P367_ST00319" HPOS="926" VPOS="1451" WIDTH="4" HEIGHT="4" CONTENT="." WC="0.76" CC="2"/>
						<SP ID="P367_SP00283" HPOS="930" VPOS="1466" WIDTH="64"/>
						<String ID="P367_ST00320" HPOS="994" VPOS="1440" WIDTH="12" HEIGHT="15" CONTENT="»" WC="0.46" CC="5"/>
						<SP ID="P367_SP00284" HPOS="1006" VPOS="1466" WIDTH="37"/>
						<String ID="P367_ST00321" HPOS="1043" VPOS="1432" WIDTH="34" HEIGHT="28" CONTENT="165" WC="0.32" CC="748"/>
					</TextLine>
				</TextBlock>
				<TextBlock ID="P367_TB00020" HPOS="115" VPOS="1474" WIDTH="955" HEIGHT="76" STYLEREFS="TXT_1 PAR_LEFT">
					<TextLine ID="P367_TL00033" HPOS="116" VPOS="1475" WIDTH="814" HEIGHT="33">
						<String ID="P367_ST00322" HPOS="116" VPOS="1480" WIDTH="30" HEIGHT="22" CONTENT="La" WC="1.00" CC="00"/>
						<SP ID="P367_SP00285" HPOS="146" VPOS="1502" WIDTH="18"/>
						<String ID="P367_ST00323" HPOS="164" VPOS="1484" WIDTH="82" HEIGHT="18" CONTENT="venuta" WC="0.61" CC="008365"/>
						<SP ID="P367_SP00286" HPOS="246" VPOS="1502" WIDTH="12"/>
						<String ID="P367_ST00324" HPOS="258" VPOS="1479" WIDTH="36" HEIGHT="22" CONTENT="del" WC="0.77" CC="060"/>
						<SP ID="P367_SP00287" HPOS="294" VPOS="1502" WIDTH="12"/>
						<String ID="P367_ST00325" HPOS="306" VPOS="1479" WIDTH="98" HEIGHT="29" CONTENT="principe" WC="0.66" CC="04407306"/>
						<SP ID="P367_SP00288" HPOS="404" VPOS="1508" WIDTH="13"/>
						<String ID="P367_ST00326" HPOS="417" VPOS="1478" WIDTH="67" HEIGHT="21" CONTENT="Doria" WC="0.74" CC="00057"/>
						<SP ID="P367_SP00289" HPOS="484" VPOS="1508" WIDTH="14"/>
						<String ID="P367_ST00327" HPOS="498" VPOS="1478" WIDTH="22" HEIGHT="20" CONTENT="in" WC="0.42" CC="37"/>
						<SP ID="P367_SP00290" HPOS="520" VPOS="1508" WIDTH="11"/>
						<String ID="P367_ST00328" HPOS="531" VPOS="1479" WIDTH="72" HEIGHT="19" CONTENT="Saona" WC="0.55" CC="96600"/>
						<SP ID="P367_SP00291" HPOS="603" VPOS="1508" WIDTH="13"/>
						<String ID="P367_ST00329" HPOS="616" VPOS="1484" WIDTH="41" HEIGHT="14" CONTENT="con" WC="0.41" CC="736"/>
						<SP ID="P367_SP00292" HPOS="657" VPOS="1508" WIDTH="12"/>
						<String ID="P367_ST00330" HPOS="669" VPOS="1475" WIDTH="74" HEIGHT="29" CONTENT="galere" WC="0.60" CC="900624"/>
						<SP ID="P367_SP00293" HPOS="743" VPOS="1508" WIDTH="13"/>
						<String ID="P367_ST00331" HPOS="756" VPOS="1481" WIDTH="24" HEIGHT="21" CONTENT="45" WC="1.00" CC="00"/>
						<SP ID="P367_SP00294" HPOS="780" VPOS="1508" WIDTH="21"/>
						<String ID="P367_ST00332" HPOS="801" VPOS="1482" WIDTH="37" HEIGHT="22" CONTENT="per" WC="0.84" CC="030"/>
						<SP ID="P367_SP00295" HPOS="838" VPOS="1508" WIDTH="13"/>
						<String ID="P367_ST00333" HPOS="851" VPOS="1475" WIDTH="79" HEIGHT="21" CONTENT="andare" WC="0.32" CC="789706"/>
					</TextLine>
					<TextLine ID="P367_TL00034" HPOS="193" VPOS="1516" WIDTH="877" HEIGHT="34">
						<String ID="P367_ST00334" HPOS="193" VPOS="1522" WIDTH="22" HEIGHT="22" CONTENT="in" WC="0.85" CC="02"/>
						<SP ID="P367_SP00296" HPOS="215" VPOS="1544" WIDTH="17"/>
						<String ID="P367_ST00335" HPOS="232" VPOS="1523" WIDTH="93" HEIGHT="27" CONTENT="Ispagna" WC="0.40" CC="5707919"/>
						<SP ID="P367_SP00297" HPOS="325" VPOS="1550" WIDTH="22"/>
						<String ID="P367_ST00336" HPOS="347" VPOS="1526" WIDTH="51" HEIGHT="23" CONTENT="1543" WC="0.53" CC="6804"/>
						<SP ID="P367_SP00298" HPOS="398" VPOS="1550" WIDTH="591"/>
						<String ID="P367_ST00337" HPOS="989" VPOS="1523" WIDTH="14" HEIGHT="15" CONTENT="»" WC="0.38" CC="6"/>
						<SP ID="P367_SP00299" HPOS="1003" VPOS="1550" WIDTH="39"/>
						<String ID="P367_ST00338" HPOS="1042" VPOS="1516" WIDTH="28" HEIGHT="20" CONTENT="ivi" WC="0.85" CC="400"/>
					</TextLine>
				</TextBlock>
				<TextBlock ID="P367_TB00021" HPOS="115" VPOS="1557" WIDTH="814" HEIGHT="27" STYLEREFS="TXT_1 PAR_LEFT">
					<TextLine ID="P367_TL00035" HPOS="116" VPOS="1557" WIDTH="813" HEIGHT="27">
						<String ID="P367_ST00339" HPOS="116" VPOS="1564" WIDTH="29" HEIGHT="20" CONTENT="La" WC="0.66" CC="06"/>
						<SP ID="P367_SP00300" HPOS="145" VPOS="1584" WIDTH="18"/>
						<String ID="P367_ST00340" HPOS="163" VPOS="1563" WIDTH="83" HEIGHT="21" CONTENT="fortesa" WC="0.66" CC="6602160"/>
						<SP ID="P367_SP00301" HPOS="246" VPOS="1584" WIDTH="17"/>
						<String ID="P367_ST00341" HPOS="263" VPOS="1562" WIDTH="27" HEIGHT="22" CONTENT="de" WC="0.16" CC="97"/>
						<SP ID="P367_SP00302" HPOS="290" VPOS="1584" WIDTH="15"/>
						<String ID="P367_ST00342" HPOS="305" VPOS="1562" WIDTH="74" HEIGHT="22" CONTENT="Saona" WC="0.32" CC="67477"/>
						<SP ID="P367_SP00303" HPOS="379" VPOS="1584" WIDTH="18"/>
						<String ID="P367_ST00343" HPOS="397" VPOS="1561" WIDTH="105" HEIGHT="22" CONTENT="fabricata" WC="0.52" CC="885128600"/>
						<SP ID="P367_SP00304" HPOS="502" VPOS="1584" WIDTH="17"/>
						<String ID="P367_ST00344" HPOS="519" VPOS="1561" WIDTH="22" HEIGHT="21" CONTENT="di" WC="0.86" CC="02"/>
						<SP ID="P367_SP00305" HPOS="541" VPOS="1584" WIDTH="16"/>
						<String ID="P367_ST00345" HPOS="557" VPOS="1567" WIDTH="60" HEIGHT="14" CONTENT="novo" WC="0.51" CC="6606"/>
						<SP ID="P367_SP00306" HPOS="617" VPOS="1584" WIDTH="18"/>
						<String ID="P367_ST00346" HPOS="635" VPOS="1567" WIDTH="22" HEIGHT="14" CONTENT="se" WC="0.37" CC="66"/>
						<SP ID="P367_SP00307" HPOS="657" VPOS="1584" WIDTH="18"/>
						<String ID="P367_ST00347" HPOS="675" VPOS="1564" WIDTH="63" HEIGHT="17" CONTENT="trova" WC="0.53" CC="04296"/>
						<SP ID="P367_SP00308" HPOS="738" VPOS="1584" WIDTH="18"/>
						<String ID="P367_ST00348" HPOS="756" VPOS="1566" WIDTH="60" HEIGHT="14" CONTENT="esere" WC="0.35" CC="46757"/>
						<SP ID="P367_SP00309" HPOS="816" VPOS="1584" WIDTH="22"/>
						<String ID="P367_ST00349" HPOS="838" VPOS="1557" WIDTH="91" HEIGHT="23" CONTENT="defensi-" WC="0.68" CC="07048500"/>
					</TextLine>
				</TextBlock>
				<TextBlock ID="P367_TB00022" HPOS="192" VPOS="1596" WIDTH="890" HEIGHT="35" STYLEREFS="TXT_1 PAR_RIGHT">
					<TextLine ID="P367_TL00036" HPOS="192" VPOS="1597" WIDTH="890" HEIGHT="34">
						<String ID="P367_ST00350" HPOS="192" VPOS="1604" WIDTH="44" HEIGHT="24" CONTENT="bile" WC="0.86" CC="0005"/>
						<SP ID="P367_SP00310" HPOS="236" VPOS="1628" WIDTH="17"/>
						<String ID="P367_ST00351" HPOS="253" VPOS="1605" WIDTH="26" HEIGHT="21" CONTENT="de" WC="0.76" CC="04"/>
						<SP ID="P367_SP00311" HPOS="279" VPOS="1628" WIDTH="22"/>
						<String ID="P367_ST00352" HPOS="301" VPOS="1610" WIDTH="52" HEIGHT="21" CONTENT="1543" WC="0.67" CC="6006"/>
						<SP ID="P367_SP00312" HPOS="353" VPOS="1631" WIDTH="642"/>
						<String ID="P367_ST00353" HPOS="995" VPOS="1606" WIDTH="12" HEIGHT="14" CONTENT="»" WC="0.34" CC="6"/>
						<SP ID="P367_SP00313" HPOS="1007" VPOS="1631" WIDTH="37"/>
						<String ID="P367_ST00354" HPOS="1044" VPOS="1597" WIDTH="38" HEIGHT="22" CONTENT="166" WC="0.66" CC="342"/>
					</TextLine>
				</TextBlock>
				<TextBlock ID="P367_TB00023" HPOS="115" VPOS="1640" WIDTH="956" HEIGHT="74" STYLEREFS="TXT_1 PAR_LEFT">
					<TextLine ID="P367_TL00037" HPOS="116" VPOS="1640" WIDTH="815" HEIGHT="34">
						<String ID="P367_ST00355" HPOS="116" VPOS="1648" WIDTH="30" HEIGHT="22" CONTENT="La" WC="0.62" CC="07"/>
						<SP ID="P367_SP00314" HPOS="146" VPOS="1670" WIDTH="22"/>
						<String ID="P367_ST00356" HPOS="168" VPOS="1652" WIDTH="83" HEIGHT="18" CONTENT="venuta" WC="0.55" CC="066309"/>
						<SP ID="P367_SP00315" HPOS="251" VPOS="1670" WIDTH="22"/>
						<String ID="P367_ST00357" HPOS="273" VPOS="1646" WIDTH="26" HEIGHT="22" CONTENT="de" WC="0.39" CC="92"/>
						<SP ID="P367_SP00316" HPOS="299" VPOS="1670" WIDTH="22"/>
						<String ID="P367_ST00358" HPOS="321" VPOS="1644" WIDTH="68" HEIGHT="23" CONTENT="Carlo" WC="0.96" CC="00100"/>
						<SP ID="P367_SP00317" HPOS="389" VPOS="1670" WIDTH="22"/>
						<String ID="P367_ST00359" HPOS="411" VPOS="1644" WIDTH="79" HEIGHT="30" CONTENT="quinto" WC="0.67" CC="060066"/>
						<SP ID="P367_SP00318" HPOS="490" VPOS="1674" WIDTH="22"/>
						<String ID="P367_ST00360" HPOS="512" VPOS="1649" WIDTH="133" HEIGHT="23" CONTENT="imperatore" WC="0.54" CC="7605173706"/>
						<SP ID="P367_SP00319" HPOS="645" VPOS="1674" WIDTH="24"/>
						<String ID="P367_ST00361" HPOS="669" VPOS="1642" WIDTH="20" HEIGHT="22" CONTENT="in" WC="0.63" CC="16"/>
						<SP ID="P367_SP00320" HPOS="689" VPOS="1674" WIDTH="24"/>
						<String ID="P367_ST00362" HPOS="713" VPOS="1641" WIDTH="19" HEIGHT="22" CONTENT="la" WC="0.38" CC="47"/>
						<SP ID="P367_SP00321" HPOS="732" VPOS="1674" WIDTH="24"/>
						<String ID="P367_ST00363" HPOS="756" VPOS="1641" WIDTH="43" HEIGHT="21" CONTENT="cita" WC="0.61" CC="5009"/>
						<SP ID="P367_SP00322" HPOS="799" VPOS="1674" WIDTH="17"/>
						<String ID="P367_ST00364" HPOS="816" VPOS="1641" WIDTH="25" HEIGHT="21" CONTENT="de" WC="0.84" CC="03"/>
						<SP ID="P367_SP00323" HPOS="841" VPOS="1674" WIDTH="19"/>
						<String ID="P367_ST00365" HPOS="860" VPOS="1640" WIDTH="71" HEIGHT="22" CONTENT="Saona" WC="0.42" CC="09269"/>
					</TextLine>
					<TextLine ID="P367_TL00038" HPOS="192" VPOS="1681" WIDTH="879" HEIGHT="33">
						<String ID="P367_ST00366" HPOS="192" VPOS="1689" WIDTH="53" HEIGHT="22" CONTENT="lano" WC="0.72" CC="0730"/>
						<SP ID="P367_SP00324" HPOS="245" VPOS="1711" WIDTH="16"/>
						<String ID="P367_ST00367" HPOS="261" VPOS="1688" WIDTH="27" HEIGHT="22" CONTENT="de" WC="1.00" CC="00"/>
						<SP ID="P367_SP00325" HPOS="288" VPOS="1711" WIDTH="22"/>
						<String ID="P367_ST00368" HPOS="310" VPOS="1694" WIDTH="52" HEIGHT="20" CONTENT="1543" WC="0.40" CC="8807"/>
						<SP ID="P367_SP00326" HPOS="362" VPOS="1714" WIDTH="629"/>
						<String ID="P367_ST00369" HPOS="991" VPOS="1689" WIDTH="13" HEIGHT="13" CONTENT="»" WC="0.52" CC="4"/>
						<SP ID="P367_SP00327" HPOS="1004" VPOS="1714" WIDTH="39"/>
						<String ID="P367_ST00370" HPOS="1043" VPOS="1681" WIDTH="28" HEIGHT="21" CONTENT="ivi" WC="0.66" CC="603"/>
					</TextLine>
				</TextBlock>
				<TextBlock ID="P367_TB00024" HPOS="118" VPOS="1722" WIDTH="963" HEIGHT="79" STYLEREFS="TXT_1 PAR_LEFT">
					<TextLine ID="P367_TL00039" HPOS="118" VPOS="1723" WIDTH="815" HEIGHT="33">
						<String ID="P367_ST00371" HPOS="118" VPOS="1733" WIDTH="26" HEIGHT="23" CONTENT="In" WC="0.82" CC="20"/>
						<SP ID="P367_SP00328" HPOS="144" VPOS="1756" WIDTH="17"/>
						<String ID="P367_ST00372" HPOS="161" VPOS="1731" WIDTH="21" HEIGHT="23" CONTENT="la" WC="0.50" CC="09"/>
						<SP ID="P367_SP00329" HPOS="182" VPOS="1756" WIDTH="17"/>
						<String ID="P367_ST00373" HPOS="199" VPOS="1730" WIDTH="43" HEIGHT="23" CONTENT="cita" WC="0.58" CC="9160"/>
						<SP ID="P367_SP00330" HPOS="242" VPOS="1756" WIDTH="18"/>
						<String ID="P367_ST00374" HPOS="260" VPOS="1730" WIDTH="26" HEIGHT="22" CONTENT="de" WC="1.00" CC="00"/>
						<SP ID="P367_SP00331" HPOS="286" VPOS="1756" WIDTH="17"/>
						<String ID="P367_ST00375" HPOS="303" VPOS="1729" WIDTH="73" HEIGHT="22" CONTENT="Saona" WC="0.58" CC="50347"/>
						<SP ID="P367_SP00332" HPOS="376" VPOS="1756" WIDTH="17"/>
						<String ID="P367_ST00376" HPOS="393" VPOS="1735" WIDTH="44" HEIGHT="14" CONTENT="ano" WC="0.52" CC="715"/>
						<SP ID="P367_SP00333" HPOS="437" VPOS="1756" WIDTH="20"/>
						<String ID="P367_ST00377" HPOS="457" VPOS="1732" WIDTH="53" HEIGHT="17" CONTENT="auto" WC="0.91" CC="0003"/>
						<SP ID="P367_SP00334" HPOS="510" VPOS="1756" WIDTH="20"/>
						<String ID="P367_ST00378" HPOS="530" VPOS="1733" WIDTH="65" HEIGHT="16" CONTENT="como" WC="0.48" CC="7543"/>
						<SP ID="P367_SP00335" HPOS="595" VPOS="1756" WIDTH="21"/>
						<String ID="P367_ST00379" HPOS="616" VPOS="1727" WIDTH="95" HEIGHT="22" CONTENT="larmata" WC="0.54" CC="0756650"/>
						<SP ID="P367_SP00336" HPOS="711" VPOS="1756" WIDTH="20"/>
						<String ID="P367_ST00380" HPOS="731" VPOS="1724" WIDTH="116" HEIGHT="23" CONTENT="turchesca" WC="0.64" CC="020306576"/>
						<SP ID="P367_SP00337" HPOS="847" VPOS="1756" WIDTH="21"/>
						<String ID="P367_ST00381" HPOS="868" VPOS="1723" WIDTH="31" HEIGHT="22" CONTENT="sia" WC="0.51" CC="607"/>
						<SP ID="P367_SP00338" HPOS="899" VPOS="1756" WIDTH="22"/>
						<String ID="P367_ST00382" HPOS="921" VPOS="1730" WIDTH="12" HEIGHT="14" CONTENT="a" WC="0.48" CC="5"/>
					</TextLine>
					<TextLine ID="P367_TL00040" HPOS="192" VPOS="1763" WIDTH="889" HEIGHT="38">
						<String ID="P367_ST00383" HPOS="192" VPOS="1771" WIDTH="65" HEIGHT="25" CONTENT="Ostia" WC="0.54" CC="56306"/>
						<SP ID="P367_SP00339" HPOS="257" VPOS="1796" WIDTH="18"/>
						<String ID="P367_ST00384" HPOS="275" VPOS="1779" WIDTH="11" HEIGHT="14" CONTENT="e" WC="0.31" CC="6"/>
						<SP ID="P367_SP00340" HPOS="286" VPOS="1796" WIDTH="17"/>
						<String ID="P367_ST00385" HPOS="303" VPOS="1771" WIDTH="52" HEIGHT="30" CONTENT="ogni" WC="0.66" CC="0760"/>
						<SP ID="P367_SP00341" HPOS="355" VPOS="1801" WIDTH="18"/>
						<String ID="P367_ST00386" HPOS="373" VPOS="1777" WIDTH="45" HEIGHT="17" CONTENT="uno" WC="0.38" CC="773"/>
						<SP ID="P367_SP00342" HPOS="418" VPOS="1801" WIDTH="17"/>
						<String ID="P367_ST00387" HPOS="435" VPOS="1769" WIDTH="79" HEIGHT="23" CONTENT="atende" WC="0.73" CC="040605"/>
						<SP ID="P367_SP00343" HPOS="514" VPOS="1801" WIDTH="18"/>
						<String ID="P367_ST00388" HPOS="532" VPOS="1776" WIDTH="12" HEIGHT="16" CONTENT="a" WC="0.24" CC="7"/>
						<SP ID="P367_SP00344" HPOS="544" VPOS="1801" WIDTH="17"/>
						<String ID="P367_ST00389" HPOS="561" VPOS="1767" WIDTH="43" HEIGHT="30" CONTENT="sugi" WC="0.77" CC="0504"/>
						<SP ID="P367_SP00345" HPOS="604" VPOS="1801" WIDTH="5"/>
						<String ID="P367_ST00390" HPOS="609" VPOS="1775" WIDTH="22" HEIGHT="14" CONTENT="re" WC="0.77" CC="22"/>
						<SP ID="P367_SP00346" HPOS="631" VPOS="1801" WIDTH="24"/>
						<String ID="P367_ST00391" HPOS="655" VPOS="1783" WIDTH="5" HEIGHT="6" CONTENT="." WC="0.85" CC="1"/>
						<SP ID="P367_SP00347" HPOS="660" VPOS="1801" WIDTH="64"/>
						<String ID="P367_ST00392" HPOS="724" VPOS="1784" WIDTH="4" HEIGHT="5" CONTENT="." WC="1.00" CC="0"/>
						<SP ID="P367_SP00348" HPOS="728" VPOS="1801" WIDTH="64"/>
						<String ID="P367_ST00393" HPOS="792" VPOS="1783" WIDTH="4" HEIGHT="6" CONTENT="." WC="1.00" CC="0"/>
						<SP ID="P367_SP00349" HPOS="796" VPOS="1801" WIDTH="63"/>
						<String ID="P367_ST00394" HPOS="859" VPOS="1782" WIDTH="5" HEIGHT="6" CONTENT="." WC="0.82" CC="1"/>
						<SP ID="P367_SP00350" HPOS="864" VPOS="1801" WIDTH="63"/>
						<String ID="P367_ST00395" HPOS="927" VPOS="1782" WIDTH="5" HEIGHT="6" CONTENT="." WC="0.68" CC="3"/>
						<SP ID="P367_SP00351" HPOS="932" VPOS="1801" WIDTH="62"/>
						<String ID="P367_ST00396" HPOS="994" VPOS="1771" WIDTH="13" HEIGHT="15" CONTENT="»" WC="0.41" CC="5"/>
						<SP ID="P367_SP00352" HPOS="1007" VPOS="1801" WIDTH="36"/>
						<String ID="P367_ST00397" HPOS="1043" VPOS="1763" WIDTH="38" HEIGHT="30" CONTENT=",69" WC="0.43" CC="439"/>
					</TextLine>
				</TextBlock>
			</PrintSpace>
		</Page>
	</Layout>
</alto>
