<?xml version="1.0" encoding="UTF-8"?>
<alto xmlns:xsi="http://www.w3.org/2001/XMLSchema-instance" xsi:noNamespaceSchemaLocation="http://www.bl.uk/schemas/alto/alto-1-4.xsd" xmlns:xlink="http://www.w3.org/1999/xlink">
	<Description>
		<MeasurementUnit>mm10</MeasurementUnit>
		<sourceImageInformation>
			<fileName>//head1/IN/2008-29/A0011808733/000533.jp2</fileName>
		</sourceImageInformation>
		<OCRProcessing ID="OCRPROCESSING_1">
			<preProcessingStep>
				<processingSoftware>
					<softwareCreator>CCS Content Conversion Specialists GmbH, Germany</softwareCreator>
					<softwareName>CCS docWORKS</softwareName>
					<softwareVersion>6.1-0.67</softwareVersion>
				</processingSoftware>
			</preProcessingStep>
			<ocrProcessingStep>
				<processingSoftware>
					<softwareCreator>ABBYY (BIT Software), Russia</softwareCreator>
					<softwareName>Finereader</softwareName>
				</processingSoftware>
			</ocrProcessingStep>
		</OCRProcessing>
	</Description>
	<Styles>
		<TextStyle ID="TXT_0" FONTSIZE="11" FONTFAMILY="Courier New"/>
		<TextStyle ID="TXT_1" FONTSIZE="9" FONTFAMILY="Courier New"/>
		<ParagraphStyle ID="PAR_RIGHT" ALIGN="Right"/>
		<ParagraphStyle ID="PAR_LEFT" ALIGN="Left"/>
	</Styles>
	<Layout>
		<Page ID="P279" PHYSICAL_IMG_NR="279" HEIGHT="2078" WIDTH="1373" PRINTED_IMG_NR="265" POSITION="Right" ACCURACY="73.90">
			<TopMargin ID="P279_TM00001" HPOS="0" VPOS="0" WIDTH="1373" HEIGHT="131">
				<TextBlock ID="P279_TB00001" HPOS="1062" VPOS="89" WIDTH="50" HEIGHT="40" STYLEREFS="TXT_0 PAR_RIGHT">
					<TextLine ID="P279_TL00001" HPOS="1062" VPOS="89" WIDTH="50" HEIGHT="40">
						<String ID="P279_ST00001" HPOS="1062" VPOS="89" WIDTH="50" HEIGHT="40" CONTENT="265" WC="1.00" CC="000"/>
					</TextLine>
				</TextBlock>
			</TopMargin>
			<LeftMargin ID="P279_LM00001" HPOS="0" VPOS="131" WIDTH="159" HEIGHT="1634"/>
			<RightMargin ID="P279_RM00001" HPOS="1115" VPOS="131" WIDTH="258" HEIGHT="1634"/>
			<BottomMargin ID="P279_BM00001" HPOS="0" VPOS="1765" WIDTH="1373" HEIGHT="312"/>
			<PrintSpace ID="P279_PS00001" HPOS="159" VPOS="131" WIDTH="957" HEIGHT="1634">
				<TextBlock ID="P279_TB00002" HPOS="159" VPOS="152" WIDTH="956" HEIGHT="179" STYLEREFS="TXT_1 PAR_LEFT">
					<TextLine ID="P279_TL00002" HPOS="215" VPOS="152" WIDTH="900" HEIGHT="42">
						<String ID="P279_ST00002" HPOS="215" VPOS="156" WIDTH="48" HEIGHT="28" CONTENT="DE" WC="0.80" CC="04"/>
						<SP ID="P279_SP00001" HPOS="263" VPOS="184" WIDTH="20"/>
						<String ID="P279_ST00003" HPOS="283" VPOS="154" WIDTH="25" HEIGHT="29" CONTENT="la" WC="0.90" CC="20"/>
						<SP ID="P279_SP00002" HPOS="308" VPOS="184" WIDTH="21"/>
						<String ID="P279_ST00004" HPOS="329" VPOS="156" WIDTH="94" HEIGHT="28" CONTENT="cazada" WC="0.59" CC="155506"/>
						<SP ID="P279_SP00003" HPOS="423" VPOS="184" WIDTH="21"/>
						<String ID="P279_ST00005" HPOS="444" VPOS="152" WIDTH="32" HEIGHT="32" CONTENT="de" WC="1.00" CC="00"/>
						<SP ID="P279_SP00004" HPOS="476" VPOS="184" WIDTH="21"/>
						<String ID="P279_ST00006" HPOS="497" VPOS="158" WIDTH="111" HEIGHT="36" CONTENT="georgio" WC="0.76" CC="0090032"/>
						<SP ID="P279_SP00005" HPOS="608" VPOS="194" WIDTH="22"/>
						<String ID="P279_ST00007" HPOS="630" VPOS="167" WIDTH="13" HEIGHT="17" CONTENT="e" WC="0.26" CC="7"/>
						<SP ID="P279_SP00006" HPOS="643" VPOS="194" WIDTH="21"/>
						<String ID="P279_ST00008" HPOS="664" VPOS="157" WIDTH="110" HEIGHT="28" CONTENT="antonio" WC="0.70" CC="9003034"/>
						<SP ID="P279_SP00007" HPOS="774" VPOS="194" WIDTH="22"/>
						<String ID="P279_ST00009" HPOS="796" VPOS="153" WIDTH="52" HEIGHT="32" CONTENT="deli" WC="0.85" CC="0032"/>
						<SP ID="P279_SP00008" HPOS="848" VPOS="194" WIDTH="19"/>
						<String ID="P279_ST00010" HPOS="867" VPOS="155" WIDTH="98" HEIGHT="38" CONTENT="girardi" WC="0.81" CC="0057000"/>
						<SP ID="P279_SP00009" HPOS="965" VPOS="194" WIDTH="24"/>
						<String ID="P279_ST00011" HPOS="989" VPOS="156" WIDTH="47" HEIGHT="27" CONTENT="diti" WC="0.71" CC="0406"/>
						<SP ID="P279_SP00010" HPOS="1036" VPOS="194" WIDTH="28"/>
						<String ID="P279_ST00012" HPOS="1064" VPOS="155" WIDTH="51" HEIGHT="28" CONTENT="deli" WC="1.00" CC="0000"/>
					</TextLine>
					<TextLine ID="P279_TL00003" HPOS="161" VPOS="205" WIDTH="954" HEIGHT="36">
						<String ID="P279_ST00013" HPOS="161" VPOS="205" WIDTH="101" HEIGHT="28" CONTENT="bruzoli" WC="0.64" CC="6056204"/>
						<SP ID="P279_SP00011" HPOS="262" VPOS="233" WIDTH="20"/>
						<String ID="P279_ST00014" HPOS="282" VPOS="205" WIDTH="49" HEIGHT="27" CONTENT="che" WC="0.72" CC="610"/>
						<SP ID="P279_SP00012" HPOS="331" VPOS="233" WIDTH="22"/>
						<String ID="P279_ST00015" HPOS="353" VPOS="206" WIDTH="42" HEIGHT="35" CONTENT="già" WC="0.83" CC="040"/>
						<SP ID="P279_SP00013" HPOS="395" VPOS="241" WIDTH="22"/>
						<String ID="P279_ST00016" HPOS="417" VPOS="206" WIDTH="96" HEIGHT="27" CONTENT="aviano" WC="0.79" CC="000470"/>
						<SP ID="P279_SP00014" HPOS="513" VPOS="241" WIDTH="22"/>
						<String ID="P279_ST00017" HPOS="535" VPOS="213" WIDTH="72" HEIGHT="20" CONTENT="tante" WC="0.90" CC="40100"/>
						<SP ID="P279_SP00015" HPOS="607" VPOS="241" WIDTH="22"/>
						<String ID="P279_ST00018" HPOS="629" VPOS="206" WIDTH="94" HEIGHT="27" CONTENT="faculta" WC="0.66" CC="0070609"/>
						<SP ID="P279_SP00016" HPOS="723" VPOS="241" WIDTH="21"/>
						<String ID="P279_ST00019" HPOS="744" VPOS="216" WIDTH="13" HEIGHT="17" CONTENT="e" WC="1.00" CC="0"/>
						<SP ID="P279_SP00017" HPOS="757" VPOS="241" WIDTH="21"/>
						<String ID="P279_ST00020" HPOS="778" VPOS="206" WIDTH="22" HEIGHT="27" CONTENT="la" WC="0.63" CC="07"/>
						<SP ID="P279_SP00018" HPOS="800" VPOS="241" WIDTH="22"/>
						<String ID="P279_ST00021" HPOS="822" VPOS="206" WIDTH="91" HEIGHT="27" CONTENT="chioza" WC="0.50" CC="155169"/>
						<SP ID="P279_SP00019" HPOS="913" VPOS="241" WIDTH="22"/>
						<String ID="P279_ST00022" HPOS="935" VPOS="215" WIDTH="51" HEIGHT="18" CONTENT="con" WC="0.52" CC="643"/>
						<SP ID="P279_SP00020" HPOS="986" VPOS="241" WIDTH="25"/>
						<String ID="P279_ST00023" HPOS="1011" VPOS="213" WIDTH="31" HEIGHT="20" CONTENT="12" WC="0.13" CC="79"/>
						<SP ID="P279_SP00021" HPOS="1042" VPOS="241" WIDTH="25"/>
						<String ID="P279_ST00024" HPOS="1067" VPOS="214" WIDTH="48" HEIGHT="27" CONTENT="po" SUBS_TYPE="HypPart1" SUBS_CONTENT="polezini" WC="0.94" CC="001"/>
						<HYP CONTENT="-"/>
					</TextLine>
					<TextLine ID="P279_TL00004" HPOS="160" VPOS="254" WIDTH="953" HEIGHT="38">
						<String ID="P279_ST00025" HPOS="160" VPOS="256" WIDTH="74" HEIGHT="26" CONTENT="lezini" SUBS_TYPE="HypPart2" SUBS_CONTENT="polezini" WC="0.48" CC="709705"/>
						<SP ID="P279_SP00022" HPOS="234" VPOS="282" WIDTH="20"/>
						<String ID="P279_ST00026" HPOS="254" VPOS="255" WIDTH="33" HEIGHT="27" CONTENT="de" WC="0.64" CC="42"/>
						<SP ID="P279_SP00023" HPOS="287" VPOS="282" WIDTH="22"/>
						<String ID="P279_ST00027" HPOS="309" VPOS="264" WIDTH="49" HEIGHT="17" CONTENT="oro" WC="0.76" CC="070"/>
						<SP ID="P279_SP00024" HPOS="358" VPOS="282" WIDTH="22"/>
						<String ID="P279_ST00028" HPOS="380" VPOS="265" WIDTH="12" HEIGHT="16" CONTENT="e" WC="0.63" CC="3"/>
						<SP ID="P279_SP00025" HPOS="392" VPOS="282" WIDTH="22"/>
						<String ID="P279_ST00029" HPOS="414" VPOS="254" WIDTH="22" HEIGHT="27" CONTENT="al" WC="0.77" CC="04"/>
						<SP ID="P279_SP00026" HPOS="436" VPOS="282" WIDTH="22"/>
						<String ID="P279_ST00030" HPOS="458" VPOS="263" WIDTH="121" HEIGHT="27" CONTENT="prezente" WC="0.47" CC="90377851"/>
						<SP ID="P279_SP00027" HPOS="579" VPOS="290" WIDTH="21"/>
						<String ID="P279_ST00031" HPOS="600" VPOS="265" WIDTH="52" HEIGHT="17" CONTENT="non" WC="0.67" CC="108"/>
						<SP ID="P279_SP00028" HPOS="652" VPOS="290" WIDTH="23"/>
						<String ID="P279_ST00032" HPOS="675" VPOS="266" WIDTH="32" HEIGHT="26" CONTENT="gè" WC="0.98" CC="00"/>
						<SP ID="P279_SP00029" HPOS="707" VPOS="292" WIDTH="22"/>
						<String ID="P279_ST00033" HPOS="729" VPOS="256" WIDTH="73" HEIGHT="26" CONTENT="salvo" WC="0.88" CC="00600"/>
						<SP ID="P279_SP00030" HPOS="802" VPOS="292" WIDTH="21"/>
						<String ID="P279_ST00034" HPOS="823" VPOS="266" WIDTH="54" HEIGHT="16" CONTENT="uno" WC="0.66" CC="180"/>
						<SP ID="P279_SP00031" HPOS="877" VPOS="292" WIDTH="23"/>
						<String ID="P279_ST00035" HPOS="900" VPOS="256" WIDTH="96" HEIGHT="34" CONTENT="jovano" WC="0.82" CC="300060"/>
						<SP ID="P279_SP00032" HPOS="996" VPOS="292" WIDTH="15"/>
						<String ID="P279_ST00036" HPOS="1011" VPOS="264" WIDTH="102" HEIGHT="26" CONTENT="povero" WC="0.98" CC="000000"/>
					</TextLine>
					<TextLine ID="P279_TL00005" HPOS="161" VPOS="304" WIDTH="298" HEIGHT="27">
						<String ID="P279_ST00037" HPOS="161" VPOS="304" WIDTH="94" HEIGHT="27" CONTENT="herede" WC="0.90" CC="320000"/>
						<SP ID="P279_SP00033" HPOS="255" VPOS="331" WIDTH="22"/>
						<String ID="P279_ST00038" HPOS="277" VPOS="304" WIDTH="31" HEIGHT="27" CONTENT="de" WC="0.83" CC="03"/>
						<SP ID="P279_SP00034" HPOS="308" VPOS="331" WIDTH="23"/>
						<String ID="P279_ST00039" HPOS="331" VPOS="306" WIDTH="48" HEIGHT="25" CONTENT="tuti" WC="0.75" CC="6012"/>
						<SP ID="P279_SP00035" HPOS="379" VPOS="331" WIDTH="21"/>
						<String ID="P279_ST00040" HPOS="400" VPOS="305" WIDTH="59" HEIGHT="26" CONTENT="loro" WC="0.50" CC="5049"/>
					</TextLine>
				</TextBlock>
				<TextBlock ID="P279_TB00003" HPOS="160" VPOS="353" WIDTH="955" HEIGHT="134" STYLEREFS="TXT_1 PAR_LEFT">
					<TextLine ID="P279_TL00006" HPOS="218" VPOS="353" WIDTH="897" HEIGHT="36">
						<String ID="P279_ST00041" HPOS="218" VPOS="353" WIDTH="45" HEIGHT="29" CONTENT="DE" WC="0.54" CC="17"/>
						<SP ID="P279_SP00036" HPOS="263" VPOS="382" WIDTH="23"/>
						<String ID="P279_ST00042" HPOS="286" VPOS="354" WIDTH="23" HEIGHT="26" CONTENT="la" WC="0.36" CC="29"/>
						<SP ID="P279_SP00037" HPOS="309" VPOS="382" WIDTH="21"/>
						<String ID="P279_ST00043" HPOS="330" VPOS="353" WIDTH="99" HEIGHT="36" CONTENT="grande" WC="0.63" CC="049700"/>
						<SP ID="P279_SP00038" HPOS="429" VPOS="389" WIDTH="22"/>
						<String ID="P279_ST00044" HPOS="451" VPOS="363" WIDTH="59" HEIGHT="17" CONTENT="caza" WC="0.56" CC="6630"/>
						<SP ID="P279_SP00039" HPOS="510" VPOS="389" WIDTH="21"/>
						<String ID="P279_ST00045" HPOS="531" VPOS="354" WIDTH="32" HEIGHT="26" CONTENT="de" WC="0.60" CC="07"/>
						<SP ID="P279_SP00040" HPOS="563" VPOS="389" WIDTH="22"/>
						<String ID="P279_ST00046" HPOS="585" VPOS="354" WIDTH="17" HEIGHT="26" CONTENT="li" WC="0.52" CC="63"/>
						<SP ID="P279_SP00041" HPOS="602" VPOS="389" WIDTH="22"/>
						<String ID="P279_ST00047" HPOS="624" VPOS="354" WIDTH="135" HEIGHT="27" CONTENT="chiabrera" WC="0.62" CC="233960007"/>
						<SP ID="P279_SP00042" HPOS="759" VPOS="389" WIDTH="20"/>
						<String ID="P279_ST00048" HPOS="779" VPOS="361" WIDTH="73" HEIGHT="20" CONTENT="tanto" WC="0.43" CC="09764"/>
						<SP ID="P279_SP00043" HPOS="852" VPOS="389" WIDTH="28"/>
						<String ID="P279_ST00049" HPOS="880" VPOS="355" WIDTH="137" HEIGHT="26" CONTENT="nominata" WC="0.72" CC="00004717"/>
						<SP ID="P279_SP00044" HPOS="1017" VPOS="389" WIDTH="31"/>
						<String ID="P279_ST00050" HPOS="1048" VPOS="363" WIDTH="67" HEIGHT="18" CONTENT="sono" WC="0.51" CC="0368"/>
					</TextLine>
					<TextLine ID="P279_TL00007" HPOS="161" VPOS="402" WIDTH="954" HEIGHT="37">
						<String ID="P279_ST00051" HPOS="161" VPOS="404" WIDTH="89" HEIGHT="26" CONTENT="venuti" WC="0.65" CC="075025"/>
						<SP ID="P279_SP00045" HPOS="250" VPOS="430" WIDTH="23"/>
						<String ID="P279_ST00052" HPOS="273" VPOS="404" WIDTH="25" HEIGHT="25" CONTENT="in" WC="0.86" CC="20"/>
						<SP ID="P279_SP00046" HPOS="298" VPOS="430" WIDTH="22"/>
						<String ID="P279_ST00053" HPOS="320" VPOS="410" WIDTH="72" HEIGHT="19" CONTENT="tanta" WC="0.79" CC="50040"/>
						<SP ID="P279_SP00047" HPOS="392" VPOS="430" WIDTH="21"/>
						<String ID="P279_ST00054" HPOS="413" VPOS="411" WIDTH="112" HEIGHT="28" CONTENT="povertà" WC="0.88" CC="0000250"/>
						<SP ID="P279_SP00048" HPOS="525" VPOS="439" WIDTH="21"/>
						<String ID="P279_ST00055" HPOS="546" VPOS="403" WIDTH="49" HEIGHT="27" CONTENT="che" WC="0.78" CC="060"/>
						<SP ID="P279_SP00049" HPOS="595" VPOS="439" WIDTH="22"/>
						<String ID="P279_ST00056" HPOS="617" VPOS="410" WIDTH="67" HEIGHT="20" CONTENT="stato" WC="0.75" CC="00606"/>
						<SP ID="P279_SP00050" HPOS="684" VPOS="439" WIDTH="22"/>
						<String ID="P279_ST00057" HPOS="706" VPOS="403" WIDTH="115" HEIGHT="36" CONTENT="bizogno" WC="0.78" CC="2660000"/>
						<SP ID="P279_SP00051" HPOS="821" VPOS="439" WIDTH="22"/>
						<String ID="P279_ST00058" HPOS="843" VPOS="403" WIDTH="47" HEIGHT="27" CONTENT="che" WC="0.70" CC="260"/>
						<SP ID="P279_SP00052" HPOS="890" VPOS="439" WIDTH="21"/>
						<String ID="P279_ST00059" HPOS="911" VPOS="402" WIDTH="94" HEIGHT="28" CONTENT="abiano" WC="0.65" CC="730504"/>
						<SP ID="P279_SP00053" HPOS="1005" VPOS="439" WIDTH="32"/>
						<String ID="P279_ST00060" HPOS="1037" VPOS="402" WIDTH="78" HEIGHT="28" CONTENT="aban" SUBS_TYPE="HypPart1" SUBS_CONTENT="abandonato" WC="0.61" CC="75060"/>
						<HYP CONTENT="-"/>
					</TextLine>
					<TextLine ID="P279_TL00008" HPOS="160" VPOS="451" WIDTH="853" HEIGHT="36">
						<String ID="P279_ST00061" HPOS="160" VPOS="451" WIDTH="99" HEIGHT="28" CONTENT="donato" SUBS_TYPE="HypPart2" SUBS_CONTENT="abandonato" WC="0.78" CC="026012"/>
						<SP ID="P279_SP00054" HPOS="259" VPOS="479" WIDTH="22"/>
						<String ID="P279_ST00062" HPOS="281" VPOS="451" WIDTH="23" HEIGHT="27" CONTENT="la" WC="0.78" CC="40"/>
						<SP ID="P279_SP00055" HPOS="304" VPOS="479" WIDTH="21"/>
						<String ID="P279_ST00063" HPOS="325" VPOS="452" WIDTH="51" HEIGHT="26" CONTENT="cita" WC="0.73" CC="4600"/>
						<SP ID="P279_SP00056" HPOS="376" VPOS="479" WIDTH="21"/>
						<String ID="P279_ST00064" HPOS="397" VPOS="461" WIDTH="45" HEIGHT="26" CONTENT="per" WC="0.91" CC="002"/>
						<SP ID="P279_SP00057" HPOS="442" VPOS="487" WIDTH="22"/>
						<String ID="P279_ST00065" HPOS="464" VPOS="461" WIDTH="55" HEIGHT="17" CONTENT="non" WC="0.62" CC="308"/>
						<SP ID="P279_SP00058" HPOS="519" VPOS="487" WIDTH="21"/>
						<String ID="P279_ST00066" HPOS="540" VPOS="460" WIDTH="91" HEIGHT="27" CONTENT="potere" WC="1.00" CC="000000"/>
						<SP ID="P279_SP00059" HPOS="631" VPOS="487" WIDTH="21"/>
						<String ID="P279_ST00067" HPOS="652" VPOS="452" WIDTH="117" HEIGHT="26" CONTENT="satisfare" WC="0.63" CC="066407700"/>
						<SP ID="P279_SP00060" HPOS="769" VPOS="487" WIDTH="22"/>
						<String ID="P279_ST00068" HPOS="791" VPOS="461" WIDTH="13" HEIGHT="17" CONTENT="a" WC="1.00" CC="0"/>
						<SP ID="P279_SP00061" HPOS="804" VPOS="487" WIDTH="22"/>
						<String ID="P279_ST00069" HPOS="826" VPOS="453" WIDTH="39" HEIGHT="26" CONTENT="soi" WC="0.78" CC="024"/>
						<SP ID="P279_SP00062" HPOS="865" VPOS="487" WIDTH="22"/>
						<String ID="P279_ST00070" HPOS="887" VPOS="452" WIDTH="126" HEIGHT="26" CONTENT="creditori" WC="0.88" CC="700030000"/>
					</TextLine>
				</TextBlock>
				<TextBlock ID="P279_TB00004" HPOS="161" VPOS="499" WIDTH="954" HEIGHT="126" STYLEREFS="TXT_1 PAR_LEFT">
					<TextLine ID="P279_TL00009" HPOS="218" VPOS="499" WIDTH="897" HEIGHT="29">
						<String ID="P279_ST00071" HPOS="218" VPOS="501" WIDTH="40" HEIGHT="27" CONTENT="De" WC="0.83" CC="03"/>
						<SP ID="P279_SP00063" HPOS="258" VPOS="528" WIDTH="21"/>
						<String ID="P279_ST00072" HPOS="279" VPOS="500" WIDTH="24" HEIGHT="27" CONTENT="la" WC="0.85" CC="20"/>
						<SP ID="P279_SP00064" HPOS="303" VPOS="528" WIDTH="21"/>
						<String ID="P279_ST00073" HPOS="324" VPOS="499" WIDTH="90" HEIGHT="28" CONTENT="nobile" WC="0.77" CC="402340"/>
						<SP ID="P279_SP00065" HPOS="414" VPOS="528" WIDTH="21"/>
						<String ID="P279_ST00074" HPOS="435" VPOS="499" WIDTH="94" HEIGHT="28" CONTENT="cazada" WC="0.73" CC="600900"/>
						<SP ID="P279_SP00066" HPOS="529" VPOS="528" WIDTH="21"/>
						<String ID="P279_ST00075" HPOS="550" VPOS="499" WIDTH="32" HEIGHT="28" CONTENT="de" WC="1.00" CC="00"/>
						<SP ID="P279_SP00067" HPOS="582" VPOS="528" WIDTH="20"/>
						<String ID="P279_ST00076" HPOS="602" VPOS="500" WIDTH="27" HEIGHT="27" CONTENT="lo" WC="1.00" CC="00"/>
						<SP ID="P279_SP00068" HPOS="629" VPOS="528" WIDTH="21"/>
						<String ID="P279_ST00077" HPOS="650" VPOS="499" WIDTH="90" HEIGHT="28" CONTENT="nobile" WC="0.64" CC="662220"/>
						<SP ID="P279_SP00069" HPOS="740" VPOS="528" WIDTH="12"/>
						<String ID="P279_ST00078" HPOS="752" VPOS="501" WIDTH="138" HEIGHT="26" CONTENT="dominico" WC="0.66" CC="00077551"/>
						<SP ID="P279_SP00070" HPOS="890" VPOS="528" WIDTH="15"/>
						<String ID="P279_ST00079" HPOS="905" VPOS="501" WIDTH="66" HEIGHT="26" CONTENT="ricio" WC="0.67" CC="03335"/>
						<SP ID="P279_SP00071" HPOS="971" VPOS="528" WIDTH="14"/>
						<String ID="P279_ST00080" HPOS="985" VPOS="509" WIDTH="25" HEIGHT="18" CONTENT="et" WC="0.74" CC="31"/>
						<SP ID="P279_SP00072" HPOS="1010" VPOS="528" WIDTH="15"/>
						<String ID="P279_ST00081" HPOS="1025" VPOS="500" WIDTH="90" HEIGHT="27" CONTENT="andria" WC="0.64" CC="050429"/>
					</TextLine>
					<TextLine ID="P279_TL00010" HPOS="161" VPOS="549" WIDTH="954" HEIGHT="37">
						<String ID="P279_ST00082" HPOS="161" VPOS="551" WIDTH="65" HEIGHT="26" CONTENT="ricio" WC="0.61" CC="03824"/>
						<SP ID="P279_SP00073" HPOS="226" VPOS="577" WIDTH="22"/>
						<String ID="P279_ST00083" HPOS="248" VPOS="560" WIDTH="47" HEIGHT="17" CONTENT="suo" WC="0.84" CC="400"/>
						<SP ID="P279_SP00074" HPOS="295" VPOS="577" WIDTH="21"/>
						<String ID="P279_ST00084" HPOS="316" VPOS="549" WIDTH="92" HEIGHT="37" CONTENT="figiolo" WC="0.67" CC="3302532"/>
						<SP ID="P279_SP00075" HPOS="408" VPOS="586" WIDTH="22"/>
						<String ID="P279_ST00085" HPOS="430" VPOS="549" WIDTH="18" HEIGHT="28" CONTENT="li" WC="0.64" CC="07"/>
						<SP ID="P279_SP00076" HPOS="448" VPOS="586" WIDTH="21"/>
						<String ID="P279_ST00086" HPOS="469" VPOS="549" WIDTH="58" HEIGHT="28" CONTENT="loro" WC="0.69" CC="4043"/>
						<SP ID="P279_SP00077" HPOS="527" VPOS="586" WIDTH="22"/>
						<String ID="P279_ST00087" HPOS="549" VPOS="549" WIDTH="71" HEIGHT="28" CONTENT="eredi" WC="0.91" CC="01003"/>
						<SP ID="P279_SP00078" HPOS="620" VPOS="586" WIDTH="22"/>
						<String ID="P279_ST00088" HPOS="642" VPOS="559" WIDTH="68" HEIGHT="17" CONTENT="sono" WC="0.75" CC="0504"/>
						<SP ID="P279_SP00079" HPOS="710" VPOS="586" WIDTH="21"/>
						<String ID="P279_ST00089" HPOS="731" VPOS="550" WIDTH="27" HEIGHT="27" CONTENT="in" WC="0.52" CC="27"/>
						<SP ID="P279_SP00080" HPOS="758" VPOS="586" WIDTH="20"/>
						<String ID="P279_ST00090" HPOS="778" VPOS="557" WIDTH="72" HEIGHT="20" CONTENT="tanta" WC="0.73" CC="06700"/>
						<SP ID="P279_SP00081" HPOS="850" VPOS="586" WIDTH="20"/>
						<String ID="P279_ST00091" HPOS="870" VPOS="559" WIDTH="110" HEIGHT="27" CONTENT="povertà" WC="0.95" CC="0300000"/>
						<SP ID="P279_SP00082" HPOS="980" VPOS="586" WIDTH="20"/>
						<String ID="P279_ST00092" HPOS="1000" VPOS="549" WIDTH="49" HEIGHT="28" CONTENT="che" WC="0.66" CC="270"/>
						<SP ID="P279_SP00083" HPOS="1049" VPOS="586" WIDTH="12"/>
						<String ID="P279_ST00093" HPOS="1061" VPOS="560" WIDTH="54" HEIGHT="17" CONTENT="non" WC="0.81" CC="005"/>
					</TextLine>
					<TextLine ID="P279_TL00011" HPOS="162" VPOS="598" WIDTH="484" HEIGHT="27">
						<String ID="P279_ST00094" HPOS="162" VPOS="609" WIDTH="51" HEIGHT="16" CONTENT="ano" WC="0.64" CC="640"/>
						<SP ID="P279_SP00084" HPOS="213" VPOS="625" WIDTH="21"/>
						<String ID="P279_ST00095" HPOS="234" VPOS="599" WIDTH="31" HEIGHT="26" CONTENT="da" WC="1.00" CC="00"/>
						<SP ID="P279_SP00085" HPOS="265" VPOS="625" WIDTH="22"/>
						<String ID="P279_ST00096" HPOS="287" VPOS="599" WIDTH="117" HEIGHT="26" CONTENT="satisfare" WC="0.71" CC="020407065"/>
						<SP ID="P279_SP00086" HPOS="404" VPOS="625" WIDTH="21"/>
						<String ID="P279_ST00097" HPOS="425" VPOS="608" WIDTH="14" HEIGHT="17" CONTENT="a" WC="1.00" CC="0"/>
						<SP ID="P279_SP00087" HPOS="439" VPOS="625" WIDTH="21"/>
						<String ID="P279_ST00098" HPOS="460" VPOS="599" WIDTH="40" HEIGHT="26" CONTENT="soi" WC="0.99" CC="000"/>
						<SP ID="P279_SP00088" HPOS="500" VPOS="625" WIDTH="22"/>
						<String ID="P279_ST00099" HPOS="522" VPOS="598" WIDTH="124" HEIGHT="27" CONTENT="creditori" WC="0.69" CC="304054126"/>
					</TextLine>
				</TextBlock>
				<TextBlock ID="P279_TB00005" HPOS="161" VPOS="646" WIDTH="954" HEIGHT="135" STYLEREFS="TXT_1 PAR_LEFT">
					<TextLine ID="P279_TL00012" HPOS="218" VPOS="647" WIDTH="897" HEIGHT="36">
						<String ID="P279_ST00100" HPOS="218" VPOS="648" WIDTH="47" HEIGHT="27" CONTENT="DE" WC="0.98" CC="00"/>
						<SP ID="P279_SP00089" HPOS="265" VPOS="675" WIDTH="22"/>
						<String ID="P279_ST00101" HPOS="287" VPOS="648" WIDTH="22" HEIGHT="27" CONTENT="la" WC="0.40" CC="29"/>
						<SP ID="P279_SP00090" HPOS="309" VPOS="675" WIDTH="22"/>
						<String ID="P279_ST00102" HPOS="331" VPOS="647" WIDTH="92" HEIGHT="28" CONTENT="cazada" WC="0.64" CC="660007"/>
						<SP ID="P279_SP00091" HPOS="423" VPOS="675" WIDTH="22"/>
						<String ID="P279_ST00103" HPOS="445" VPOS="647" WIDTH="31" HEIGHT="28" CONTENT="de" WC="0.95" CC="00"/>
						<SP ID="P279_SP00092" HPOS="476" VPOS="675" WIDTH="13"/>
						<String ID="P279_ST00104" HPOS="489" VPOS="648" WIDTH="25" HEIGHT="26" CONTENT="lo" WC="1.00" CC="00"/>
						<SP ID="P279_SP00093" HPOS="514" VPOS="675" WIDTH="16"/>
						<String ID="P279_ST00105" HPOS="530" VPOS="647" WIDTH="88" HEIGHT="28" CONTENT="nobile" WC="0.68" CC="503352"/>
						<SP ID="P279_SP00094" HPOS="618" VPOS="675" WIDTH="17"/>
						<String ID="P279_ST00106" HPOS="635" VPOS="647" WIDTH="148" HEIGHT="27" CONTENT="franscesco" WC="0.72" CC="0706030054"/>
						<SP ID="P279_SP00095" HPOS="783" VPOS="675" WIDTH="14"/>
						<String ID="P279_ST00107" HPOS="797" VPOS="648" WIDTH="136" HEIGHT="27" CONTENT="richermo" WC="0.87" CC="10350000"/>
						<SP ID="P279_SP00096" HPOS="933" VPOS="675" WIDTH="14"/>
						<String ID="P279_ST00108" HPOS="947" VPOS="648" WIDTH="48" HEIGHT="27" CONTENT="che" WC="0.75" CC="330"/>
						<SP ID="P279_SP00097" HPOS="995" VPOS="675" WIDTH="15"/>
						<String ID="P279_ST00109" HPOS="1010" VPOS="657" WIDTH="105" HEIGHT="26" CONTENT="semper" WC="0.91" CC="400000"/>
					</TextLine>
					<TextLine ID="P279_TL00013" HPOS="162" VPOS="696" WIDTH="953" HEIGHT="28">
						<String ID="P279_ST00110" HPOS="162" VPOS="696" WIDTH="36" HEIGHT="28" CONTENT="lui" WC="0.70" CC="520"/>
						<SP ID="P279_SP00098" HPOS="198" VPOS="724" WIDTH="21"/>
						<String ID="P279_ST00111" HPOS="219" VPOS="706" WIDTH="13" HEIGHT="17" CONTENT="e" WC="1.00" CC="0"/>
						<SP ID="P279_SP00099" HPOS="232" VPOS="724" WIDTH="21"/>
						<String ID="P279_ST00112" HPOS="253" VPOS="697" WIDTH="23" HEIGHT="27" CONTENT="la" WC="0.77" CC="40"/>
						<SP ID="P279_SP00100" HPOS="276" VPOS="724" WIDTH="22"/>
						<String ID="P279_ST00113" HPOS="298" VPOS="706" WIDTH="45" HEIGHT="17" CONTENT="sua" WC="1.00" CC="000"/>
						<SP ID="P279_SP00101" HPOS="343" VPOS="724" WIDTH="21"/>
						<String ID="P279_ST00114" HPOS="364" VPOS="705" WIDTH="118" HEIGHT="18" CONTENT="masnata" WC="0.79" CC="0500035"/>
						<SP ID="P279_SP00102" HPOS="482" VPOS="724" WIDTH="22"/>
						<String ID="P279_ST00115" HPOS="504" VPOS="706" WIDTH="68" HEIGHT="17" CONTENT="sono" WC="1.00" CC="0000"/>
						<SP ID="P279_SP00103" HPOS="572" VPOS="724" WIDTH="21"/>
						<String ID="P279_ST00116" HPOS="593" VPOS="697" WIDTH="80" HEIGHT="26" CONTENT="visuti" WC="0.83" CC="050300"/>
						<SP ID="P279_SP00104" HPOS="673" VPOS="724" WIDTH="21"/>
						<String ID="P279_ST00117" HPOS="694" VPOS="696" WIDTH="128" HEIGHT="27" CONTENT="honorata" WC="0.60" CC="04806046"/>
						<SP ID="P279_SP00105" HPOS="822" VPOS="724" WIDTH="16"/>
						<String ID="P279_ST00118" HPOS="838" VPOS="698" WIDTH="84" HEIGHT="25" CONTENT="menti" WC="0.67" CC="06404"/>
						<SP ID="P279_SP00106" HPOS="922" VPOS="724" WIDTH="14"/>
						<String ID="P279_ST00119" HPOS="936" VPOS="696" WIDTH="60" HEIGHT="27" CONTENT="dico" WC="0.78" CC="0440"/>
						<SP ID="P279_SP00107" HPOS="996" VPOS="724" WIDTH="14"/>
						<String ID="P279_ST00120" HPOS="1010" VPOS="696" WIDTH="49" HEIGHT="28" CONTENT="che" WC="0.75" CC="241"/>
						<SP ID="P279_SP00108" HPOS="1059" VPOS="724" WIDTH="15"/>
						<String ID="P279_ST00121" HPOS="1074" VPOS="696" WIDTH="41" HEIGHT="27" CONTENT="alo" WC="0.45" CC="609"/>
					</TextLine>
					<TextLine ID="P279_TL00014" HPOS="161" VPOS="744" WIDTH="529" HEIGHT="37">
						<String ID="P279_ST00122" HPOS="161" VPOS="753" WIDTH="123" HEIGHT="28" CONTENT="prezente" WC="0.82" CC="00051700"/>
						<SP ID="P279_SP00109" HPOS="284" VPOS="781" WIDTH="21"/>
						<String ID="P279_ST00123" HPOS="305" VPOS="755" WIDTH="54" HEIGHT="17" CONTENT="non" WC="0.52" CC="608"/>
						<SP ID="P279_SP00110" HPOS="359" VPOS="781" WIDTH="21"/>
						<String ID="P279_ST00124" HPOS="380" VPOS="755" WIDTH="32" HEIGHT="26" CONTENT="gè" WC="0.93" CC="10"/>
						<SP ID="P279_SP00111" HPOS="412" VPOS="781" WIDTH="21"/>
						<String ID="P279_ST00125" HPOS="433" VPOS="755" WIDTH="32" HEIGHT="17" CONTENT="ne" WC="0.58" CC="80"/>
						<SP ID="P279_SP00112" HPOS="465" VPOS="781" WIDTH="22"/>
						<String ID="P279_ST00126" HPOS="487" VPOS="754" WIDTH="65" HEIGHT="18" CONTENT="orno" WC="0.50" CC="4880"/>
						<SP ID="P279_SP00113" HPOS="552" VPOS="781" WIDTH="21"/>
						<String ID="P279_ST00127" HPOS="573" VPOS="755" WIDTH="33" HEIGHT="17" CONTENT="ne" WC="0.83" CC="30"/>
						<SP ID="P279_SP00114" HPOS="606" VPOS="781" WIDTH="20"/>
						<String ID="P279_ST00128" HPOS="626" VPOS="744" WIDTH="64" HEIGHT="28" CONTENT="roba" WC="0.96" CC="0001"/>
					</TextLine>
				</TextBlock>
				<TextBlock ID="P279_TB00006" HPOS="162" VPOS="793" WIDTH="953" HEIGHT="134" STYLEREFS="TXT_1 PAR_LEFT">
					<TextLine ID="P279_TL00015" HPOS="220" VPOS="793" WIDTH="895" HEIGHT="38">
						<String ID="P279_ST00129" HPOS="220" VPOS="794" WIDTH="45" HEIGHT="27" CONTENT="DE" WC="0.57" CC="26"/>
						<SP ID="P279_SP00115" HPOS="265" VPOS="821" WIDTH="22"/>
						<String ID="P279_ST00130" HPOS="287" VPOS="794" WIDTH="22" HEIGHT="27" CONTENT="la" WC="0.71" CC="50"/>
						<SP ID="P279_SP00116" HPOS="309" VPOS="821" WIDTH="22"/>
						<String ID="P279_ST00131" HPOS="331" VPOS="793" WIDTH="92" HEIGHT="28" CONTENT="cazada" WC="0.66" CC="505009"/>
						<SP ID="P279_SP00117" HPOS="423" VPOS="821" WIDTH="24"/>
						<String ID="P279_ST00132" HPOS="447" VPOS="794" WIDTH="31" HEIGHT="27" CONTENT="de" WC="1.00" CC="00"/>
						<SP ID="P279_SP00118" HPOS="478" VPOS="821" WIDTH="22"/>
						<String ID="P279_ST00133" HPOS="500" VPOS="794" WIDTH="112" HEIGHT="27" CONTENT="domino" WC="0.70" CC="050182"/>
						<SP ID="P279_SP00119" HPOS="612" VPOS="821" WIDTH="22"/>
						<String ID="P279_ST00134" HPOS="634" VPOS="802" WIDTH="74" HEIGHT="29" CONTENT="petro" WC="0.71" CC="03351"/>
						<SP ID="P279_SP00120" HPOS="708" VPOS="831" WIDTH="22"/>
						<String ID="P279_ST00135" HPOS="730" VPOS="794" WIDTH="89" HEIGHT="27" CONTENT="andria" WC="0.76" CC="060440"/>
						<SP ID="P279_SP00121" HPOS="819" VPOS="831" WIDTH="21"/>
						<String ID="P279_ST00136" HPOS="840" VPOS="803" WIDTH="14" HEIGHT="18" CONTENT="e" WC="0.54" CC="4"/>
						<SP ID="P279_SP00122" HPOS="854" VPOS="831" WIDTH="20"/>
						<String ID="P279_ST00137" HPOS="874" VPOS="793" WIDTH="91" HEIGHT="27" CONTENT="nicolo" WC="0.64" CC="647002"/>
						<SP ID="P279_SP00123" HPOS="965" VPOS="831" WIDTH="20"/>
						<String ID="P279_ST00138" HPOS="985" VPOS="793" WIDTH="31" HEIGHT="27" CONTENT="de" WC="1.00" CC="00"/>
						<SP ID="P279_SP00124" HPOS="1016" VPOS="831" WIDTH="15"/>
						<String ID="P279_ST00139" HPOS="1031" VPOS="793" WIDTH="17" HEIGHT="27" CONTENT="li" WC="0.71" CC="50"/>
						<SP ID="P279_SP00125" HPOS="1048" VPOS="831" WIDTH="23"/>
						<String ID="P279_ST00140" HPOS="1071" VPOS="793" WIDTH="44" HEIGHT="28" CONTENT="fer" SUBS_TYPE="HypPart1" SUBS_CONTENT="ferrari" WC="0.83" CC="0402"/>
						<HYP CONTENT="-"/>
					</TextLine>
					<TextLine ID="P279_TL00016" HPOS="162" VPOS="843" WIDTH="953" HEIGHT="37">
						<String ID="P279_ST00141" HPOS="162" VPOS="844" WIDTH="51" HEIGHT="26" CONTENT="rari" SUBS_TYPE="HypPart2" SUBS_CONTENT="ferrari" WC="0.56" CC="3903"/>
						<SP ID="P279_SP00126" HPOS="213" VPOS="870" WIDTH="19"/>
						<String ID="P279_ST00142" HPOS="232" VPOS="843" WIDTH="49" HEIGHT="27" CONTENT="che" WC="0.87" CC="030"/>
						<SP ID="P279_SP00127" HPOS="281" VPOS="870" WIDTH="21"/>
						<String ID="P279_ST00143" HPOS="302" VPOS="843" WIDTH="73" HEIGHT="37" CONTENT="larga" WC="0.59" CC="49600"/>
						<SP ID="P279_SP00128" HPOS="375" VPOS="880" WIDTH="19"/>
						<String ID="P279_ST00144" HPOS="394" VPOS="844" WIDTH="86" HEIGHT="26" CONTENT="menti" WC="0.87" CC="01004"/>
						<SP ID="P279_SP00129" HPOS="480" VPOS="880" WIDTH="20"/>
						<String ID="P279_ST00145" HPOS="500" VPOS="844" WIDTH="131" HEIGHT="26" CONTENT="vivevano" WC="0.91" CC="06000000"/>
						<SP ID="P279_SP00130" HPOS="631" VPOS="880" WIDTH="22"/>
						<String ID="P279_ST00146" HPOS="653" VPOS="843" WIDTH="31" HEIGHT="27" CONTENT="de" WC="0.86" CC="02"/>
						<SP ID="P279_SP00131" HPOS="684" VPOS="880" WIDTH="21"/>
						<String ID="P279_ST00147" HPOS="705" VPOS="843" WIDTH="24" HEIGHT="27" CONTENT="le" WC="1.00" CC="00"/>
						<SP ID="P279_SP00132" HPOS="729" VPOS="880" WIDTH="22"/>
						<String ID="P279_ST00148" HPOS="751" VPOS="853" WIDTH="44" HEIGHT="17" CONTENT="sue" WC="0.75" CC="070"/>
						<SP ID="P279_SP00133" HPOS="795" VPOS="880" WIDTH="22"/>
						<String ID="P279_ST00149" HPOS="817" VPOS="843" WIDTH="99" HEIGHT="27" CONTENT="intrade" WC="0.66" CC="4800900"/>
						<SP ID="P279_SP00134" HPOS="916" VPOS="880" WIDTH="27"/>
						<String ID="P279_ST00150" HPOS="943" VPOS="843" WIDTH="23" HEIGHT="26" CONTENT="al" WC="0.97" CC="00"/>
						<SP ID="P279_SP00135" HPOS="966" VPOS="880" WIDTH="29"/>
						<String ID="P279_ST00151" HPOS="995" VPOS="850" WIDTH="120" HEIGHT="30" CONTENT="prezente" WC="0.85" CC="00060500"/>
					</TextLine>
					<TextLine ID="P279_TL00017" HPOS="163" VPOS="891" WIDTH="388" HEIGHT="36">
						<String ID="P279_ST00152" HPOS="163" VPOS="902" WIDTH="54" HEIGHT="17" CONTENT="non" WC="0.57" CC="714"/>
						<SP ID="P279_SP00136" HPOS="217" VPOS="919" WIDTH="21"/>
						<String ID="P279_ST00153" HPOS="238" VPOS="903" WIDTH="31" HEIGHT="24" CONTENT="gè" WC="0.42" CC="55"/>
						<SP ID="P279_SP00137" HPOS="269" VPOS="927" WIDTH="21"/>
						<String ID="P279_ST00154" HPOS="290" VPOS="902" WIDTH="33" HEIGHT="17" CONTENT="ne" WC="0.73" CC="50"/>
						<SP ID="P279_SP00138" HPOS="323" VPOS="927" WIDTH="21"/>
						<String ID="P279_ST00155" HPOS="344" VPOS="902" WIDTH="65" HEIGHT="17" CONTENT="orno" WC="0.60" CC="0880"/>
						<SP ID="P279_SP00139" HPOS="409" VPOS="927" WIDTH="22"/>
						<String ID="P279_ST00156" HPOS="431" VPOS="903" WIDTH="33" HEIGHT="16" CONTENT="ne" WC="1.00" CC="00"/>
						<SP ID="P279_SP00140" HPOS="464" VPOS="927" WIDTH="22"/>
						<String ID="P279_ST00157" HPOS="486" VPOS="891" WIDTH="65" HEIGHT="28" CONTENT="roba" WC="0.88" CC="0040"/>
					</TextLine>
				</TextBlock>
				<TextBlock ID="P279_TB00007" HPOS="163" VPOS="939" WIDTH="953" HEIGHT="135" STYLEREFS="TXT_1 PAR_LEFT">
					<TextLine ID="P279_TL00018" HPOS="219" VPOS="941" WIDTH="896" HEIGHT="36">
						<String ID="P279_ST00158" HPOS="219" VPOS="941" WIDTH="46" HEIGHT="27" CONTENT="DE" WC="0.67" CC="06"/>
						<SP ID="P279_SP00141" HPOS="265" VPOS="968" WIDTH="22"/>
						<String ID="P279_ST00159" HPOS="287" VPOS="941" WIDTH="23" HEIGHT="27" CONTENT="la" WC="0.86" CC="20"/>
						<SP ID="P279_SP00142" HPOS="310" VPOS="968" WIDTH="21"/>
						<String ID="P279_ST00160" HPOS="331" VPOS="941" WIDTH="94" HEIGHT="27" CONTENT="cazada" WC="0.62" CC="705900"/>
						<SP ID="P279_SP00143" HPOS="425" VPOS="968" WIDTH="21"/>
						<String ID="P279_ST00161" HPOS="446" VPOS="941" WIDTH="41" HEIGHT="28" CONTENT="del" WC="1.00" CC="000"/>
						<SP ID="P279_SP00144" HPOS="487" VPOS="969" WIDTH="22"/>
						<String ID="P279_ST00162" HPOS="509" VPOS="941" WIDTH="89" HEIGHT="27" CONTENT="nobile" WC="0.83" CC="402210"/>
						<SP ID="P279_SP00145" HPOS="598" VPOS="969" WIDTH="22"/>
						<String ID="P279_ST00163" HPOS="620" VPOS="942" WIDTH="77" HEIGHT="33" CONTENT="joane" WC="0.90" CC="05000"/>
						<SP ID="P279_SP00146" HPOS="697" VPOS="975" WIDTH="21"/>
						<String ID="P279_ST00164" HPOS="718" VPOS="942" WIDTH="82" HEIGHT="26" CONTENT="maria" WC="0.60" CC="30079"/>
						<SP ID="P279_SP00147" HPOS="800" VPOS="975" WIDTH="11"/>
						<String ID="P279_ST00165" HPOS="811" VPOS="952" WIDTH="114" HEIGHT="17" CONTENT="sansone" WC="0.75" CC="0072411"/>
						<SP ID="P279_SP00148" HPOS="925" VPOS="975" WIDTH="26"/>
						<String ID="P279_ST00166" HPOS="951" VPOS="941" WIDTH="22" HEIGHT="28" CONTENT="al" WC="0.18" CC="96"/>
						<SP ID="P279_SP00149" HPOS="973" VPOS="975" WIDTH="21"/>
						<String ID="P279_ST00167" HPOS="994" VPOS="949" WIDTH="121" HEIGHT="28" CONTENT="prezente" WC="0.85" CC="00020800"/>
					</TextLine>
					<TextLine ID="P279_TL00019" HPOS="163" VPOS="989" WIDTH="953" HEIGHT="38">
						<String ID="P279_ST00168" HPOS="163" VPOS="999" WIDTH="53" HEIGHT="18" CONTENT="non" WC="0.74" CC="501"/>
						<SP ID="P279_SP00150" HPOS="216" VPOS="1017" WIDTH="21"/>
						<String ID="P279_ST00169" HPOS="237" VPOS="991" WIDTH="22" HEIGHT="26" CONTENT="si" WC="0.80" CC="40"/>
						<SP ID="P279_SP00151" HPOS="259" VPOS="1017" WIDTH="21"/>
						<String ID="P279_ST00170" HPOS="280" VPOS="997" WIDTH="75" HEIGHT="21" CONTENT="trova" WC="0.47" CC="55590"/>
						<SP ID="P279_SP00152" HPOS="355" VPOS="1018" WIDTH="20"/>
						<String ID="P279_ST00171" HPOS="375" VPOS="997" WIDTH="72" HEIGHT="20" CONTENT="tanta" WC="0.47" CC="46536"/>
						<SP ID="P279_SP00153" HPOS="447" VPOS="1018" WIDTH="21"/>
						<String ID="P279_ST00172" HPOS="468" VPOS="989" WIDTH="95" HEIGHT="28" CONTENT="faculta" WC="0.70" CC="1024550"/>
						<SP ID="P279_SP00154" HPOS="563" VPOS="1018" WIDTH="20"/>
						<String ID="P279_ST00173" HPOS="583" VPOS="990" WIDTH="30" HEIGHT="27" CONTENT="de" WC="1.00" CC="00"/>
						<SP ID="P279_SP00155" HPOS="613" VPOS="1018" WIDTH="21"/>
						<String ID="P279_ST00174" HPOS="634" VPOS="997" WIDTH="91" HEIGHT="30" CONTENT="potere" WC="0.82" CC="026010"/>
						<SP ID="P279_SP00156" HPOS="725" VPOS="1027" WIDTH="22"/>
						<String ID="P279_ST00175" HPOS="747" VPOS="999" WIDTH="147" HEIGHT="19" CONTENT="mantenne" WC="0.66" CC="09640410"/>
						<SP ID="P279_SP00157" HPOS="894" VPOS="1027" WIDTH="32"/>
						<String ID="P279_ST00176" HPOS="926" VPOS="1001" WIDTH="51" HEIGHT="17" CONTENT="una" WC="0.77" CC="050"/>
						<SP ID="P279_SP00158" HPOS="977" VPOS="1027" WIDTH="30"/>
						<String ID="P279_ST00177" HPOS="1007" VPOS="1001" WIDTH="47" HEIGHT="17" CONTENT="sua" WC="0.97" CC="000"/>
						<SP ID="P279_SP00159" HPOS="1054" VPOS="1027" WIDTH="33"/>
						<String ID="P279_ST00178" HPOS="1087" VPOS="990" WIDTH="29" HEIGHT="27" CONTENT="fi" SUBS_TYPE="HypPart1" SUBS_CONTENT="figioia" WC="0.75" CC="114"/>
						<HYP CONTENT="-"/>
					</TextLine>
					<TextLine ID="P279_TL00020" HPOS="163" VPOS="1039" WIDTH="190" HEIGHT="35">
						<String ID="P279_ST00179" HPOS="163" VPOS="1039" WIDTH="71" HEIGHT="35" CONTENT="gioia" SUBS_TYPE="HypPart2" SUBS_CONTENT="figioia" WC="0.90" CC="03000"/>
						<SP ID="P279_SP00160" HPOS="234" VPOS="1074" WIDTH="22"/>
						<String ID="P279_ST00180" HPOS="256" VPOS="1041" WIDTH="97" HEIGHT="26" CONTENT="remisa" WC="0.84" CC="000350"/>
					</TextLine>
				</TextBlock>
				<TextBlock ID="P279_TB00008" HPOS="165" VPOS="1114" WIDTH="950" HEIGHT="77" STYLEREFS="TXT_1 PAR_LEFT">
					<TextLine ID="P279_TL00021" HPOS="165" VPOS="1114" WIDTH="950" HEIGHT="34">
						<String ID="P279_ST00181" HPOS="165" VPOS="1115" WIDTH="67" HEIGHT="33" CONTENT="QUI" WC="0.64" CC="603"/>
						<SP ID="P279_SP00161" HPOS="232" VPOS="1148" WIDTH="22"/>
						<String ID="P279_ST00182" HPOS="254" VPOS="1116" WIDTH="25" HEIGHT="25" CONTENT="in" WC="0.66" CC="06"/>
						<SP ID="P279_SP00162" HPOS="279" VPOS="1148" WIDTH="20"/>
						<String ID="P279_ST00183" HPOS="299" VPOS="1116" WIDTH="75" HEIGHT="26" CONTENT="nansi" WC="0.44" CC="76608"/>
						<SP ID="P279_SP00163" HPOS="374" VPOS="1148" WIDTH="22"/>
						<String ID="P279_ST00184" HPOS="396" VPOS="1116" WIDTH="45" HEIGHT="26" CONTENT="noi" WC="0.82" CC="005"/>
						<SP ID="P279_SP00164" HPOS="441" VPOS="1148" WIDTH="22"/>
						<String ID="P279_ST00185" HPOS="463" VPOS="1124" WIDTH="95" HEIGHT="18" CONTENT="avemo" WC="0.90" CC="00400"/>
						<SP ID="P279_SP00165" HPOS="558" VPOS="1148" WIDTH="21"/>
						<String ID="P279_ST00186" HPOS="579" VPOS="1122" WIDTH="68" HEIGHT="20" CONTENT="trato" WC="0.88" CC="05000"/>
						<SP ID="P279_SP00166" HPOS="647" VPOS="1148" WIDTH="22"/>
						<String ID="P279_ST00187" HPOS="669" VPOS="1125" WIDTH="61" HEIGHT="17" CONTENT="cose" WC="0.60" CC="3650"/>
						<SP ID="P279_SP00167" HPOS="730" VPOS="1148" WIDTH="21"/>
						<String ID="P279_ST00188" HPOS="751" VPOS="1117" WIDTH="53" HEIGHT="25" CONTENT="asai" WC="0.71" CC="4060"/>
						<SP ID="P279_SP00168" HPOS="804" VPOS="1148" WIDTH="20"/>
						<String ID="P279_ST00189" HPOS="824" VPOS="1114" WIDTH="32" HEIGHT="28" CONTENT="de" WC="0.67" CC="60"/>
						<SP ID="P279_SP00169" HPOS="856" VPOS="1148" WIDTH="21"/>
						<String ID="P279_ST00190" HPOS="877" VPOS="1115" WIDTH="23" HEIGHT="27" CONTENT="la" WC="0.77" CC="40"/>
						<SP ID="P279_SP00170" HPOS="900" VPOS="1148" WIDTH="28"/>
						<String ID="P279_ST00191" HPOS="928" VPOS="1117" WIDTH="52" HEIGHT="25" CONTENT="cita" WC="0.86" CC="4100"/>
						<SP ID="P279_SP00171" HPOS="980" VPOS="1148" WIDTH="21"/>
						<String ID="P279_ST00192" HPOS="1001" VPOS="1125" WIDTH="13" HEIGHT="17" CONTENT="e" WC="1.00" CC="0"/>
						<SP ID="P279_SP00172" HPOS="1014" VPOS="1148" WIDTH="25"/>
						<String ID="P279_ST00193" HPOS="1039" VPOS="1115" WIDTH="32" HEIGHT="28" CONTENT="de" WC="0.80" CC="03"/>
						<SP ID="P279_SP00173" HPOS="1071" VPOS="1148" WIDTH="28"/>
						<String ID="P279_ST00194" HPOS="1099" VPOS="1116" WIDTH="16" HEIGHT="27" CONTENT="li" WC="0.80" CC="03"/>
					</TextLine>
					<TextLine ID="P279_TL00022" HPOS="219" VPOS="1163" WIDTH="548" HEIGHT="28">
						<String ID="P279_ST00195" HPOS="219" VPOS="1163" WIDTH="107" HEIGHT="28" CONTENT="citadini" WC="0.60" CC="74400473"/>
						<SP ID="P279_SP00174" HPOS="326" VPOS="1191" WIDTH="21"/>
						<String ID="P279_ST00196" HPOS="347" VPOS="1163" WIDTH="32" HEIGHT="28" CONTENT="de" WC="0.51" CC="90"/>
						<SP ID="P279_SP00175" HPOS="379" VPOS="1191" WIDTH="20"/>
						<String ID="P279_ST00197" HPOS="399" VPOS="1163" WIDTH="25" HEIGHT="28" CONTENT="la" WC="0.95" CC="00"/>
						<SP ID="P279_SP00176" HPOS="424" VPOS="1191" WIDTH="20"/>
						<String ID="P279_ST00198" HPOS="444" VPOS="1173" WIDTH="90" HEIGHT="18" CONTENT="nostra" WC="0.69" CC="140660"/>
						<SP ID="P279_SP00177" HPOS="534" VPOS="1191" WIDTH="21"/>
						<String ID="P279_ST00199" HPOS="555" VPOS="1166" WIDTH="51" HEIGHT="25" CONTENT="cita" WC="0.59" CC="7440"/>
						<SP ID="P279_SP00178" HPOS="606" VPOS="1191" WIDTH="22"/>
						<String ID="P279_ST00200" HPOS="628" VPOS="1163" WIDTH="31" HEIGHT="28" CONTENT="de" WC="0.70" CC="05"/>
						<SP ID="P279_SP00179" HPOS="659" VPOS="1191" WIDTH="21"/>
						<String ID="P279_ST00201" HPOS="680" VPOS="1165" WIDTH="87" HEIGHT="26" CONTENT="Saona" WC="0.88" CC="00005"/>
					</TextLine>
				</TextBlock>
				<TextBlock ID="P279_TB00009" HPOS="163" VPOS="1234" WIDTH="953" HEIGHT="531" STYLEREFS="TXT_1 PAR_LEFT">
					<TextLine ID="P279_TL00023" HPOS="221" VPOS="1234" WIDTH="894" HEIGHT="38">
						<String ID="P279_ST00202" HPOS="221" VPOS="1236" WIDTH="54" HEIGHT="26" CONTENT="Aso" WC="0.45" CC="635"/>
						<SP ID="P279_SP00180" HPOS="275" VPOS="1262" WIDTH="22"/>
						<String ID="P279_ST00203" HPOS="297" VPOS="1234" WIDTH="47" HEIGHT="29" CONTENT="che" WC="1.00" CC="000"/>
						<SP ID="P279_SP00181" HPOS="344" VPOS="1263" WIDTH="20"/>
						<String ID="P279_ST00204" HPOS="364" VPOS="1235" WIDTH="72" HEIGHT="37" CONTENT="queli" WC="1.00" CC="00000"/>
						<SP ID="P279_SP00182" HPOS="436" VPOS="1272" WIDTH="20"/>
						<String ID="P279_ST00205" HPOS="456" VPOS="1236" WIDTH="42" HEIGHT="26" CONTENT="chi" WC="0.61" CC="225"/>
						<SP ID="P279_SP00183" HPOS="498" VPOS="1272" WIDTH="21"/>
						<String ID="P279_ST00206" HPOS="519" VPOS="1234" WIDTH="120" HEIGHT="29" CONTENT="lezerano" WC="0.82" CC="02001604"/>
						<SP ID="P279_SP00184" HPOS="639" VPOS="1272" WIDTH="22"/>
						<String ID="P279_ST00207" HPOS="661" VPOS="1245" WIDTH="13" HEIGHT="18" CONTENT="e" WC="1.00" CC="0"/>
						<SP ID="P279_SP00185" HPOS="674" VPOS="1272" WIDTH="21"/>
						<String ID="P279_ST00208" HPOS="695" VPOS="1235" WIDTH="134" HEIGHT="29" CONTENT="vederano" WC="0.83" CC="03005022"/>
						<SP ID="P279_SP00186" HPOS="829" VPOS="1272" WIDTH="21"/>
						<String ID="P279_ST00209" HPOS="850" VPOS="1237" WIDTH="28" HEIGHT="26" CONTENT="in" WC="0.47" CC="54"/>
						<SP ID="P279_SP00187" HPOS="878" VPOS="1272" WIDTH="20"/>
						<String ID="P279_ST00210" HPOS="898" VPOS="1236" WIDTH="48" HEIGHT="27" CONTENT="che" WC="0.64" CC="550"/>
						<SP ID="P279_SP00188" HPOS="946" VPOS="1272" WIDTH="32"/>
						<String ID="P279_ST00211" HPOS="978" VPOS="1237" WIDTH="103" HEIGHT="28" CONTENT="honore" WC="0.72" CC="700900"/>
						<SP ID="P279_SP00189" HPOS="1081" VPOS="1272" WIDTH="21"/>
						<String ID="P279_ST00212" HPOS="1102" VPOS="1248" WIDTH="13" HEIGHT="17" CONTENT="e" WC="1.00" CC="0"/>
					</TextLine>
					<TextLine ID="P279_TL00024" HPOS="163" VPOS="1284" WIDTH="952" HEIGHT="38">
						<String ID="P279_ST00213" HPOS="163" VPOS="1285" WIDTH="81" HEIGHT="37" CONTENT="gloria" WC="0.79" CC="020009"/>
						<SP ID="P279_SP00190" HPOS="244" VPOS="1322" WIDTH="24"/>
						<String ID="P279_ST00214" HPOS="268" VPOS="1295" WIDTH="13" HEIGHT="16" CONTENT="e" WC="0.70" CC="2"/>
						<SP ID="P279_SP00191" HPOS="281" VPOS="1322" WIDTH="22"/>
						<String ID="P279_ST00215" HPOS="303" VPOS="1284" WIDTH="101" HEIGHT="27" CONTENT="richese" WC="0.73" CC="0756000"/>
						<SP ID="P279_SP00192" HPOS="404" VPOS="1322" WIDTH="21"/>
						<String ID="P279_ST00216" HPOS="425" VPOS="1295" WIDTH="13" HEIGHT="16" CONTENT="e" WC="0.78" CC="2"/>
						<SP ID="P279_SP00193" HPOS="438" VPOS="1322" WIDTH="22"/>
						<String ID="P279_ST00217" HPOS="460" VPOS="1293" WIDTH="68" HEIGHT="19" CONTENT="stato" WC="0.98" CC="01000"/>
						<SP ID="P279_SP00194" HPOS="528" VPOS="1322" WIDTH="21"/>
						<String ID="P279_ST00218" HPOS="549" VPOS="1284" WIDTH="24" HEIGHT="27" CONTENT="la" WC="1.00" CC="00"/>
						<SP ID="P279_SP00195" HPOS="573" VPOS="1322" WIDTH="20"/>
						<String ID="P279_ST00219" HPOS="593" VPOS="1293" WIDTH="89" HEIGHT="19" CONTENT="nostra" WC="0.72" CC="800016"/>
						<SP ID="P279_SP00196" HPOS="682" VPOS="1322" WIDTH="22"/>
						<String ID="P279_ST00220" HPOS="704" VPOS="1286" WIDTH="51" HEIGHT="26" CONTENT="cita" WC="0.83" CC="6000"/>
						<SP ID="P279_SP00197" HPOS="755" VPOS="1322" WIDTH="21"/>
						<String ID="P279_ST00221" HPOS="776" VPOS="1284" WIDTH="32" HEIGHT="28" CONTENT="de" WC="0.71" CC="50"/>
						<SP ID="P279_SP00198" HPOS="808" VPOS="1322" WIDTH="31"/>
						<String ID="P279_ST00222" HPOS="839" VPOS="1286" WIDTH="87" HEIGHT="27" CONTENT="Saona" WC="0.71" CC="00077"/>
						<SP ID="P279_SP00199" HPOS="926" VPOS="1322" WIDTH="21"/>
						<String ID="P279_ST00223" HPOS="947" VPOS="1296" WIDTH="13" HEIGHT="16" CONTENT="e" WC="1.00" CC="0"/>
						<SP ID="P279_SP00200" HPOS="960" VPOS="1322" WIDTH="30"/>
						<String ID="P279_ST00224" HPOS="990" VPOS="1287" WIDTH="46" HEIGHT="35" CONTENT="poi" WC="0.85" CC="040"/>
						<SP ID="P279_SP00201" HPOS="1036" VPOS="1322" WIDTH="30"/>
						<String ID="P279_ST00225" HPOS="1066" VPOS="1287" WIDTH="49" HEIGHT="28" CONTENT="che" WC="0.63" CC="640"/>
					</TextLine>
					<TextLine ID="P279_TL00025" HPOS="164" VPOS="1333" WIDTH="952" HEIGHT="39">
						<String ID="P279_ST00226" HPOS="164" VPOS="1333" WIDTH="101" HEIGHT="33" CONTENT="facianp" WC="0.19" CC="9965987"/>
						<SP ID="P279_SP00202" HPOS="265" VPOS="1366" WIDTH="22"/>
						<String ID="P279_ST00227" HPOS="287" VPOS="1334" WIDTH="205" HEIGHT="36" CONTENT="comparacione" WC="0.76" CC="650060043020"/>
						<SP ID="P279_SP00203" HPOS="492" VPOS="1370" WIDTH="21"/>
						<String ID="P279_ST00228" HPOS="513" VPOS="1333" WIDTH="32" HEIGHT="28" CONTENT="de" WC="0.60" CC="70"/>
						<SP ID="P279_SP00204" HPOS="545" VPOS="1370" WIDTH="22"/>
						<String ID="P279_ST00229" HPOS="567" VPOS="1334" WIDTH="23" HEIGHT="27" CONTENT="le" WC="0.82" CC="03"/>
						<SP ID="P279_SP00205" HPOS="590" VPOS="1370" WIDTH="21"/>
						<String ID="P279_ST00230" HPOS="611" VPOS="1333" WIDTH="129" HEIGHT="38" CONTENT="grandese" WC="0.84" CC="00050032"/>
						<SP ID="P279_SP00206" HPOS="740" VPOS="1371" WIDTH="22"/>
						<String ID="P279_ST00231" HPOS="762" VPOS="1344" WIDTH="13" HEIGHT="17" CONTENT="e" WC="0.72" CC="2"/>
						<SP ID="P279_SP00207" HPOS="775" VPOS="1371" WIDTH="29"/>
						<String ID="P279_ST00232" HPOS="804" VPOS="1334" WIDTH="102" HEIGHT="27" CONTENT="richese" WC="0.77" CC="0025007"/>
						<SP ID="P279_SP00208" HPOS="906" VPOS="1371" WIDTH="28"/>
						<String ID="P279_ST00233" HPOS="934" VPOS="1334" WIDTH="48" HEIGHT="28" CONTENT="che" WC="0.52" CC="660"/>
						<SP ID="P279_SP00209" HPOS="982" VPOS="1371" WIDTH="25"/>
						<String ID="P279_ST00234" HPOS="1007" VPOS="1335" WIDTH="23" HEIGHT="27" CONTENT="al" WC="0.90" CC="01"/>
						<SP ID="P279_SP00210" HPOS="1030" VPOS="1371" WIDTH="27"/>
						<String ID="P279_ST00235" HPOS="1057" VPOS="1346" WIDTH="59" HEIGHT="26" CONTENT="pre" SUBS_TYPE="HypPart1" SUBS_CONTENT="prezente" WC="0.91" CC="0003"/>
						<HYP CONTENT="-"/>
					</TextLine>
					<TextLine ID="P279_TL00026" HPOS="163" VPOS="1382" WIDTH="953" HEIGHT="38">
						<String ID="P279_ST00236" HPOS="163" VPOS="1390" WIDTH="74" HEIGHT="21" CONTENT="zente" SUBS_TYPE="HypPart2" SUBS_CONTENT="prezente" WC="0.84" CC="40110"/>
						<SP ID="P279_SP00211" HPOS="237" VPOS="1411" WIDTH="22"/>
						<String ID="P279_ST00237" HPOS="259" VPOS="1384" WIDTH="18" HEIGHT="26" CONTENT="si" WC="0.65" CC="15"/>
						<SP ID="P279_SP00212" HPOS="277" VPOS="1411" WIDTH="23"/>
						<String ID="P279_ST00238" HPOS="300" VPOS="1391" WIDTH="76" HEIGHT="19" CONTENT="trova" WC="0.97" CC="01000"/>
						<SP ID="P279_SP00213" HPOS="376" VPOS="1411" WIDTH="21"/>
						<String ID="P279_ST00239" HPOS="397" VPOS="1382" WIDTH="23" HEIGHT="28" CONTENT="la" WC="0.86" CC="20"/>
						<SP ID="P279_SP00214" HPOS="420" VPOS="1411" WIDTH="21"/>
						<String ID="P279_ST00240" HPOS="441" VPOS="1392" WIDTH="90" HEIGHT="18" CONTENT="nostra" WC="0.68" CC="500427"/>
						<SP ID="P279_SP00215" HPOS="531" VPOS="1411" WIDTH="21"/>
						<String ID="P279_ST00241" HPOS="552" VPOS="1383" WIDTH="50" HEIGHT="27" CONTENT="cita" WC="0.53" CC="5057"/>
						<SP ID="P279_SP00216" HPOS="602" VPOS="1411" WIDTH="32"/>
						<String ID="P279_ST00242" HPOS="634" VPOS="1383" WIDTH="60" HEIGHT="28" CONTENT="dico" WC="0.71" CC="0470"/>
						<SP ID="P279_SP00217" HPOS="694" VPOS="1411" WIDTH="27"/>
						<String ID="P279_ST00243" HPOS="721" VPOS="1383" WIDTH="48" HEIGHT="28" CONTENT="che" WC="0.53" CC="076"/>
						<SP ID="P279_SP00218" HPOS="769" VPOS="1411" WIDTH="31"/>
						<String ID="P279_ST00244" HPOS="800" VPOS="1391" WIDTH="129" HEIGHT="29" CONTENT="poterano" WC="1.00" CC="00000000"/>
						<SP ID="P279_SP00219" HPOS="929" VPOS="1420" WIDTH="31"/>
						<String ID="P279_ST00245" HPOS="960" VPOS="1383" WIDTH="61" HEIGHT="28" CONTENT="dare" WC="0.80" CC="0610"/>
						<SP ID="P279_SP00220" HPOS="1021" VPOS="1420" WIDTH="33"/>
						<String ID="P279_ST00246" HPOS="1054" VPOS="1394" WIDTH="62" HEIGHT="18" CONTENT="vero" WC="0.91" CC="0003"/>
					</TextLine>
					<TextLine ID="P279_TL00027" HPOS="164" VPOS="1431" WIDTH="952" HEIGHT="38">
						<String ID="P279_ST00247" HPOS="164" VPOS="1432" WIDTH="95" HEIGHT="36" CONTENT="judicio" WC="0.75" CC="0003741"/>
						<SP ID="P279_SP00221" HPOS="259" VPOS="1468" WIDTH="22"/>
						<String ID="P279_ST00248" HPOS="281" VPOS="1442" WIDTH="14" HEIGHT="18" CONTENT="e" WC="1.00" CC="0"/>
						<SP ID="P279_SP00222" HPOS="295" VPOS="1468" WIDTH="22"/>
						<String ID="P279_ST00249" HPOS="317" VPOS="1431" WIDTH="113" HEIGHT="37" CONTENT="judicare" WC="0.82" CC="00006601"/>
						<SP ID="P279_SP00223" HPOS="430" VPOS="1468" WIDTH="22"/>
						<String ID="P279_ST00250" HPOS="452" VPOS="1442" WIDTH="27" HEIGHT="17" CONTENT="se" WC="1.00" CC="00"/>
						<SP ID="P279_SP00224" HPOS="479" VPOS="1468" WIDTH="22"/>
						<String ID="P279_ST00251" HPOS="501" VPOS="1433" WIDTH="36" HEIGHT="26" CONTENT="sia" WC="0.93" CC="020"/>
						<SP ID="P279_SP00225" HPOS="537" VPOS="1468" WIDTH="21"/>
						<String ID="P279_ST00252" HPOS="558" VPOS="1432" WIDTH="23" HEIGHT="27" CONTENT="la" WC="0.61" CC="07"/>
						<SP ID="P279_SP00226" HPOS="581" VPOS="1468" WIDTH="21"/>
						<String ID="P279_ST00253" HPOS="602" VPOS="1433" WIDTH="83" HEIGHT="26" CONTENT="verità" WC="0.91" CC="001030"/>
						<SP ID="P279_SP00227" HPOS="685" VPOS="1468" WIDTH="22"/>
						<String ID="P279_ST00254" HPOS="707" VPOS="1432" WIDTH="49" HEIGHT="28" CONTENT="che" WC="0.62" CC="550"/>
						<SP ID="P279_SP00228" HPOS="756" VPOS="1468" WIDTH="22"/>
						<String ID="P279_ST00255" HPOS="778" VPOS="1433" WIDTH="22" HEIGHT="26" CONTENT="al" WC="0.73" CC="05"/>
						<SP ID="P279_SP00229" HPOS="800" VPOS="1468" WIDTH="22"/>
						<String ID="P279_ST00256" HPOS="822" VPOS="1440" WIDTH="122" HEIGHT="29" CONTENT="prezente" WC="0.88" CC="00042100"/>
						<SP ID="P279_SP00230" HPOS="944" VPOS="1469" WIDTH="21"/>
						<String ID="P279_ST00257" HPOS="965" VPOS="1443" WIDTH="81" HEIGHT="17" CONTENT="como" WC="0.77" CC="0107"/>
						<SP ID="P279_SP00231" HPOS="1046" VPOS="1469" WIDTH="31"/>
						<String ID="P279_ST00258" HPOS="1077" VPOS="1433" WIDTH="39" HEIGHT="28" CONTENT="di" SUBS_TYPE="HypPart1" SUBS_CONTENT="dizeno" WC="0.71" CC="062"/>
						<HYP CONTENT="-"/>
					</TextLine>
					<TextLine ID="P279_TL00028" HPOS="165" VPOS="1481" WIDTH="951" HEIGHT="37">
						<String ID="P279_ST00259" HPOS="165" VPOS="1491" WIDTH="64" HEIGHT="17" CONTENT="zeno" SUBS_TYPE="HypPart2" SUBS_CONTENT="dizeno" WC="0.66" CC="7600"/>
						<SP ID="P279_SP00232" HPOS="229" VPOS="1508" WIDTH="21"/>
						<String ID="P279_ST00260" HPOS="250" VPOS="1482" WIDTH="86" HEIGHT="26" CONTENT="alcuni" WC="0.69" CC="706040"/>
						<SP ID="P279_SP00233" HPOS="336" VPOS="1508" WIDTH="21"/>
						<String ID="P279_ST00261" HPOS="357" VPOS="1482" WIDTH="47" HEIGHT="27" CONTENT="che" WC="0.61" CC="055"/>
						<SP ID="P279_SP00234" HPOS="404" VPOS="1509" WIDTH="21"/>
						<String ID="P279_ST00262" HPOS="425" VPOS="1481" WIDTH="22" HEIGHT="27" CONTENT="la" WC="0.50" CC="09"/>
						<SP ID="P279_SP00235" HPOS="447" VPOS="1509" WIDTH="22"/>
						<String ID="P279_ST00263" HPOS="469" VPOS="1489" WIDTH="89" HEIGHT="20" CONTENT="nostra" WC="0.68" CC="400509"/>
						<SP ID="P279_SP00236" HPOS="558" VPOS="1509" WIDTH="22"/>
						<String ID="P279_ST00264" HPOS="580" VPOS="1482" WIDTH="51" HEIGHT="27" CONTENT="cita" WC="0.74" CC="4230"/>
						<SP ID="P279_SP00237" HPOS="631" VPOS="1509" WIDTH="21"/>
						<String ID="P279_ST00265" HPOS="652" VPOS="1482" WIDTH="36" HEIGHT="26" CONTENT="sia" WC="0.67" CC="009"/>
						<SP ID="P279_SP00238" HPOS="688" VPOS="1509" WIDTH="22"/>
						<String ID="P279_ST00266" HPOS="710" VPOS="1481" WIDTH="44" HEIGHT="37" CONTENT="più" WC="0.70" CC="800"/>
						<SP ID="P279_SP00239" HPOS="754" VPOS="1518" WIDTH="21"/>
						<String ID="P279_ST00267" HPOS="775" VPOS="1482" WIDTH="72" HEIGHT="26" CONTENT="richa" WC="0.81" CC="00630"/>
						<SP ID="P279_SP00240" HPOS="847" VPOS="1518" WIDTH="21"/>
						<String ID="P279_ST00268" HPOS="868" VPOS="1482" WIDTH="48" HEIGHT="27" CONTENT="che" WC="0.60" CC="470"/>
						<SP ID="P279_SP00241" HPOS="916" VPOS="1518" WIDTH="16"/>
						<String ID="P279_ST00269" HPOS="932" VPOS="1482" WIDTH="36" HEIGHT="27" CONTENT="sia" WC="0.55" CC="236"/>
						<SP ID="P279_SP00242" HPOS="968" VPOS="1518" WIDTH="16"/>
						<String ID="P279_ST00270" HPOS="984" VPOS="1492" WIDTH="53" HEIGHT="18" CONTENT="mai" WC="0.96" CC="100"/>
						<SP ID="P279_SP00243" HPOS="1037" VPOS="1518" WIDTH="15"/>
						<String ID="P279_ST00271" HPOS="1052" VPOS="1489" WIDTH="64" HEIGHT="21" CONTENT="stata" WC="0.56" CC="55720"/>
					</TextLine>
					<TextLine ID="P279_TL00029" HPOS="165" VPOS="1530" WIDTH="951" HEIGHT="38">
						<String ID="P279_ST00272" HPOS="165" VPOS="1540" WIDTH="12" HEIGHT="18" CONTENT="e" WC="1.00" CC="0"/>
						<SP ID="P279_SP00244" HPOS="177" VPOS="1558" WIDTH="21"/>
						<String ID="P279_ST00273" HPOS="198" VPOS="1538" WIDTH="93" HEIGHT="29" CONTENT="questo" WC="0.65" CC="066043"/>
						<SP ID="P279_SP00245" HPOS="291" VPOS="1567" WIDTH="22"/>
						<String ID="P279_ST00274" HPOS="313" VPOS="1530" WIDTH="97" HEIGHT="36" CONTENT="judicio" WC="0.83" CC="0004600"/>
						<SP ID="P279_SP00246" HPOS="410" VPOS="1567" WIDTH="23"/>
						<String ID="P279_ST00275" HPOS="433" VPOS="1532" WIDTH="25" HEIGHT="26" CONTENT="io" WC="0.60" CC="52"/>
						<SP ID="P279_SP00247" HPOS="458" VPOS="1567" WIDTH="22"/>
						<String ID="P279_ST00276" HPOS="480" VPOS="1531" WIDTH="26" HEIGHT="27" CONTENT="lo" WC="0.76" CC="04"/>
						<SP ID="P279_SP00248" HPOS="506" VPOS="1567" WIDTH="21"/>
						<String ID="P279_ST00277" HPOS="527" VPOS="1532" WIDTH="66" HEIGHT="26" CONTENT="lasio" WC="0.53" CC="79050"/>
						<SP ID="P279_SP00249" HPOS="593" VPOS="1567" WIDTH="22"/>
						<String ID="P279_ST00278" HPOS="615" VPOS="1532" WIDTH="27" HEIGHT="26" CONTENT="in" WC="0.65" CC="06"/>
						<SP ID="P279_SP00250" HPOS="642" VPOS="1567" WIDTH="21"/>
						<String ID="P279_ST00279" HPOS="663" VPOS="1540" WIDTH="81" HEIGHT="18" CONTENT="mano" WC="0.57" CC="2770"/>
						<SP ID="P279_SP00251" HPOS="744" VPOS="1567" WIDTH="21"/>
						<String ID="P279_ST00280" HPOS="765" VPOS="1531" WIDTH="33" HEIGHT="28" CONTENT="de" WC="0.50" CC="90"/>
						<SP ID="P279_SP00252" HPOS="798" VPOS="1567" WIDTH="20"/>
						<String ID="P279_ST00281" HPOS="818" VPOS="1532" WIDTH="71" HEIGHT="36" CONTENT="queli" WC="0.56" CC="97004"/>
						<SP ID="P279_SP00253" HPOS="889" VPOS="1568" WIDTH="29"/>
						<String ID="P279_ST00282" HPOS="918" VPOS="1531" WIDTH="43" HEIGHT="28" CONTENT="chi" WC="0.40" CC="673"/>
						<SP ID="P279_SP00254" HPOS="961" VPOS="1568" WIDTH="32"/>
						<String ID="P279_ST00283" HPOS="993" VPOS="1532" WIDTH="123" HEIGHT="36" CONTENT="legerano" WC="0.65" CC="10043674"/>
					</TextLine>
					<TextLine ID="P279_TL00030" HPOS="164" VPOS="1580" WIDTH="952" HEIGHT="37">
						<String ID="P279_ST00284" HPOS="164" VPOS="1581" WIDTH="68" HEIGHT="35" CONTENT="quali" WC="0.44" CC="96055"/>
						<SP ID="P279_SP00255" HPOS="232" VPOS="1616" WIDTH="21"/>
						<String ID="P279_ST00285" HPOS="253" VPOS="1589" WIDTH="61" HEIGHT="19" CONTENT="cose" WC="0.60" CC="7520"/>
						<SP ID="P279_SP00256" HPOS="314" VPOS="1616" WIDTH="21"/>
						<String ID="P279_ST00286" HPOS="335" VPOS="1580" WIDTH="48" HEIGHT="28" CONTENT="che" WC="0.67" CC="540"/>
						<SP ID="P279_SP00257" HPOS="383" VPOS="1616" WIDTH="21"/>
						<String ID="P279_ST00287" HPOS="404" VPOS="1581" WIDTH="26" HEIGHT="27" CONTENT="io" WC="1.00" CC="00"/>
						<SP ID="P279_SP00258" HPOS="430" VPOS="1616" WIDTH="22"/>
						<String ID="P279_ST00288" HPOS="452" VPOS="1590" WIDTH="63" HEIGHT="17" CONTENT="com" WC="0.65" CC="504"/>
						<SP ID="P279_SP00259" HPOS="515" VPOS="1616" WIDTH="28"/>
						<String ID="P279_ST00289" HPOS="543" VPOS="1581" WIDTH="53" HEIGHT="26" CONTENT="mei" WC="1.00" CC="000"/>
						<SP ID="P279_SP00260" HPOS="596" VPOS="1616" WIDTH="28"/>
						<String ID="P279_ST00290" HPOS="624" VPOS="1580" WIDTH="60" HEIGHT="27" CONTENT="ochi" WC="0.58" CC="2715"/>
						<SP ID="P279_SP00261" HPOS="684" VPOS="1616" WIDTH="30"/>
						<String ID="P279_ST00291" HPOS="714" VPOS="1580" WIDTH="60" HEIGHT="27" CONTENT="abio" WC="0.87" CC="0013"/>
						<SP ID="P279_SP00262" HPOS="774" VPOS="1616" WIDTH="32"/>
						<String ID="P279_ST00292" HPOS="806" VPOS="1580" WIDTH="98" HEIGHT="28" CONTENT="veduto" WC="0.84" CC="010034"/>
						<SP ID="P279_SP00263" HPOS="904" VPOS="1616" WIDTH="31"/>
						<String ID="P279_ST00293" HPOS="935" VPOS="1590" WIDTH="81" HEIGHT="19" CONTENT="como" WC="0.79" CC="0035"/>
						<SP ID="P279_SP00264" HPOS="1016" VPOS="1616" WIDTH="31"/>
						<String ID="P279_ST00294" HPOS="1047" VPOS="1581" WIDTH="69" HEIGHT="36" CONTENT="larga" WC="0.68" CC="06260"/>
					</TextLine>
					<TextLine ID="P279_TL00031" HPOS="165" VPOS="1628" WIDTH="951" HEIGHT="38">
						<String ID="P279_ST00295" HPOS="165" VPOS="1630" WIDTH="83" HEIGHT="27" CONTENT="menti" WC="0.67" CC="20670"/>
						<SP ID="P279_SP00265" HPOS="248" VPOS="1657" WIDTH="19"/>
						<String ID="P279_ST00296" HPOS="267" VPOS="1630" WIDTH="26" HEIGHT="27" CONTENT="io" WC="0.50" CC="09"/>
						<SP ID="P279_SP00266" HPOS="293" VPOS="1657" WIDTH="21"/>
						<String ID="P279_ST00297" HPOS="314" VPOS="1637" WIDTH="24" HEIGHT="20" CONTENT="te" WC="0.35" CC="66"/>
						<SP ID="P279_SP00267" HPOS="338" VPOS="1657" WIDTH="21"/>
						<String ID="P279_ST00298" HPOS="359" VPOS="1629" WIDTH="60" HEIGHT="28" CONTENT="abio" WC="0.77" CC="7020"/>
						<SP ID="P279_SP00268" HPOS="419" VPOS="1657" WIDTH="22"/>
						<String ID="P279_ST00299" HPOS="441" VPOS="1637" WIDTH="92" HEIGHT="20" CONTENT="narato" WC="0.68" CC="700920"/>
						<SP ID="P279_SP00269" HPOS="533" VPOS="1657" WIDTH="20"/>
						<String ID="P279_ST00300" HPOS="553" VPOS="1630" WIDTH="49" HEIGHT="26" CONTENT="tuti" WC="0.83" CC="2012"/>
						<SP ID="P279_SP00270" HPOS="602" VPOS="1657" WIDTH="21"/>
						<String ID="P279_ST00301" HPOS="623" VPOS="1628" WIDTH="17" HEIGHT="28" CONTENT="li" WC="1.00" CC="00"/>
						<SP ID="P279_SP00271" HPOS="640" VPOS="1657" WIDTH="21"/>
						<String ID="P279_ST00302" HPOS="661" VPOS="1630" WIDTH="92" HEIGHT="36" CONTENT="periati" WC="0.83" CC="4000123"/>
						<SP ID="P279_SP00272" HPOS="753" VPOS="1666" WIDTH="21"/>
						<String ID="P279_ST00303" HPOS="774" VPOS="1628" WIDTH="48" HEIGHT="29" CONTENT="che" WC="0.81" CC="500"/>
						<SP ID="P279_SP00273" HPOS="822" VPOS="1666" WIDTH="22"/>
						<String ID="P279_ST00304" HPOS="844" VPOS="1630" WIDTH="60" HEIGHT="27" CONTENT="abio" WC="0.80" CC="0430"/>
						<SP ID="P279_SP00274" HPOS="904" VPOS="1666" WIDTH="21"/>
						<String ID="P279_ST00305" HPOS="925" VPOS="1631" WIDTH="69" HEIGHT="26" CONTENT="visto" WC="0.93" CC="00030"/>
						<SP ID="P279_SP00275" HPOS="994" VPOS="1666" WIDTH="15"/>
						<String ID="P279_ST00306" HPOS="1009" VPOS="1630" WIDTH="107" HEIGHT="28" CONTENT="citadini" WC="0.71" CC="50400615"/>
					</TextLine>
					<TextLine ID="P279_TL00032" HPOS="164" VPOS="1677" WIDTH="952" HEIGHT="39">
						<String ID="P279_ST00307" HPOS="164" VPOS="1677" WIDTH="31" HEIGHT="28" CONTENT="de" WC="1.00" CC="00"/>
						<SP ID="P279_SP00276" HPOS="195" VPOS="1705" WIDTH="22"/>
						<String ID="P279_ST00308" HPOS="217" VPOS="1679" WIDTH="86" HEIGHT="27" CONTENT="Saona" WC="0.75" CC="06060"/>
						<SP ID="P279_SP00277" HPOS="303" VPOS="1706" WIDTH="21"/>
						<String ID="P279_ST00309" HPOS="324" VPOS="1678" WIDTH="84" HEIGHT="28" CONTENT="homo" WC="0.72" CC="0900"/>
						<SP ID="P279_SP00278" HPOS="408" VPOS="1706" WIDTH="22"/>
						<String ID="P279_ST00310" HPOS="430" VPOS="1689" WIDTH="45" HEIGHT="26" CONTENT="per" WC="0.63" CC="037"/>
						<SP ID="P279_SP00279" HPOS="475" VPOS="1715" WIDTH="22"/>
						<String ID="P279_ST00311" HPOS="497" VPOS="1680" WIDTH="84" HEIGHT="26" CONTENT="homo" WC="0.86" CC="0050"/>
						<SP ID="P279_SP00280" HPOS="581" VPOS="1715" WIDTH="21"/>
						<String ID="P279_ST00312" HPOS="602" VPOS="1679" WIDTH="92" HEIGHT="27" CONTENT="Eciam" WC="0.68" CC="06170"/>
						<SP ID="P279_SP00281" HPOS="694" VPOS="1715" WIDTH="22"/>
						<String ID="P279_ST00313" HPOS="716" VPOS="1680" WIDTH="101" HEIGHT="35" CONTENT="signori" WC="0.78" CC="0405301"/>
						<SP ID="P279_SP00282" HPOS="817" VPOS="1715" WIDTH="20"/>
						<String ID="P279_ST00314" HPOS="837" VPOS="1679" WIDTH="92" HEIGHT="37" CONTENT="grandi" WC="0.74" CC="050801"/>
						<SP ID="P279_SP00283" HPOS="929" VPOS="1716" WIDTH="24"/>
						<String ID="P279_ST00315" HPOS="953" VPOS="1679" WIDTH="108" HEIGHT="28" CONTENT="citadini" WC="0.58" CC="70078620"/>
						<SP ID="P279_SP00284" HPOS="1061" VPOS="1716" WIDTH="24"/>
						<String ID="P279_ST00316" HPOS="1085" VPOS="1679" WIDTH="31" HEIGHT="28" CONTENT="de" WC="0.96" CC="00"/>
					</TextLine>
					<TextLine ID="P279_TL00033" HPOS="163" VPOS="1727" WIDTH="953" HEIGHT="38">
						<String ID="P279_ST00317" HPOS="163" VPOS="1727" WIDTH="85" HEIGHT="29" CONTENT="Saona" WC="0.46" CC="07666"/>
						<SP ID="P279_SP00285" HPOS="248" VPOS="1756" WIDTH="22"/>
						<String ID="P279_ST00318" HPOS="270" VPOS="1737" WIDTH="92" HEIGHT="28" CONTENT="apreso" WC="0.68" CC="700065"/>
						<SP ID="P279_SP00286" HPOS="362" VPOS="1765" WIDTH="21"/>
						<String ID="P279_ST00319" HPOS="383" VPOS="1737" WIDTH="52" HEIGHT="19" CONTENT="una" WC="0.38" CC="089"/>
						<SP ID="P279_SP00287" HPOS="435" VPOS="1765" WIDTH="21"/>
						<String ID="P279_ST00320" HPOS="456" VPOS="1729" WIDTH="117" HEIGHT="36" CONTENT="quantità" WC="0.73" CC="04002606"/>
						<SP ID="P279_SP00288" HPOS="573" VPOS="1765" WIDTH="21"/>
						<String ID="P279_ST00321" HPOS="594" VPOS="1727" WIDTH="32" HEIGHT="29" CONTENT="de" WC="0.70" CC="06"/>
						<SP ID="P279_SP00289" HPOS="626" VPOS="1765" WIDTH="23"/>
						<String ID="P279_ST00322" HPOS="649" VPOS="1727" WIDTH="103" HEIGHT="29" CONTENT="homini" WC="0.68" CC="035270"/>
						<SP ID="P279_SP00290" HPOS="752" VPOS="1765" WIDTH="22"/>
						<String ID="P279_ST00323" HPOS="774" VPOS="1728" WIDTH="84" HEIGHT="28" CONTENT="nobili" WC="0.64" CC="540370"/>
						<SP ID="P279_SP00291" HPOS="858" VPOS="1765" WIDTH="20"/>
						<String ID="P279_ST00324" HPOS="878" VPOS="1728" WIDTH="71" HEIGHT="37" CONTENT="quali" WC="0.39" CC="95644"/>
						<SP ID="P279_SP00292" HPOS="949" VPOS="1765" WIDTH="10"/>
						<String ID="P279_ST00325" HPOS="959" VPOS="1728" WIDTH="157" HEIGHT="37" CONTENT="largamenti" WC="0.73" CC="5020622015"/>
					</TextLine>
				</TextBlock>
			</PrintSpace>
		</Page>
	</Layout>
</alto>
