<?xml version="1.0" encoding="UTF-8"?>
<alto xmlns:xsi="http://www.w3.org/2001/XMLSchema-instance" xsi:noNamespaceSchemaLocation="http://www.bl.uk/schemas/alto/alto-1-4.xsd" xmlns:xlink="http://www.w3.org/1999/xlink">
	<Description>
		<MeasurementUnit>mm10</MeasurementUnit>
		<sourceImageInformation>
			<fileName>//head1/IN/2008-29/A0011808733/000435.jp2</fileName>
		</sourceImageInformation>
		<OCRProcessing ID="OCRPROCESSING_1">
			<preProcessingStep>
				<processingSoftware>
					<softwareCreator>CCS Content Conversion Specialists GmbH, Germany</softwareCreator>
					<softwareName>CCS docWORKS</softwareName>
					<softwareVersion>6.1-0.67</softwareVersion>
				</processingSoftware>
			</preProcessingStep>
			<ocrProcessingStep>
				<processingSoftware>
					<softwareCreator>ABBYY (BIT Software), Russia</softwareCreator>
					<softwareName>Finereader</softwareName>
				</processingSoftware>
			</ocrProcessingStep>
		</OCRProcessing>
	</Description>
	<Styles>
		<TextStyle ID="TXT_0" FONTSIZE="11" FONTFAMILY="Courier New"/>
		<TextStyle ID="TXT_1" FONTSIZE="9" FONTFAMILY="Courier New"/>
		<ParagraphStyle ID="PAR_RIGHT" ALIGN="Right"/>
		<ParagraphStyle ID="PAR_LEFT" ALIGN="Left"/>
	</Styles>
	<Layout>
		<Page ID="P181" PHYSICAL_IMG_NR="181" HEIGHT="2078" WIDTH="1373" PRINTED_IMG_NR="167" POSITION="Right" ACCURACY="76.67">
			<TopMargin ID="P181_TM00001" HPOS="0" VPOS="0" WIDTH="1373" HEIGHT="118">
				<TextBlock ID="P181_TB00001" HPOS="1065" VPOS="81" WIDTH="50" HEIGHT="35" STYLEREFS="TXT_0 PAR_RIGHT">
					<TextLine ID="P181_TL00001" HPOS="1065" VPOS="81" WIDTH="50" HEIGHT="35">
						<String ID="P181_ST00001" HPOS="1065" VPOS="81" WIDTH="50" HEIGHT="35" CONTENT="167" WC="1.00" CC="000"/>
					</TextLine>
				</TextBlock>
			</TopMargin>
			<LeftMargin ID="P181_LM00001" HPOS="0" VPOS="118" WIDTH="160" HEIGHT="1633"/>
			<RightMargin ID="P181_RM00001" HPOS="1129" VPOS="118" WIDTH="244" HEIGHT="1633"/>
			<BottomMargin ID="P181_BM00001" HPOS="0" VPOS="1751" WIDTH="1373" HEIGHT="326"/>
			<PrintSpace ID="P181_PS00001" HPOS="160" VPOS="118" WIDTH="969" HEIGHT="1633">
				<TextBlock ID="P181_TB00002" HPOS="160" VPOS="138" WIDTH="966" HEIGHT="1371" STYLEREFS="TXT_1 PAR_LEFT">
					<TextLine ID="P181_TL00002" HPOS="161" VPOS="139" WIDTH="953" HEIGHT="43">
						<String ID="P181_ST00002" HPOS="161" VPOS="139" WIDTH="32" HEIGHT="30" CONTENT="ali" WC="0.60" CC="056"/>
						<SP ID="P181_SP00001" HPOS="193" VPOS="169" WIDTH="22"/>
						<String ID="P181_ST00003" HPOS="215" VPOS="143" WIDTH="15" HEIGHT="28" CONTENT="8" WC="0.67" CC="3"/>
						<SP ID="P181_SP00002" HPOS="230" VPOS="171" WIDTH="23"/>
						<String ID="P181_ST00004" HPOS="253" VPOS="142" WIDTH="31" HEIGHT="28" CONTENT="de" WC="1.00" CC="00"/>
						<SP ID="P181_SP00003" HPOS="284" VPOS="171" WIDTH="22"/>
						<String ID="P181_ST00005" HPOS="306" VPOS="143" WIDTH="81" HEIGHT="37" CONTENT="aprile" WC="0.70" CC="706400"/>
						<SP ID="P181_SP00004" HPOS="387" VPOS="180" WIDTH="20"/>
						<String ID="P181_ST00006" HPOS="407" VPOS="142" WIDTH="27" HEIGHT="29" CONTENT="lo" WC="0.62" CC="07"/>
						<SP ID="P181_SP00005" HPOS="434" VPOS="180" WIDTH="20"/>
						<String ID="P181_ST00007" HPOS="454" VPOS="144" WIDTH="119" HEIGHT="38" CONTENT="principe" WC="0.78" CC="03163300"/>
						<SP ID="P181_SP00006" HPOS="573" VPOS="182" WIDTH="21"/>
						<String ID="P181_ST00008" HPOS="594" VPOS="143" WIDTH="75" HEIGHT="29" CONTENT="doria" WC="0.94" CC="00020"/>
						<SP ID="P181_SP00007" HPOS="669" VPOS="182" WIDTH="20"/>
						<String ID="P181_ST00009" HPOS="689" VPOS="155" WIDTH="28" HEIGHT="17" CONTENT="se" WC="1.00" CC="00"/>
						<SP ID="P181_SP00008" HPOS="717" VPOS="182" WIDTH="19"/>
						<String ID="P181_ST00010" HPOS="736" VPOS="146" WIDTH="68" HEIGHT="36" CONTENT="parti" WC="0.73" CC="06006"/>
						<SP ID="P181_SP00009" HPOS="804" VPOS="182" WIDTH="25"/>
						<String ID="P181_ST00011" HPOS="829" VPOS="144" WIDTH="33" HEIGHT="28" CONTENT="de" WC="0.97" CC="00"/>
						<SP ID="P181_SP00010" HPOS="862" VPOS="182" WIDTH="30"/>
						<String ID="P181_ST00012" HPOS="892" VPOS="144" WIDTH="87" HEIGHT="28" CONTENT="Saona" WC="0.70" CC="09050"/>
						<SP ID="P181_SP00011" HPOS="979" VPOS="182" WIDTH="27"/>
						<String ID="P181_ST00013" HPOS="1006" VPOS="155" WIDTH="51" HEIGHT="17" CONTENT="con" WC="0.95" CC="010"/>
						<SP ID="P181_SP00012" HPOS="1057" VPOS="182" WIDTH="27"/>
						<String ID="P181_ST00014" HPOS="1084" VPOS="154" WIDTH="30" HEIGHT="27" CONTENT="53" WC="1.00" CC="00"/>
					</TextLine>
					<TextLine ID="P181_TL00003" HPOS="160" VPOS="192" WIDTH="958" HEIGHT="40">
						<String ID="P181_ST00015" HPOS="160" VPOS="192" WIDTH="88" HEIGHT="36" CONTENT="galere" WC="0.92" CC="004000"/>
						<SP ID="P181_SP00013" HPOS="248" VPOS="228" WIDTH="22"/>
						<String ID="P181_ST00016" HPOS="270" VPOS="202" WIDTH="56" HEIGHT="27" CONTENT="per." WC="0.86" CC="0013"/>
						<SP ID="P181_SP00014" HPOS="326" VPOS="229" WIDTH="11"/>
						<String ID="P181_ST00017" HPOS="337" VPOS="193" WIDTH="95" HEIGHT="28" CONTENT="andare" WC="0.72" CC="850020"/>
						<SP ID="P181_SP00015" HPOS="432" VPOS="229" WIDTH="22"/>
						<String ID="P181_ST00018" HPOS="454" VPOS="194" WIDTH="27" HEIGHT="27" CONTENT="in" WC="0.44" CC="46"/>
						<SP ID="P181_SP00016" HPOS="481" VPOS="229" WIDTH="22"/>
						<String ID="P181_ST00019" HPOS="503" VPOS="193" WIDTH="104" HEIGHT="38" CONTENT="Spagna" WC="0.55" CC="009088"/>
						<SP ID="P181_SP00017" HPOS="607" VPOS="231" WIDTH="19"/>
						<String ID="P181_ST00020" HPOS="626" VPOS="204" WIDTH="46" HEIGHT="28" CONTENT="per" WC="0.81" CC="005"/>
						<SP ID="P181_SP00018" HPOS="672" VPOS="232" WIDTH="21"/>
						<String ID="P181_ST00021" HPOS="693" VPOS="193" WIDTH="132" HEIGHT="28" CONTENT="conduere" WC="0.75" CC="74600100"/>
						<SP ID="P181_SP00019" HPOS="825" VPOS="232" WIDTH="21"/>
						<String ID="P181_ST00022" HPOS="846" VPOS="194" WIDTH="24" HEIGHT="27" CONTENT="la" WC="0.61" CC="70"/>
						<SP ID="P181_SP00020" HPOS="870" VPOS="232" WIDTH="15"/>
						<String ID="P181_ST00023" HPOS="885" VPOS="195" WIDTH="99" HEIGHT="26" CONTENT="cezaria" WC="0.84" CC="3060010"/>
						<SP ID="P181_SP00021" HPOS="984" VPOS="232" WIDTH="15"/>
						<String ID="P181_ST00024" HPOS="999" VPOS="202" WIDTH="119" HEIGHT="29" CONTENT="magesta" WC="0.78" CC="4050500"/>
					</TextLine>
					<TextLine ID="P181_TL00004" HPOS="161" VPOS="241" WIDTH="956" HEIGHT="40">
						<String ID="P181_ST00025" HPOS="161" VPOS="251" WIDTH="14" HEIGHT="17" CONTENT="e" WC="0.88" CC="1"/>
						<SP ID="P181_SP00022" HPOS="175" VPOS="268" WIDTH="22"/>
						<String ID="P181_ST00026" HPOS="197" VPOS="241" WIDTH="76" HEIGHT="28" CONTENT="molti" WC="0.92" CC="00030"/>
						<SP ID="P181_SP00023" HPOS="273" VPOS="269" WIDTH="21"/>
						<String ID="P181_ST00027" HPOS="294" VPOS="241" WIDTH="58" HEIGHT="28" CONTENT="altri" WC="0.52" CC="94630"/>
						<SP ID="P181_SP00024" HPOS="352" VPOS="269" WIDTH="21"/>
						<String ID="P181_ST00028" HPOS="373" VPOS="243" WIDTH="102" HEIGHT="36" CONTENT="signori" WC="0.70" CC="3208005"/>
						<SP ID="P181_SP00025" HPOS="475" VPOS="279" WIDTH="22"/>
						<String ID="P181_ST00029" HPOS="497" VPOS="243" WIDTH="122" HEIGHT="37" CONTENT="spagnoli" WC="0.70" CC="60700064"/>
						<SP ID="P181_SP00026" HPOS="619" VPOS="280" WIDTH="29"/>
						<String ID="P181_ST00030" HPOS="648" VPOS="243" WIDTH="48" HEIGHT="28" CONTENT="che" WC="0.59" CC="750"/>
						<SP ID="P181_SP00027" HPOS="696" VPOS="280" WIDTH="32"/>
						<String ID="P181_ST00031" HPOS="728" VPOS="244" WIDTH="46" HEIGHT="27" CONTENT="tuti" WC="0.54" CC="5435"/>
						<SP ID="P181_SP00028" HPOS="774" VPOS="280" WIDTH="34"/>
						<String ID="P181_ST00032" HPOS="808" VPOS="243" WIDTH="131" HEIGHT="28" CONTENT="volevano" WC="0.84" CC="04007000"/>
						<SP ID="P181_SP00029" HPOS="939" VPOS="280" WIDTH="31"/>
						<String ID="P181_ST00033" HPOS="970" VPOS="253" WIDTH="91" HEIGHT="28" CONTENT="pasare" WC="0.83" CC="004600"/>
						<SP ID="P181_SP00030" HPOS="1061" VPOS="281" WIDTH="30"/>
						<String ID="P181_ST00034" HPOS="1091" VPOS="243" WIDTH="26" HEIGHT="28" CONTENT="in" WC="0.35" CC="56"/>
					</TextLine>
					<TextLine ID="P181_TL00005" HPOS="161" VPOS="290" WIDTH="958" HEIGHT="40">
						<String ID="P181_ST00035" HPOS="161" VPOS="290" WIDTH="76" HEIGHT="28" CONTENT="Italia" WC="0.93" CC="040000"/>
						<SP ID="P181_SP00031" HPOS="237" VPOS="318" WIDTH="20"/>
						<String ID="P181_ST00036" HPOS="257" VPOS="300" WIDTH="14" HEIGHT="18" CONTENT="e" WC="1.00" CC="0"/>
						<SP ID="P181_SP00032" HPOS="271" VPOS="318" WIDTH="21"/>
						<String ID="P181_ST00037" HPOS="292" VPOS="292" WIDTH="53" HEIGHT="26" CONTENT="asai" WC="0.81" CC="0061"/>
						<SP ID="P181_SP00033" HPOS="345" VPOS="318" WIDTH="20"/>
						<String ID="P181_ST00038" HPOS="365" VPOS="299" WIDTH="89" HEIGHT="29" CONTENT="presto" WC="0.90" CC="010004"/>
						<SP ID="P181_SP00034" HPOS="454" VPOS="328" WIDTH="22"/>
						<String ID="P181_ST00039" HPOS="476" VPOS="292" WIDTH="27" HEIGHT="27" CONTENT="lo" WC="0.89" CC="02"/>
						<SP ID="P181_SP00035" HPOS="503" VPOS="328" WIDTH="21"/>
						<String ID="P181_ST00040" HPOS="524" VPOS="293" WIDTH="117" HEIGHT="35" CONTENT="principe" WC="0.82" CC="00005502"/>
						<SP ID="P181_SP00036" HPOS="641" VPOS="328" WIDTH="22"/>
						<String ID="P181_ST00041" HPOS="663" VPOS="302" WIDTH="51" HEIGHT="18" CONTENT="con" WC="0.39" CC="737"/>
						<SP ID="P181_SP00037" HPOS="714" VPOS="328" WIDTH="21"/>
						<String ID="P181_ST00042" HPOS="735" VPOS="293" WIDTH="23" HEIGHT="27" CONTENT="le" WC="0.81" CC="30"/>
						<SP ID="P181_SP00038" HPOS="758" VPOS="328" WIDTH="21"/>
						<String ID="P181_ST00043" HPOS="779" VPOS="293" WIDTH="89" HEIGHT="37" CONTENT="galere" WC="0.91" CC="202000"/>
						<SP ID="P181_SP00039" HPOS="868" VPOS="330" WIDTH="22"/>
						<String ID="P181_ST00044" HPOS="890" VPOS="294" WIDTH="73" HEIGHT="35" CONTENT="jonse" WC="0.91" CC="40000"/>
						<SP ID="P181_SP00040" HPOS="963" VPOS="330" WIDTH="22"/>
						<String ID="P181_ST00045" HPOS="985" VPOS="294" WIDTH="27" HEIGHT="26" CONTENT="in" WC="0.58" CC="53"/>
						<SP ID="P181_SP00041" HPOS="1012" VPOS="330" WIDTH="21"/>
						<String ID="P181_ST00046" HPOS="1033" VPOS="293" WIDTH="86" HEIGHT="27" CONTENT="barse" SUBS_TYPE="HypPart1" SUBS_CONTENT="barselona" WC="0.86" CC="070001"/>
						<HYP CONTENT="-"/>
					</TextLine>
					<TextLine ID="P181_TL00006" HPOS="162" VPOS="339" WIDTH="956" HEIGHT="40">
						<String ID="P181_ST00047" HPOS="162" VPOS="339" WIDTH="63" HEIGHT="28" CONTENT="lona" SUBS_TYPE="HypPart2" SUBS_CONTENT="barselona" WC="0.57" CC="7009"/>
						<SP ID="P181_SP00042" HPOS="225" VPOS="367" WIDTH="19"/>
						<String ID="P181_ST00048" HPOS="244" VPOS="340" WIDTH="38" HEIGHT="27" CONTENT="ivi" WC="0.83" CC="202"/>
						<SP ID="P181_SP00043" HPOS="282" VPOS="367" WIDTH="21"/>
						<String ID="P181_ST00049" HPOS="303" VPOS="348" WIDTH="80" HEIGHT="20" CONTENT="trovo" WC="0.91" CC="04000"/>
						<SP ID="P181_SP00044" HPOS="383" VPOS="368" WIDTH="22"/>
						<String ID="P181_ST00050" HPOS="405" VPOS="350" WIDTH="46" HEIGHT="18" CONTENT="sua" WC="0.74" CC="060"/>
						<SP ID="P181_SP00045" HPOS="451" VPOS="368" WIDTH="21"/>
						<String ID="P181_ST00051" HPOS="472" VPOS="342" WIDTH="112" HEIGHT="27" CONTENT="maiesta" WC="0.75" CC="0601350"/>
						<SP ID="P181_SP00046" HPOS="584" VPOS="369" WIDTH="20"/>
						<String ID="P181_ST00052" HPOS="604" VPOS="342" WIDTH="17" HEIGHT="26" CONTENT="il" WC="0.78" CC="04"/>
						<SP ID="P181_SP00047" HPOS="621" VPOS="369" WIDTH="21"/>
						<String ID="P181_ST00053" HPOS="642" VPOS="342" WIDTH="77" HEIGHT="36" CONTENT="quale" WC="0.73" CC="03630"/>
						<SP ID="P181_SP00048" HPOS="719" VPOS="378" WIDTH="21"/>
						<String ID="P181_ST00054" HPOS="740" VPOS="342" WIDTH="178" HEIGHT="37" CONTENT="alegramente" WC="0.85" CC="05002000340"/>
						<SP ID="P181_SP00049" HPOS="918" VPOS="379" WIDTH="28"/>
						<String ID="P181_ST00055" HPOS="946" VPOS="342" WIDTH="27" HEIGHT="28" CONTENT="lo" WC="0.35" CC="66"/>
						<SP ID="P181_SP00050" HPOS="973" VPOS="379" WIDTH="27"/>
						<String ID="P181_ST00056" HPOS="1000" VPOS="349" WIDTH="118" HEIGHT="21" CONTENT="resevete" WC="0.90" CC="21200001"/>
					</TextLine>
					<TextLine ID="P181_TL00007" HPOS="162" VPOS="390" WIDTH="958" HEIGHT="38">
						<String ID="P181_ST00057" HPOS="162" VPOS="390" WIDTH="38" HEIGHT="26" CONTENT="ivi" WC="0.84" CC="202"/>
						<SP ID="P181_SP00051" HPOS="200" VPOS="416" WIDTH="22"/>
						<String ID="P181_ST00058" HPOS="222" VPOS="398" WIDTH="77" HEIGHT="19" CONTENT="trovo" WC="0.72" CC="00706"/>
						<SP ID="P181_SP00052" HPOS="299" VPOS="417" WIDTH="22"/>
						<String ID="P181_ST00059" HPOS="321" VPOS="399" WIDTH="36" HEIGHT="27" CONTENT="44" WC="1.00" CC="00"/>
						<SP ID="P181_SP00053" HPOS="357" VPOS="426" WIDTH="21"/>
						<String ID="P181_ST00060" HPOS="378" VPOS="390" WIDTH="82" HEIGHT="29" CONTENT="vaseli" WC="0.75" CC="066001"/>
						<SP ID="P181_SP00054" HPOS="460" VPOS="426" WIDTH="21"/>
						<String ID="P181_ST00061" HPOS="481" VPOS="392" WIDTH="73" HEIGHT="34" CONTENT="queri" WC="0.79" CC="03042"/>
						<SP ID="P181_SP00055" HPOS="554" VPOS="426" WIDTH="22"/>
						<String ID="P181_ST00062" HPOS="576" VPOS="400" WIDTH="51" HEIGHT="18" CONTENT="con" WC="1.00" CC="000"/>
						<SP ID="P181_SP00056" HPOS="627" VPOS="426" WIDTH="22"/>
						<String ID="P181_ST00063" HPOS="649" VPOS="401" WIDTH="75" HEIGHT="27" CONTENT="gram" WC="0.67" CC="9003"/>
						<SP ID="P181_SP00057" HPOS="724" VPOS="428" WIDTH="21"/>
						<String ID="P181_ST00064" HPOS="745" VPOS="401" WIDTH="114" HEIGHT="18" CONTENT="numero" WC="0.96" CC="000010"/>
						<SP ID="P181_SP00058" HPOS="859" VPOS="428" WIDTH="21"/>
						<String ID="P181_ST00065" HPOS="880" VPOS="391" WIDTH="32" HEIGHT="28" CONTENT="de" WC="1.00" CC="00"/>
						<SP ID="P181_SP00059" HPOS="912" VPOS="428" WIDTH="22"/>
						<String ID="P181_ST00066" HPOS="934" VPOS="391" WIDTH="110" HEIGHT="28" CONTENT="fantaria" WC="0.75" CC="00059400"/>
						<SP ID="P181_SP00060" HPOS="1044" VPOS="428" WIDTH="27"/>
						<String ID="P181_ST00067" HPOS="1071" VPOS="392" WIDTH="49" HEIGHT="27" CONTENT="che" WC="0.88" CC="020"/>
					</TextLine>
					<TextLine ID="P181_TL00008" HPOS="164" VPOS="439" WIDTH="957" HEIGHT="38">
						<String ID="P181_ST00068" HPOS="164" VPOS="448" WIDTH="47" HEIGHT="18" CONTENT="sua" WC="0.68" CC="009"/>
						<SP ID="P181_SP00061" HPOS="211" VPOS="466" WIDTH="20"/>
						<String ID="P181_ST00069" HPOS="231" VPOS="448" WIDTH="117" HEIGHT="27" CONTENT="magesea" WC="0.71" CC="0703007"/>
						<SP ID="P181_SP00062" HPOS="348" VPOS="475" WIDTH="22"/>
						<String ID="P181_ST00070" HPOS="370" VPOS="439" WIDTH="17" HEIGHT="27" CONTENT="li" WC="0.51" CC="36"/>
						<SP ID="P181_SP00063" HPOS="387" VPOS="475" WIDTH="22"/>
						<String ID="P181_ST00071" HPOS="409" VPOS="441" WIDTH="57" HEIGHT="25" CONTENT="avia" WC="0.98" CC="0000"/>
						<SP ID="P181_SP00064" HPOS="466" VPOS="475" WIDTH="22"/>
						<String ID="P181_ST00072" HPOS="488" VPOS="439" WIDTH="46" HEIGHT="27" CONTENT="fati" WC="1.00" CC="0000"/>
						<SP ID="P181_SP00065" HPOS="534" VPOS="475" WIDTH="21"/>
						<String ID="P181_ST00073" HPOS="555" VPOS="440" WIDTH="109" HEIGHT="27" CONTENT="reduere" WC="0.71" CC="5304700"/>
						<SP ID="P181_SP00066" HPOS="664" VPOS="475" WIDTH="27"/>
						<String ID="P181_ST00074" HPOS="691" VPOS="442" WIDTH="103" HEIGHT="26" CONTENT="inseme" WC="0.79" CC="161002"/>
						<SP ID="P181_SP00067" HPOS="794" VPOS="475" WIDTH="31"/>
						<String ID="P181_ST00075" HPOS="825" VPOS="451" WIDTH="45" HEIGHT="25" CONTENT="per" WC="0.89" CC="003"/>
						<SP ID="P181_SP00068" HPOS="870" VPOS="476" WIDTH="29"/>
						<String ID="P181_ST00076" HPOS="899" VPOS="440" WIDTH="147" HEIGHT="28" CONTENT="imbarcase" WC="0.80" CC="400056010"/>
						<SP ID="P181_SP00069" HPOS="1046" VPOS="476" WIDTH="29"/>
						<String ID="P181_ST00077" HPOS="1075" VPOS="450" WIDTH="46" HEIGHT="27" CONTENT="per" WC="0.87" CC="003"/>
					</TextLine>
					<TextLine ID="P181_TL00009" HPOS="163" VPOS="488" WIDTH="958" HEIGHT="38">
						<String ID="P181_ST00078" HPOS="163" VPOS="497" WIDTH="92" HEIGHT="28" CONTENT="pasare" WC="1.00" CC="000000"/>
						<SP ID="P181_SP00070" HPOS="255" VPOS="525" WIDTH="21"/>
						<String ID="P181_ST00079" HPOS="276" VPOS="490" WIDTH="27" HEIGHT="25" CONTENT="in" WC="0.71" CC="05"/>
						<SP ID="P181_SP00071" HPOS="303" VPOS="525" WIDTH="20"/>
						<String ID="P181_ST00080" HPOS="323" VPOS="488" WIDTH="73" HEIGHT="28" CONTENT="Italia" WC="0.83" CC="500040"/>
						<SP ID="P181_SP00072" HPOS="396" VPOS="525" WIDTH="21"/>
						<String ID="P181_ST00081" HPOS="417" VPOS="498" WIDTH="46" HEIGHT="27" CONTENT="per" WC="0.87" CC="003"/>
						<SP ID="P181_SP00073" HPOS="463" VPOS="525" WIDTH="20"/>
						<String ID="P181_ST00082" HPOS="483" VPOS="490" WIDTH="109" HEIGHT="35" CONTENT="guardia" WC="0.90" CC="0000060"/>
						<SP ID="P181_SP00074" HPOS="592" VPOS="525" WIDTH="21"/>
						<String ID="P181_ST00083" HPOS="613" VPOS="488" WIDTH="31" HEIGHT="28" CONTENT="de" WC="1.00" CC="00"/>
						<SP ID="P181_SP00075" HPOS="644" VPOS="525" WIDTH="22"/>
						<String ID="P181_ST00084" HPOS="666" VPOS="499" WIDTH="45" HEIGHT="17" CONTENT="sua" WC="0.81" CC="050"/>
						<SP ID="P181_SP00076" HPOS="711" VPOS="525" WIDTH="21"/>
						<String ID="P181_ST00085" HPOS="732" VPOS="497" WIDTH="119" HEIGHT="29" CONTENT="magesta" WC="0.92" CC="0000050"/>
						<SP ID="P181_SP00077" HPOS="851" VPOS="526" WIDTH="22"/>
						<String ID="P181_ST00086" HPOS="873" VPOS="499" WIDTH="14" HEIGHT="17" CONTENT="e" WC="1.00" CC="0"/>
						<SP ID="P181_SP00078" HPOS="887" VPOS="526" WIDTH="20"/>
						<String ID="P181_ST00087" HPOS="907" VPOS="491" WIDTH="74" HEIGHT="34" CONTENT="jonto" WC="0.85" CC="00600"/>
						<SP ID="P181_SP00079" HPOS="981" VPOS="526" WIDTH="21"/>
						<String ID="P181_ST00088" HPOS="1002" VPOS="490" WIDTH="26" HEIGHT="26" CONTENT="lo" WC="0.83" CC="30"/>
						<SP ID="P181_SP00080" HPOS="1028" VPOS="526" WIDTH="22"/>
						<String ID="P181_ST00089" HPOS="1050" VPOS="490" WIDTH="71" HEIGHT="36" CONTENT="prin" SUBS_TYPE="HypPart1" SUBS_CONTENT="principe" WC="0.87" CC="00410"/>
						<HYP CONTENT="-"/>
					</TextLine>
					<TextLine ID="P181_TL00010" HPOS="164" VPOS="536" WIDTH="957" HEIGHT="39">
						<String ID="P181_ST00090" HPOS="164" VPOS="538" WIDTH="58" HEIGHT="36" CONTENT="cipe" SUBS_TYPE="HypPart2" SUBS_CONTENT="principe" WC="0.86" CC="4100"/>
						<SP ID="P181_SP00081" HPOS="222" VPOS="574" WIDTH="21"/>
						<String ID="P181_ST00091" HPOS="243" VPOS="536" WIDTH="88" HEIGHT="28" CONTENT="subito" WC="0.74" CC="046500"/>
						<SP ID="P181_SP00082" HPOS="331" VPOS="574" WIDTH="21"/>
						<String ID="P181_ST00092" HPOS="352" VPOS="537" WIDTH="18" HEIGHT="27" CONTENT="li" WC="0.92" CC="01"/>
						<SP ID="P181_SP00083" HPOS="370" VPOS="574" WIDTH="21"/>
						<String ID="P181_ST00093" HPOS="391" VPOS="536" WIDTH="95" HEIGHT="28" CONTENT="soldati" WC="0.81" CC="0070060"/>
						<SP ID="P181_SP00084" HPOS="486" VPOS="574" WIDTH="23"/>
						<String ID="P181_ST00094" HPOS="509" VPOS="547" WIDTH="49" HEIGHT="18" CONTENT="con" WC="0.78" CC="600"/>
						<SP ID="P181_SP00085" HPOS="558" VPOS="574" WIDTH="22"/>
						<String ID="P181_ST00095" HPOS="580" VPOS="539" WIDTH="41" HEIGHT="26" CONTENT="soi" WC="0.52" CC="166"/>
						<SP ID="P181_SP00086" HPOS="621" VPOS="574" WIDTH="20"/>
						<String ID="P181_ST00096" HPOS="641" VPOS="537" WIDTH="95" HEIGHT="38" CONTENT="bagagi" WC="0.76" CC="750001"/>
						<SP ID="P181_SP00087" HPOS="736" VPOS="575" WIDTH="22"/>
						<String ID="P181_ST00097" HPOS="758" VPOS="548" WIDTH="27" HEIGHT="17" CONTENT="se" WC="0.73" CC="05"/>
						<SP ID="P181_SP00088" HPOS="785" VPOS="575" WIDTH="22"/>
						<String ID="P181_ST00098" HPOS="807" VPOS="538" WIDTH="171" HEIGHT="27" CONTENT="imbarcorno" WC="0.70" CC="4000653009"/>
						<SP ID="P181_SP00089" HPOS="978" VPOS="575" WIDTH="26"/>
						<String ID="P181_ST00099" HPOS="1004" VPOS="547" WIDTH="79" HEIGHT="27" CONTENT="sopra" WC="0.77" CC="00090"/>
						<SP ID="P181_SP00090" HPOS="1083" VPOS="575" WIDTH="19"/>
						<String ID="P181_ST00100" HPOS="1102" VPOS="538" WIDTH="19" HEIGHT="26" CONTENT="li" WC="0.96" CC="00"/>
					</TextLine>
					<TextLine ID="P181_TL00011" HPOS="165" VPOS="586" WIDTH="956" HEIGHT="38">
						<String ID="P181_ST00101" HPOS="165" VPOS="596" WIDTH="36" HEIGHT="27" CONTENT="44" WC="1.00" CC="00"/>
						<SP ID="P181_SP00091" HPOS="201" VPOS="623" WIDTH="21"/>
						<String ID="P181_ST00102" HPOS="222" VPOS="586" WIDTH="82" HEIGHT="28" CONTENT="vaseli" WC="0.90" CC="000050"/>
						<SP ID="P181_SP00092" HPOS="304" VPOS="623" WIDTH="21"/>
						<String ID="P181_ST00103" HPOS="325" VPOS="596" WIDTH="78" HEIGHT="27" CONTENT="sopra" WC="0.80" CC="90000"/>
						<SP ID="P181_SP00093" HPOS="403" VPOS="623" WIDTH="22"/>
						<String ID="P181_ST00104" HPOS="425" VPOS="586" WIDTH="46" HEIGHT="27" CONTENT="diti" WC="0.92" CC="0300"/>
						<SP ID="P181_SP00094" HPOS="471" VPOS="623" WIDTH="21"/>
						<String ID="P181_ST00105" HPOS="492" VPOS="588" WIDTH="45" HEIGHT="36" CONTENT="poi" WC="1.00" CC="000"/>
						<SP ID="P181_SP00095" HPOS="537" VPOS="624" WIDTH="15"/>
						<String ID="P181_ST00106" HPOS="552" VPOS="596" WIDTH="93" HEIGHT="28" CONTENT="apreso" WC="0.55" CC="604591"/>
						<SP ID="P181_SP00096" HPOS="645" VPOS="624" WIDTH="14"/>
						<String ID="P181_ST00107" HPOS="659" VPOS="597" WIDTH="47" HEIGHT="17" CONTENT="sua" WC="0.96" CC="100"/>
						<SP ID="P181_SP00097" HPOS="706" VPOS="624" WIDTH="14"/>
						<String ID="P181_ST00108" HPOS="720" VPOS="596" WIDTH="118" HEIGHT="28" CONTENT="magesta" WC="0.90" CC="0000240"/>
						<SP ID="P181_SP00098" HPOS="838" VPOS="624" WIDTH="14"/>
						<String ID="P181_ST00109" HPOS="852" VPOS="597" WIDTH="52" HEIGHT="18" CONTENT="con" WC="0.81" CC="202"/>
						<SP ID="P181_SP00099" HPOS="904" VPOS="624" WIDTH="13"/>
						<String ID="P181_ST00110" HPOS="917" VPOS="597" WIDTH="76" HEIGHT="27" CONTENT="gram" WC="0.40" CC="9409"/>
						<SP ID="P181_SP00100" HPOS="993" VPOS="624" WIDTH="15"/>
						<String ID="P181_ST00111" HPOS="1008" VPOS="596" WIDTH="113" HEIGHT="18" CONTENT="nomerò" WC="0.67" CC="640503"/>
					</TextLine>
					<TextLine ID="P181_TL00012" HPOS="166" VPOS="635" WIDTH="889" HEIGHT="39">
						<String ID="P181_ST00112" HPOS="166" VPOS="635" WIDTH="31" HEIGHT="28" CONTENT="de" WC="1.00" CC="00"/>
						<SP ID="P181_SP00101" HPOS="197" VPOS="663" WIDTH="22"/>
						<String ID="P181_ST00113" HPOS="219" VPOS="636" WIDTH="100" HEIGHT="37" CONTENT="signori" WC="0.74" CC="0605070"/>
						<SP ID="P181_SP00102" HPOS="319" VPOS="673" WIDTH="21"/>
						<String ID="P181_ST00114" HPOS="340" VPOS="646" WIDTH="13" HEIGHT="17" CONTENT="e" WC="0.49" CC="5"/>
						<SP ID="P181_SP00103" HPOS="353" VPOS="673" WIDTH="21"/>
						<String ID="P181_ST00115" HPOS="374" VPOS="643" WIDTH="57" HEIGHT="20" CONTENT="tuta" WC="0.46" CC="4259"/>
						<SP ID="P181_SP00104" HPOS="431" VPOS="673" WIDTH="21"/>
						<String ID="P181_ST00116" HPOS="452" VPOS="636" WIDTH="22" HEIGHT="27" CONTENT="la" WC="1.00" CC="00"/>
						<SP ID="P181_SP00105" HPOS="474" VPOS="673" WIDTH="21"/>
						<String ID="P181_ST00117" HPOS="495" VPOS="646" WIDTH="46" HEIGHT="17" CONTENT="sua" WC="0.53" CC="049"/>
						<SP ID="P181_SP00106" HPOS="541" VPOS="673" WIDTH="21"/>
						<String ID="P181_ST00118" HPOS="562" VPOS="644" WIDTH="73" HEIGHT="19" CONTENT="corte" WC="0.59" CC="70714"/>
						<SP ID="P181_SP00107" HPOS="635" VPOS="673" WIDTH="31"/>
						<String ID="P181_ST00119" HPOS="666" VPOS="646" WIDTH="26" HEIGHT="17" CONTENT="se" WC="0.45" CC="55"/>
						<SP ID="P181_SP00108" HPOS="692" VPOS="673" WIDTH="32"/>
						<String ID="P181_ST00120" HPOS="724" VPOS="635" WIDTH="170" HEIGHT="28" CONTENT="imbarcorno" WC="0.63" CC="3250660055"/>
						<SP ID="P181_SP00109" HPOS="894" VPOS="673" WIDTH="31"/>
						<String ID="P181_ST00121" HPOS="925" VPOS="646" WIDTH="76" HEIGHT="28" CONTENT="sopra" WC="0.98" CC="00010"/>
						<SP ID="P181_SP00110" HPOS="1001" VPOS="674" WIDTH="31"/>
						<String ID="P181_ST00122" HPOS="1032" VPOS="636" WIDTH="23" HEIGHT="27" CONTENT="le" WC="0.77" CC="40"/>
						<SP ID="P181_SP00111" HPOS="1055" VPOS="674" WIDTH="0"/>
					</TextLine>
					<TextLine ID="P181_TL00013" HPOS="165" VPOS="685" WIDTH="957" HEIGHT="38">
						<String ID="P181_ST00123" HPOS="165" VPOS="685" WIDTH="88" HEIGHT="37" CONTENT="galere" WC="0.68" CC="804401"/>
						<SP ID="P181_SP00112" HPOS="253" VPOS="722" WIDTH="20"/>
						<String ID="P181_ST00124" HPOS="273" VPOS="695" WIDTH="78" HEIGHT="27" CONTENT="sopra" WC="0.89" CC="00005"/>
						<SP ID="P181_SP00113" HPOS="351" VPOS="722" WIDTH="21"/>
						<String ID="P181_ST00125" HPOS="372" VPOS="685" WIDTH="54" HEIGHT="27" CONTENT="dite" WC="0.85" CC="0050"/>
						<SP ID="P181_SP00114" HPOS="426" VPOS="722" WIDTH="21"/>
						<String ID="P181_ST00126" HPOS="447" VPOS="695" WIDTH="13" HEIGHT="17" CONTENT="e" WC="0.85" CC="1"/>
						<SP ID="P181_SP00115" HPOS="460" VPOS="722" WIDTH="21"/>
						<String ID="P181_ST00127" HPOS="481" VPOS="685" WIDTH="23" HEIGHT="27" CONTENT="la" WC="0.50" CC="09"/>
						<SP ID="P181_SP00116" HPOS="504" VPOS="722" WIDTH="21"/>
						<String ID="P181_ST00128" HPOS="525" VPOS="686" WIDTH="85" HEIGHT="36" CONTENT="prima" WC="0.68" CC="04505"/>
						<SP ID="P181_SP00117" HPOS="610" VPOS="722" WIDTH="20"/>
						<String ID="P181_ST00129" HPOS="630" VPOS="686" WIDTH="130" HEIGHT="26" CONTENT="setimana" WC="0.93" CC="00030000"/>
						<SP ID="P181_SP00118" HPOS="760" VPOS="722" WIDTH="15"/>
						<String ID="P181_ST00130" HPOS="775" VPOS="685" WIDTH="43" HEIGHT="27" CONTENT="del" WC="0.91" CC="002"/>
						<SP ID="P181_SP00119" HPOS="818" VPOS="722" WIDTH="13"/>
						<String ID="P181_ST00131" HPOS="831" VPOS="696" WIDTH="74" HEIGHT="16" CONTENT="meze" WC="0.84" CC="0060"/>
						<SP ID="P181_SP00120" HPOS="905" VPOS="722" WIDTH="15"/>
						<String ID="P181_ST00132" HPOS="920" VPOS="685" WIDTH="26" HEIGHT="27" CONTENT="di" WC="0.15" CC="97"/>
						<SP ID="P181_SP00121" HPOS="946" VPOS="722" WIDTH="15"/>
						<String ID="P181_ST00133" HPOS="961" VPOS="686" WIDTH="90" HEIGHT="37" CONTENT="magio" WC="0.68" CC="40055"/>
						<SP ID="P181_SP00122" HPOS="1051" VPOS="723" WIDTH="15"/>
						<String ID="P181_ST00134" HPOS="1066" VPOS="693" WIDTH="56" HEIGHT="19" CONTENT="tute" WC="0.59" CC="5640"/>
					</TextLine>
					<TextLine ID="P181_TL00014" HPOS="165" VPOS="734" WIDTH="957" HEIGHT="37">
						<String ID="P181_ST00135" HPOS="165" VPOS="734" WIDTH="24" HEIGHT="28" CONTENT="le" WC="1.00" CC="00"/>
						<SP ID="P181_SP00123" HPOS="189" VPOS="762" WIDTH="22"/>
						<String ID="P181_ST00136" HPOS="211" VPOS="734" WIDTH="87" HEIGHT="37" CONTENT="galere" WC="0.84" CC="090000"/>
						<SP ID="P181_SP00124" HPOS="298" VPOS="771" WIDTH="22"/>
						<String ID="P181_ST00137" HPOS="320" VPOS="744" WIDTH="13" HEIGHT="18" CONTENT="e" WC="1.00" CC="0"/>
						<SP ID="P181_SP00125" HPOS="333" VPOS="771" WIDTH="21"/>
						<String ID="P181_ST00138" HPOS="354" VPOS="735" WIDTH="50" HEIGHT="27" CONTENT="turi" WC="0.43" CC="5844"/>
						<SP ID="P181_SP00126" HPOS="404" VPOS="771" WIDTH="20"/>
						<String ID="P181_ST00139" HPOS="424" VPOS="734" WIDTH="17" HEIGHT="28" CONTENT="li" WC="0.52" CC="72"/>
						<SP ID="P181_SP00127" HPOS="441" VPOS="771" WIDTH="22"/>
						<String ID="P181_ST00140" HPOS="463" VPOS="734" WIDTH="81" HEIGHT="28" CONTENT="vaseli" WC="0.89" CC="000006"/>
						<SP ID="P181_SP00128" HPOS="544" VPOS="771" WIDTH="20"/>
						<String ID="P181_ST00141" HPOS="564" VPOS="735" WIDTH="75" HEIGHT="36" CONTENT="queri" WC="0.86" CC="05000"/>
						<SP ID="P181_SP00129" HPOS="639" VPOS="771" WIDTH="22"/>
						<String ID="P181_ST00142" HPOS="661" VPOS="739" WIDTH="37" HEIGHT="23" CONTENT='se"' WC="0.61" CC="047"/>
						<SP ID="P181_SP00130" HPOS="698" VPOS="771" WIDTH="11"/>
						<String ID="P181_ST00143" HPOS="709" VPOS="735" WIDTH="104" HEIGHT="36" CONTENT="panino" WC="0.83" CC="070010"/>
						<SP ID="P181_SP00131" HPOS="813" VPOS="771" WIDTH="23"/>
						<String ID="P181_ST00144" HPOS="836" VPOS="734" WIDTH="31" HEIGHT="28" CONTENT="da" WC="0.65" CC="06"/>
						<SP ID="P181_SP00132" HPOS="867" VPOS="771" WIDTH="15"/>
						<String ID="P181_ST00145" HPOS="882" VPOS="734" WIDTH="138" HEIGHT="28" CONTENT="barselona" WC="0.73" CC="003007435"/>
						<SP ID="P181_SP00133" HPOS="1020" VPOS="771" WIDTH="15"/>
						<String ID="P181_ST00146" HPOS="1035" VPOS="745" WIDTH="14" HEIGHT="17" CONTENT="e" WC="1.00" CC="0"/>
						<SP ID="P181_SP00134" HPOS="1049" VPOS="771" WIDTH="13"/>
						<String ID="P181_ST00147" HPOS="1062" VPOS="734" WIDTH="60" HEIGHT="28" CONTENT="date" WC="1.00" CC="0000"/>
					</TextLine>
					<TextLine ID="P181_TL00015" HPOS="166" VPOS="782" WIDTH="956" HEIGHT="38">
						<String ID="P181_ST00148" HPOS="166" VPOS="782" WIDTH="23" HEIGHT="29" CONTENT="le" WC="0.94" CC="10"/>
						<SP ID="P181_SP00135" HPOS="189" VPOS="811" WIDTH="21"/>
						<String ID="P181_ST00149" HPOS="210" VPOS="784" WIDTH="59" HEIGHT="27" CONTENT="vele" WC="0.88" CC="0040"/>
						<SP ID="P181_SP00136" HPOS="269" VPOS="811" WIDTH="21"/>
						<String ID="P181_ST00150" HPOS="290" VPOS="783" WIDTH="24" HEIGHT="28" CONTENT="al" WC="0.58" CC="80"/>
						<SP ID="P181_SP00137" HPOS="314" VPOS="811" WIDTH="20"/>
						<String ID="P181_ST00151" HPOS="334" VPOS="791" WIDTH="81" HEIGHT="20" CONTENT="vento" WC="0.77" CC="00740"/>
						<SP ID="P181_SP00138" HPOS="415" VPOS="811" WIDTH="21"/>
						<String ID="P181_ST00152" HPOS="436" VPOS="793" WIDTH="100" HEIGHT="18" CONTENT="venero" WC="0.84" CC="000045"/>
						<SP ID="P181_SP00139" HPOS="536" VPOS="811" WIDTH="22"/>
						<String ID="P181_ST00153" HPOS="558" VPOS="783" WIDTH="149" HEIGHT="28" CONTENT="navicando" WC="0.73" CC="660020601"/>
						<SP ID="P181_SP00140" HPOS="707" VPOS="811" WIDTH="22"/>
						<String ID="P181_ST00154" HPOS="729" VPOS="794" WIDTH="77" HEIGHT="17" CONTENT="verso" WC="0.97" CC="00100"/>
						<SP ID="P181_SP00141" HPOS="806" VPOS="811" WIDTH="22"/>
						<String ID="P181_ST00155" HPOS="828" VPOS="794" WIDTH="86" HEIGHT="25" CONTENT="genoa" WC="0.84" CC="00520"/>
						<SP ID="P181_SP00142" HPOS="914" VPOS="819" WIDTH="21"/>
						<String ID="P181_ST00156" HPOS="935" VPOS="795" WIDTH="13" HEIGHT="16" CONTENT="e" WC="0.25" CC="7"/>
						<SP ID="P181_SP00143" HPOS="948" VPOS="819" WIDTH="25"/>
						<String ID="P181_ST00157" HPOS="973" VPOS="784" WIDTH="95" HEIGHT="36" CONTENT="perche" WC="0.77" CC="000670"/>
						<SP ID="P181_SP00144" HPOS="1068" VPOS="820" WIDTH="27"/>
						<String ID="P181_ST00158" HPOS="1095" VPOS="783" WIDTH="27" HEIGHT="28" CONTENT="lo" WC="0.71" CC="50"/>
					</TextLine>
					<TextLine ID="P181_TL00016" HPOS="167" VPOS="832" WIDTH="956" HEIGHT="38">
						<String ID="P181_ST00159" HPOS="167" VPOS="843" WIDTH="28" HEIGHT="17" CONTENT="re" WC="0.76" CC="40"/>
						<SP ID="P181_SP00145" HPOS="195" VPOS="860" WIDTH="21"/>
						<String ID="P181_ST00160" HPOS="216" VPOS="832" WIDTH="26" HEIGHT="29" CONTENT="di" WC="0.70" CC="06"/>
						<SP ID="P181_SP00146" HPOS="242" VPOS="861" WIDTH="21"/>
						<String ID="P181_ST00161" HPOS="263" VPOS="833" WIDTH="98" HEIGHT="27" CONTENT="Fransa" WC="0.86" CC="000205"/>
						<SP ID="P181_SP00147" HPOS="361" VPOS="861" WIDTH="21"/>
						<String ID="P181_ST00162" HPOS="382" VPOS="834" WIDTH="58" HEIGHT="25" CONTENT="avia" WC="0.80" CC="0070"/>
						<SP ID="P181_SP00148" HPOS="440" VPOS="861" WIDTH="21"/>
						<String ID="P181_ST00163" HPOS="461" VPOS="833" WIDTH="122" HEIGHT="36" CONTENT="alquante" WC="0.82" CC="32030050"/>
						<SP ID="P181_SP00149" HPOS="583" VPOS="869" WIDTH="20"/>
						<String ID="P181_ST00164" HPOS="603" VPOS="832" WIDTH="87" HEIGHT="37" CONTENT="galere" WC="0.82" CC="091000"/>
						<SP ID="P181_SP00150" HPOS="690" VPOS="869" WIDTH="21"/>
						<String ID="P181_ST00165" HPOS="711" VPOS="839" WIDTH="99" HEIGHT="21" CONTENT="armate" WC="0.69" CC="044026"/>
						<SP ID="P181_SP00151" HPOS="810" VPOS="869" WIDTH="20"/>
						<String ID="P181_ST00166" HPOS="830" VPOS="833" WIDTH="27" HEIGHT="27" CONTENT="lo" WC="0.17" CC="78"/>
						<SP ID="P181_SP00152" HPOS="857" VPOS="869" WIDTH="32"/>
						<String ID="P181_ST00167" HPOS="889" VPOS="834" WIDTH="122" HEIGHT="36" CONTENT="prencipe" WC="0.74" CC="06083002"/>
						<SP ID="P181_SP00153" HPOS="1011" VPOS="870" WIDTH="28"/>
						<String ID="P181_ST00168" HPOS="1039" VPOS="834" WIDTH="84" HEIGHT="27" CONTENT="Doria" WC="0.70" CC="24240"/>
					</TextLine>
					<TextLine ID="P181_TL00017" HPOS="167" VPOS="881" WIDTH="957" HEIGHT="38">
						<String ID="P181_ST00169" HPOS="167" VPOS="892" WIDTH="50" HEIGHT="18" CONTENT="con" WC="0.67" CC="305"/>
						<SP ID="P181_SP00154" HPOS="217" VPOS="910" WIDTH="22"/>
						<String ID="P181_ST00170" HPOS="239" VPOS="882" WIDTH="23" HEIGHT="27" CONTENT="le" WC="1.00" CC="00"/>
						<SP ID="P181_SP00155" HPOS="262" VPOS="910" WIDTH="20"/>
						<String ID="P181_ST00171" HPOS="282" VPOS="891" WIDTH="46" HEIGHT="19" CONTENT="sue" WC="1.00" CC="000"/>
						<SP ID="P181_SP00156" HPOS="328" VPOS="910" WIDTH="21"/>
						<String ID="P181_ST00172" HPOS="349" VPOS="881" WIDTH="88" HEIGHT="37" CONTENT="galere" WC="0.83" CC="063000"/>
						<SP ID="P181_SP00157" HPOS="437" VPOS="918" WIDTH="22"/>
						<String ID="P181_ST00173" HPOS="459" VPOS="892" WIDTH="13" HEIGHT="17" CONTENT="a" WC="1.00" CC="0"/>
						<SP ID="P181_SP00158" HPOS="472" VPOS="918" WIDTH="22"/>
						<String ID="P181_ST00174" HPOS="494" VPOS="891" WIDTH="184" HEIGHT="27" CONTENT="compagnava" WC="0.67" CC="5037006009"/>
						<SP ID="P181_SP00159" HPOS="678" VPOS="918" WIDTH="19"/>
						<String ID="P181_ST00175" HPOS="697" VPOS="882" WIDTH="19" HEIGHT="27" CONTENT="li" WC="0.92" CC="01"/>
						<SP ID="P181_SP00160" HPOS="716" VPOS="918" WIDTH="21"/>
						<String ID="P181_ST00176" HPOS="737" VPOS="882" WIDTH="81" HEIGHT="27" CONTENT="vaseli" WC="0.86" CC="000035"/>
						<SP ID="P181_SP00161" HPOS="818" VPOS="918" WIDTH="21"/>
						<String ID="P181_ST00177" HPOS="839" VPOS="883" WIDTH="75" HEIGHT="36" CONTENT="queri" WC="0.94" CC="03000"/>
						<SP ID="P181_SP00162" HPOS="914" VPOS="919" WIDTH="12"/>
						<String ID="P181_ST00178" HPOS="926" VPOS="892" WIDTH="13" HEIGHT="17" CONTENT="e" WC="0.74" CC="2"/>
						<SP ID="P181_SP00163" HPOS="939" VPOS="919" WIDTH="15"/>
						<String ID="P181_ST00179" HPOS="954" VPOS="881" WIDTH="107" HEIGHT="38" CONTENT="quando" WC="0.74" CC="070700"/>
						<SP ID="P181_SP00164" HPOS="1061" VPOS="919" WIDTH="12"/>
						<String ID="P181_ST00180" HPOS="1073" VPOS="883" WIDTH="51" HEIGHT="27" CONTENT="tar" SUBS_TYPE="HypPart1" SUBS_CONTENT="tarmata" WC="0.67" CC="7032"/>
						<HYP CONTENT="-"/>
					</TextLine>
					<TextLine ID="P181_TL00018" HPOS="167" VPOS="930" WIDTH="955" HEIGHT="38">
						<String ID="P181_ST00181" HPOS="167" VPOS="939" WIDTH="71" HEIGHT="20" CONTENT="mata" SUBS_TYPE="HypPart2" SUBS_CONTENT="tarmata" WC="1.00" CC="0000"/>
						<SP ID="P181_SP00165" HPOS="238" VPOS="959" WIDTH="21"/>
						<String ID="P181_ST00182" HPOS="259" VPOS="931" WIDTH="32" HEIGHT="27" CONTENT="de" WC="1.00" CC="00"/>
						<SP ID="P181_SP00166" HPOS="291" VPOS="959" WIDTH="21"/>
						<String ID="P181_ST00183" HPOS="312" VPOS="940" WIDTH="90" HEIGHT="18" CONTENT="cezare" WC="0.64" CC="701930"/>
						<SP ID="P181_SP00167" HPOS="402" VPOS="959" WIDTH="21"/>
						<String ID="P181_ST00184" HPOS="423" VPOS="930" WIDTH="26" HEIGHT="27" CONTENT="fu" WC="0.73" CC="14"/>
						<SP ID="P181_SP00168" HPOS="449" VPOS="959" WIDTH="21"/>
						<String ID="P181_ST00185" HPOS="470" VPOS="940" WIDTH="79" HEIGHT="27" CONTENT="sopra" WC="0.99" CC="00000"/>
						<SP ID="P181_SP00169" HPOS="549" VPOS="967" WIDTH="21"/>
						<String ID="P181_ST00186" HPOS="570" VPOS="931" WIDTH="131" HEIGHT="36" CONTENT="marsegia" WC="0.68" CC="70002049"/>
						<SP ID="P181_SP00170" HPOS="701" VPOS="967" WIDTH="20"/>
						<String ID="P181_ST00187" HPOS="721" VPOS="932" WIDTH="40" HEIGHT="26" CONTENT="usi" WC="0.92" CC="020"/>
						<SP ID="P181_SP00171" HPOS="761" VPOS="967" WIDTH="21"/>
						<String ID="P181_ST00188" HPOS="782" VPOS="930" WIDTH="32" HEIGHT="28" CONTENT="de" WC="1.00" CC="00"/>
						<SP ID="P181_SP00172" HPOS="814" VPOS="967" WIDTH="20"/>
						<String ID="P181_ST00189" HPOS="834" VPOS="932" WIDTH="131" HEIGHT="36" CONTENT="marsegia" WC="0.63" CC="09300069"/>
						<SP ID="P181_SP00173" HPOS="965" VPOS="968" WIDTH="24"/>
						<String ID="P181_ST00190" HPOS="989" VPOS="939" WIDTH="32" HEIGHT="20" CONTENT="12" WC="0.44" CC="55"/>
						<SP ID="P181_SP00174" HPOS="1021" VPOS="968" WIDTH="13"/>
						<String ID="P181_ST00191" HPOS="1034" VPOS="930" WIDTH="88" HEIGHT="38" CONTENT="galere" WC="0.78" CC="800004"/>
					</TextLine>
					<TextLine ID="P181_TL00019" HPOS="168" VPOS="978" WIDTH="955" HEIGHT="38">
						<String ID="P181_ST00192" HPOS="168" VPOS="990" WIDTH="14" HEIGHT="18" CONTENT="e" WC="1.00" CC="0"/>
						<SP ID="P181_SP00175" HPOS="182" VPOS="1008" WIDTH="20"/>
						<String ID="P181_ST00193" HPOS="202" VPOS="990" WIDTH="27" HEIGHT="17" CONTENT="se" WC="1.00" CC="00"/>
						<SP ID="P181_SP00176" HPOS="229" VPOS="1008" WIDTH="21"/>
						<String ID="P181_ST00194" HPOS="250" VPOS="981" WIDTH="104" HEIGHT="26" CONTENT="miseno" WC="0.75" CC="045005"/>
						<SP ID="P181_SP00177" HPOS="354" VPOS="1008" WIDTH="22"/>
						<String ID="P181_ST00195" HPOS="376" VPOS="980" WIDTH="69" HEIGHT="27" CONTENT="alato" WC="0.75" CC="62003"/>
						<SP ID="P181_SP00178" HPOS="445" VPOS="1008" WIDTH="23"/>
						<String ID="P181_ST00196" HPOS="468" VPOS="979" WIDTH="39" HEIGHT="28" CONTENT="ala" WC="0.52" CC="049"/>
						<SP ID="P181_SP00179" HPOS="507" VPOS="1008" WIDTH="20"/>
						<String ID="P181_ST00197" HPOS="527" VPOS="979" WIDTH="99" HEIGHT="28" CONTENT="fortesa" WC="0.96" CC="1000010"/>
						<SP ID="P181_SP00180" HPOS="626" VPOS="1008" WIDTH="21"/>
						<String ID="P181_ST00198" HPOS="647" VPOS="978" WIDTH="32" HEIGHT="29" CONTENT="de" WC="1.00" CC="00"/>
						<SP ID="P181_SP00181" HPOS="679" VPOS="1008" WIDTH="21"/>
						<String ID="P181_ST00199" HPOS="700" VPOS="981" WIDTH="129" HEIGHT="35" CONTENT="marsegia" WC="0.66" CC="06670070"/>
						<SP ID="P181_SP00182" HPOS="829" VPOS="1016" WIDTH="22"/>
						<String ID="P181_ST00200" HPOS="851" VPOS="990" WIDTH="13" HEIGHT="17" CONTENT="e" WC="0.71" CC="2"/>
						<SP ID="P181_SP00183" HPOS="864" VPOS="1016" WIDTH="11"/>
						<String ID="P181_ST00201" HPOS="875" VPOS="981" WIDTH="45" HEIGHT="35" CONTENT="poi" WC="0.87" CC="003"/>
						<SP ID="P181_SP00184" HPOS="920" VPOS="1016" WIDTH="14"/>
						<String ID="P181_ST00202" HPOS="934" VPOS="990" WIDTH="33" HEIGHT="17" CONTENT="ne" WC="0.67" CC="60"/>
						<SP ID="P181_SP00185" HPOS="967" VPOS="1016" WIDTH="16"/>
						<String ID="P181_ST00203" HPOS="983" VPOS="982" WIDTH="75" HEIGHT="26" CONTENT="esino" WC="0.82" CC="00440"/>
						<SP ID="P181_SP00186" HPOS="1058" VPOS="1016" WIDTH="14"/>
						<String ID="P181_ST00204" HPOS="1072" VPOS="980" WIDTH="51" HEIGHT="28" CONTENT="due" WC="0.68" CC="054"/>
					</TextLine>
					<TextLine ID="P181_TL00020" HPOS="167" VPOS="1028" WIDTH="957" HEIGHT="38">
						<String ID="P181_ST00205" HPOS="167" VPOS="1039" WIDTH="55" HEIGHT="18" CONTENT="uno" WC="0.76" CC="700"/>
						<SP ID="P181_SP00187" HPOS="222" VPOS="1057" WIDTH="20"/>
						<String ID="P181_ST00206" HPOS="242" VPOS="1039" WIDTH="69" HEIGHT="27" CONTENT="poco" WC="0.67" CC="0670"/>
						<SP ID="P181_SP00188" HPOS="311" VPOS="1066" WIDTH="21"/>
						<String ID="P181_ST00207" HPOS="332" VPOS="1030" WIDTH="45" HEIGHT="36" CONTENT="più" WC="0.73" CC="052"/>
						<SP ID="P181_SP00189" HPOS="377" VPOS="1066" WIDTH="21"/>
						<String ID="P181_ST00208" HPOS="398" VPOS="1030" WIDTH="89" HEIGHT="26" CONTENT="avanti" WC="0.71" CC="900070"/>
						<SP ID="P181_SP00190" HPOS="487" VPOS="1066" WIDTH="20"/>
						<String ID="P181_ST00209" HPOS="507" VPOS="1038" WIDTH="13" HEIGHT="17" CONTENT="e" WC="0.85" CC="1"/>
						<SP ID="P181_SP00191" HPOS="520" VPOS="1066" WIDTH="22"/>
						<String ID="P181_ST00210" HPOS="542" VPOS="1028" WIDTH="88" HEIGHT="28" CONTENT="subito" WC="0.56" CC="043646"/>
						<SP ID="P181_SP00192" HPOS="630" VPOS="1066" WIDTH="21"/>
						<String ID="P181_ST00211" HPOS="651" VPOS="1039" WIDTH="32" HEIGHT="17" CONTENT="ne" WC="0.96" CC="00"/>
						<SP ID="P181_SP00193" HPOS="683" VPOS="1066" WIDTH="30"/>
						<String ID="P181_ST00212" HPOS="713" VPOS="1030" WIDTH="41" HEIGHT="26" CONTENT="usi" WC="0.77" CC="402"/>
						<SP ID="P181_SP00194" HPOS="754" VPOS="1066" WIDTH="31"/>
						<String ID="P181_ST00213" HPOS="785" VPOS="1028" WIDTH="50" HEIGHT="28" CONTENT="due" WC="1.00" CC="000"/>
						<SP ID="P181_SP00195" HPOS="835" VPOS="1066" WIDTH="32"/>
						<String ID="P181_ST00214" HPOS="867" VPOS="1028" WIDTH="31" HEIGHT="28" CONTENT="de" WC="1.00" CC="00"/>
						<SP ID="P181_SP00196" HPOS="898" VPOS="1066" WIDTH="32"/>
						<String ID="P181_ST00215" HPOS="930" VPOS="1030" WIDTH="78" HEIGHT="36" CONTENT="quele" WC="0.92" CC="00200"/>
						<SP ID="P181_SP00197" HPOS="1008" VPOS="1066" WIDTH="30"/>
						<String ID="P181_ST00216" HPOS="1038" VPOS="1029" WIDTH="33" HEIGHT="28" CONTENT="de" WC="1.00" CC="00"/>
						<SP ID="P181_SP00198" HPOS="1071" VPOS="1066" WIDTH="26"/>
						<String ID="P181_ST00217" HPOS="1097" VPOS="1029" WIDTH="27" HEIGHT="29" CONTENT="lo" WC="0.82" CC="30"/>
					</TextLine>
					<TextLine ID="P181_TL00021" HPOS="167" VPOS="1077" WIDTH="957" HEIGHT="39">
						<String ID="P181_ST00218" HPOS="167" VPOS="1080" WIDTH="119" HEIGHT="36" CONTENT="principe" WC="0.77" CC="00072403"/>
						<SP ID="P181_SP00199" HPOS="286" VPOS="1116" WIDTH="21"/>
						<String ID="P181_ST00219" HPOS="307" VPOS="1078" WIDTH="122" HEIGHT="28" CONTENT="andando" WC="0.63" CC="0085090"/>
						<SP ID="P181_SP00200" HPOS="429" VPOS="1116" WIDTH="22"/>
						<String ID="P181_ST00220" HPOS="451" VPOS="1088" WIDTH="78" HEIGHT="17" CONTENT="verso" WC="1.00" CC="00000"/>
						<SP ID="P181_SP00201" HPOS="529" VPOS="1116" WIDTH="20"/>
						<String ID="P181_ST00221" HPOS="549" VPOS="1078" WIDTH="77" HEIGHT="37" CONTENT="quele" WC="0.91" CC="00040"/>
						<SP ID="P181_SP00202" HPOS="626" VPOS="1116" WIDTH="21"/>
						<String ID="P181_ST00222" HPOS="647" VPOS="1077" WIDTH="51" HEIGHT="28" CONTENT="due" WC="0.83" CC="050"/>
						<SP ID="P181_SP00203" HPOS="698" VPOS="1116" WIDTH="21"/>
						<String ID="P181_ST00223" HPOS="719" VPOS="1077" WIDTH="32" HEIGHT="28" CONTENT="de" WC="0.67" CC="06"/>
						<SP ID="P181_SP00204" HPOS="751" VPOS="1116" WIDTH="21"/>
						<String ID="P181_ST00224" HPOS="772" VPOS="1078" WIDTH="98" HEIGHT="27" CONTENT="Fransa" WC="0.67" CC="550530"/>
						<SP ID="P181_SP00205" HPOS="870" VPOS="1116" WIDTH="22"/>
						<String ID="P181_ST00225" HPOS="892" VPOS="1088" WIDTH="13" HEIGHT="16" CONTENT="e" WC="1.00" CC="0"/>
						<SP ID="P181_SP00206" HPOS="905" VPOS="1116" WIDTH="22"/>
						<String ID="P181_ST00226" HPOS="927" VPOS="1088" WIDTH="80" HEIGHT="18" CONTENT="como" WC="0.86" CC="1003"/>
						<SP ID="P181_SP00207" HPOS="1007" VPOS="1116" WIDTH="21"/>
						<String ID="P181_ST00227" HPOS="1028" VPOS="1079" WIDTH="24" HEIGHT="27" CONTENT="le" WC="0.72" CC="50"/>
						<SP ID="P181_SP00208" HPOS="1052" VPOS="1116" WIDTH="21"/>
						<String ID="P181_ST00228" HPOS="1073" VPOS="1078" WIDTH="51" HEIGHT="28" CONTENT="due" WC="0.68" CC="054"/>
					</TextLine>
					<TextLine ID="P181_TL00022" HPOS="168" VPOS="1126" WIDTH="956" HEIGHT="39">
						<String ID="P181_ST00229" HPOS="168" VPOS="1127" WIDTH="32" HEIGHT="28" CONTENT="de" WC="1.00" CC="00"/>
						<SP ID="P181_SP00209" HPOS="200" VPOS="1155" WIDTH="22"/>
						<String ID="P181_ST00230" HPOS="222" VPOS="1128" WIDTH="97" HEIGHT="27" CONTENT="Fransa" WC="0.70" CC="050039"/>
						<SP ID="P181_SP00210" HPOS="319" VPOS="1155" WIDTH="20"/>
						<String ID="P181_ST00231" HPOS="339" VPOS="1127" WIDTH="92" HEIGHT="28" CONTENT="videro" WC="1.00" CC="000000"/>
						<SP ID="P181_SP00211" HPOS="431" VPOS="1155" WIDTH="22"/>
						<String ID="P181_ST00232" HPOS="453" VPOS="1128" WIDTH="49" HEIGHT="27" CONTENT="che" WC="0.78" CC="410"/>
						<SP ID="P181_SP00212" HPOS="502" VPOS="1155" WIDTH="20"/>
						<String ID="P181_ST00233" HPOS="522" VPOS="1127" WIDTH="140" HEIGHT="28" CONTENT="andavano" WC="0.78" CC="70090000"/>
						<SP ID="P181_SP00213" HPOS="662" VPOS="1155" WIDTH="22"/>
						<String ID="P181_ST00234" HPOS="684" VPOS="1136" WIDTH="90" HEIGHT="18" CONTENT="contra" WC="0.53" CC="634760"/>
						<SP ID="P181_SP00214" HPOS="774" VPOS="1155" WIDTH="22"/>
						<String ID="P181_ST00235" HPOS="796" VPOS="1126" WIDTH="27" HEIGHT="28" CONTENT="di" WC="0.71" CC="05"/>
						<SP ID="P181_SP00215" HPOS="823" VPOS="1155" WIDTH="19"/>
						<String ID="P181_ST00236" HPOS="842" VPOS="1127" WIDTH="59" HEIGHT="28" CONTENT="loro" WC="0.90" CC="0003"/>
						<SP ID="P181_SP00216" HPOS="901" VPOS="1155" WIDTH="21"/>
						<String ID="P181_ST00237" HPOS="922" VPOS="1138" WIDTH="32" HEIGHT="27" CONTENT="gè" WC="1.00" CC="00"/>
						<SP ID="P181_SP00217" HPOS="954" VPOS="1165" WIDTH="14"/>
						<String ID="P181_ST00238" HPOS="968" VPOS="1129" WIDTH="90" HEIGHT="26" CONTENT="tirano" WC="0.96" CC="200000"/>
						<SP ID="P181_SP00218" HPOS="1058" VPOS="1165" WIDTH="15"/>
						<String ID="P181_ST00239" HPOS="1073" VPOS="1128" WIDTH="51" HEIGHT="27" CONTENT="due" WC="0.75" CC="402"/>
					</TextLine>
					<TextLine ID="P181_TL00023" HPOS="168" VPOS="1176" WIDTH="956" HEIGHT="39">
						<String ID="P181_ST00240" HPOS="168" VPOS="1187" WIDTH="84" HEIGHT="18" CONTENT="canon" WC="0.64" CC="40706"/>
						<SP ID="P181_SP00219" HPOS="252" VPOS="1205" WIDTH="5"/>
						<String ID="P181_ST00241" HPOS="257" VPOS="1185" WIDTH="41" HEIGHT="20" CONTENT="ate" WC="0.89" CC="030"/>
						<SP ID="P181_SP00220" HPOS="298" VPOS="1205" WIDTH="21"/>
						<String ID="P181_ST00242" HPOS="319" VPOS="1187" WIDTH="13" HEIGHT="17" CONTENT="e" WC="1.00" CC="0"/>
						<SP ID="P181_SP00221" HPOS="332" VPOS="1205" WIDTH="22"/>
						<String ID="P181_ST00243" HPOS="354" VPOS="1176" WIDTH="77" HEIGHT="39" CONTENT="quele" WC="0.62" CC="05058"/>
						<SP ID="P181_SP00222" HPOS="431" VPOS="1215" WIDTH="21"/>
						<String ID="P181_ST00244" HPOS="452" VPOS="1176" WIDTH="31" HEIGHT="28" CONTENT="de" WC="0.62" CC="70"/>
						<SP ID="P181_SP00223" HPOS="483" VPOS="1215" WIDTH="21"/>
						<String ID="P181_ST00245" HPOS="504" VPOS="1187" WIDTH="88" HEIGHT="17" CONTENT="cezare" WC="0.66" CC="600732"/>
						<SP ID="P181_SP00224" HPOS="592" VPOS="1215" WIDTH="22"/>
						<String ID="P181_ST00246" HPOS="614" VPOS="1177" WIDTH="36" HEIGHT="37" CONTENT="gli" WC="0.92" CC="200"/>
						<SP ID="P181_SP00225" HPOS="650" VPOS="1215" WIDTH="20"/>
						<String ID="P181_ST00247" HPOS="670" VPOS="1176" WIDTH="94" HEIGHT="28" CONTENT="feceno" WC="0.89" CC="003020"/>
						<SP ID="P181_SP00226" HPOS="764" VPOS="1215" WIDTH="21"/>
						<String ID="P181_ST00248" HPOS="785" VPOS="1178" WIDTH="99" HEIGHT="36" CONTENT="riposta" WC="0.57" CC="5602256"/>
						<SP ID="P181_SP00227" HPOS="884" VPOS="1215" WIDTH="23"/>
						<String ID="P181_ST00249" HPOS="907" VPOS="1176" WIDTH="139" HEIGHT="38" CONTENT="tirandoge" WC="0.75" CC="454070000"/>
						<SP ID="P181_SP00228" HPOS="1046" VPOS="1215" WIDTH="27"/>
						<String ID="P181_ST00250" HPOS="1073" VPOS="1176" WIDTH="51" HEIGHT="29" CONTENT="due" WC="0.80" CC="005"/>
					</TextLine>
					<TextLine ID="P181_TL00024" HPOS="168" VPOS="1225" WIDTH="957" HEIGHT="39">
						<String ID="P181_ST00251" HPOS="168" VPOS="1234" WIDTH="129" HEIGHT="20" CONTENT="canonate" WC="0.79" CC="09006000"/>
						<SP ID="P181_SP00229" HPOS="297" VPOS="1254" WIDTH="19"/>
						<String ID="P181_ST00252" HPOS="316" VPOS="1237" WIDTH="66" HEIGHT="27" CONTENT="pero" WC="0.75" CC="0900"/>
						<SP ID="P181_SP00230" HPOS="382" VPOS="1264" WIDTH="22"/>
						<String ID="P181_ST00253" HPOS="404" VPOS="1237" WIDTH="80" HEIGHT="17" CONTENT="erano" WC="0.97" CC="00010"/>
						<SP ID="P181_SP00231" HPOS="484" VPOS="1264" WIDTH="21"/>
						<String ID="P181_ST00254" HPOS="505" VPOS="1225" WIDTH="108" HEIGHT="28" CONTENT="lontane" WC="0.55" CC="0673057"/>
						<SP ID="P181_SP00232" HPOS="613" VPOS="1264" WIDTH="22"/>
						<String ID="P181_ST00255" HPOS="635" VPOS="1226" WIDTH="61" HEIGHT="27" CONTENT="lune" WC="0.76" CC="5040"/>
						<SP ID="P181_SP00233" HPOS="696" VPOS="1264" WIDTH="21"/>
						<String ID="P181_ST00256" HPOS="717" VPOS="1226" WIDTH="32" HEIGHT="27" CONTENT="da" WC="1.00" CC="00"/>
						<SP ID="P181_SP00234" HPOS="749" VPOS="1264" WIDTH="27"/>
						<String ID="P181_ST00257" HPOS="776" VPOS="1226" WIDTH="24" HEIGHT="27" CONTENT="le" WC="0.67" CC="60"/>
						<SP ID="P181_SP00235" HPOS="800" VPOS="1264" WIDTH="27"/>
						<String ID="P181_ST00258" HPOS="827" VPOS="1226" WIDTH="63" HEIGHT="27" CONTENT="altre" WC="0.82" CC="04400"/>
						<SP ID="P181_SP00236" HPOS="890" VPOS="1264" WIDTH="27"/>
						<String ID="P181_ST00259" HPOS="917" VPOS="1237" WIDTH="14" HEIGHT="16" CONTENT="e" WC="1.00" CC="0"/>
						<SP ID="P181_SP00237" HPOS="931" VPOS="1264" WIDTH="27"/>
						<String ID="P181_ST00260" HPOS="958" VPOS="1237" WIDTH="55" HEIGHT="16" CONTENT="non" WC="0.91" CC="020"/>
						<SP ID="P181_SP00238" HPOS="1013" VPOS="1264" WIDTH="25"/>
						<String ID="P181_ST00261" HPOS="1038" VPOS="1237" WIDTH="32" HEIGHT="27" CONTENT="gè" WC="0.27" CC="67"/>
						<SP ID="P181_SP00239" HPOS="1070" VPOS="1264" WIDTH="29"/>
						<String ID="P181_ST00262" HPOS="1099" VPOS="1226" WIDTH="26" HEIGHT="27" CONTENT="fu" WC="0.58" CC="62"/>
					</TextLine>
					<TextLine ID="P181_TL00025" HPOS="169" VPOS="1275" WIDTH="955" HEIGHT="38">
						<String ID="P181_ST00263" HPOS="169" VPOS="1276" WIDTH="69" HEIGHT="28" CONTENT="dano" WC="0.84" CC="0060"/>
						<SP ID="P181_SP00240" HPOS="238" VPOS="1304" WIDTH="21"/>
						<String ID="P181_ST00264" HPOS="259" VPOS="1287" WIDTH="33" HEIGHT="16" CONTENT="ne" WC="1.00" CC="00"/>
						<SP ID="P181_SP00241" HPOS="292" VPOS="1304" WIDTH="21"/>
						<String ID="P181_ST00265" HPOS="313" VPOS="1287" WIDTH="13" HEIGHT="16" CONTENT="a" WC="1.00" CC="0"/>
						<SP ID="P181_SP00242" HPOS="326" VPOS="1304" WIDTH="20"/>
						<String ID="P181_ST00266" HPOS="346" VPOS="1276" WIDTH="62" HEIGHT="27" CONTENT="luna" WC="0.84" CC="1400"/>
						<SP ID="P181_SP00243" HPOS="408" VPOS="1304" WIDTH="20"/>
						<String ID="P181_ST00267" HPOS="428" VPOS="1286" WIDTH="33" HEIGHT="17" CONTENT="ne" WC="1.00" CC="00"/>
						<SP ID="P181_SP00244" HPOS="461" VPOS="1304" WIDTH="21"/>
						<String ID="P181_ST00268" HPOS="482" VPOS="1276" WIDTH="80" HEIGHT="27" CONTENT="alatra" WC="0.78" CC="930000"/>
						<SP ID="P181_SP00245" HPOS="562" VPOS="1304" WIDTH="19"/>
						<String ID="P181_ST00269" HPOS="581" VPOS="1283" WIDTH="73" HEIGHT="30" CONTENT="parte" WC="0.84" CC="07000"/>
						<SP ID="P181_SP00246" HPOS="654" VPOS="1313" WIDTH="21"/>
						<String ID="P181_ST00270" HPOS="675" VPOS="1286" WIDTH="14" HEIGHT="17" CONTENT="e" WC="1.00" CC="0"/>
						<SP ID="P181_SP00247" HPOS="689" VPOS="1313" WIDTH="30"/>
						<String ID="P181_ST00271" HPOS="719" VPOS="1276" WIDTH="88" HEIGHT="27" CONTENT="subito" WC="0.69" CC="304432"/>
						<SP ID="P181_SP00248" HPOS="807" VPOS="1313" WIDTH="31"/>
						<String ID="P181_ST00272" HPOS="838" VPOS="1276" WIDTH="24" HEIGHT="27" CONTENT="le" WC="0.77" CC="40"/>
						<SP ID="P181_SP00249" HPOS="862" VPOS="1313" WIDTH="31"/>
						<String ID="P181_ST00273" HPOS="893" VPOS="1275" WIDTH="116" HEIGHT="28" CONTENT="franseze" WC="0.91" CC="00060000"/>
						<SP ID="P181_SP00250" HPOS="1009" VPOS="1313" WIDTH="29"/>
						<String ID="P181_ST00274" HPOS="1038" VPOS="1286" WIDTH="26" HEIGHT="17" CONTENT="se" WC="0.88" CC="20"/>
						<SP ID="P181_SP00251" HPOS="1064" VPOS="1313" WIDTH="30"/>
						<String ID="P181_ST00275" HPOS="1094" VPOS="1276" WIDTH="30" HEIGHT="27" CONTENT="ti" SUBS_TYPE="HypPart1" SUBS_CONTENT="tirano" WC="0.71" CC="035"/>
						<HYP CONTENT="-"/>
					</TextLine>
					<TextLine ID="P181_TL00026" HPOS="168" VPOS="1325" WIDTH="956" HEIGHT="38">
						<String ID="P181_ST00276" HPOS="168" VPOS="1336" WIDTH="68" HEIGHT="17" CONTENT="rano" SUBS_TYPE="HypPart2" SUBS_CONTENT="tirano" WC="0.82" CC="0060"/>
						<SP ID="P181_SP00252" HPOS="236" VPOS="1353" WIDTH="21"/>
						<String ID="P181_ST00277" HPOS="257" VPOS="1335" WIDTH="93" HEIGHT="28" CONTENT="apreso" WC="0.91" CC="003001"/>
						<SP ID="P181_SP00253" HPOS="350" VPOS="1363" WIDTH="21"/>
						<String ID="P181_ST00278" HPOS="371" VPOS="1325" WIDTH="23" HEIGHT="28" CONTENT="la" WC="0.76" CC="40"/>
						<SP ID="P181_SP00254" HPOS="394" VPOS="1363" WIDTH="21"/>
						<String ID="P181_ST00279" HPOS="415" VPOS="1325" WIDTH="99" HEIGHT="28" CONTENT="fortesa" WC="0.71" CC="0114039"/>
						<SP ID="P181_SP00255" HPOS="514" VPOS="1363" WIDTH="20"/>
						<String ID="P181_ST00280" HPOS="534" VPOS="1335" WIDTH="13" HEIGHT="18" CONTENT="e" WC="1.00" CC="0"/>
						<SP ID="P181_SP00256" HPOS="547" VPOS="1363" WIDTH="22"/>
						<String ID="P181_ST00281" HPOS="569" VPOS="1325" WIDTH="23" HEIGHT="28" CONTENT="le" WC="0.83" CC="03"/>
						<SP ID="P181_SP00257" HPOS="592" VPOS="1363" WIDTH="21"/>
						<String ID="P181_ST00282" HPOS="613" VPOS="1325" WIDTH="126" HEIGHT="37" CONTENT="inperiale" WC="0.77" CC="070405020"/>
						<SP ID="P181_SP00258" HPOS="739" VPOS="1363" WIDTH="13"/>
						<String ID="P181_ST00283" HPOS="752" VPOS="1335" WIDTH="33" HEIGHT="17" CONTENT="ne" WC="0.72" CC="50"/>
						<SP ID="P181_SP00259" HPOS="785" VPOS="1363" WIDTH="16"/>
						<String ID="P181_ST00284" HPOS="801" VPOS="1325" WIDTH="109" HEIGHT="28" CONTENT="andono" WC="0.68" CC="039302"/>
						<SP ID="P181_SP00260" HPOS="910" VPOS="1363" WIDTH="15"/>
						<String ID="P181_ST00285" HPOS="925" VPOS="1335" WIDTH="14" HEIGHT="18" CONTENT="a" WC="1.00" CC="0"/>
						<SP ID="P181_SP00261" HPOS="939" VPOS="1363" WIDTH="14"/>
						<String ID="P181_ST00286" HPOS="953" VPOS="1335" WIDTH="49" HEIGHT="18" CONTENT="suo" WC="1.00" CC="000"/>
						<SP ID="P181_SP00262" HPOS="1002" VPOS="1363" WIDTH="15"/>
						<String ID="P181_ST00287" HPOS="1017" VPOS="1325" WIDTH="107" HEIGHT="28" CONTENT="camino" WC="0.48" CC="570565"/>
					</TextLine>
					<TextLine ID="P181_TL00027" HPOS="169" VPOS="1374" WIDTH="956" HEIGHT="38">
						<String ID="P181_ST00288" HPOS="169" VPOS="1385" WIDTH="14" HEIGHT="17" CONTENT="e" WC="0.57" CC="4"/>
						<SP ID="P181_SP00263" HPOS="183" VPOS="1402" WIDTH="21"/>
						<String ID="P181_ST00289" HPOS="204" VPOS="1385" WIDTH="80" HEIGHT="18" CONTENT="como" WC="0.64" CC="6061"/>
						<SP ID="P181_SP00264" HPOS="284" VPOS="1403" WIDTH="20"/>
						<String ID="P181_ST00290" HPOS="304" VPOS="1375" WIDTH="111" HEIGHT="27" CONTENT="larmata" WC="0.95" CC="3000000"/>
						<SP ID="P181_SP00265" HPOS="415" VPOS="1403" WIDTH="22"/>
						<String ID="P181_ST00291" HPOS="437" VPOS="1375" WIDTH="126" HEIGHT="37" CONTENT="inperiale" WC="0.76" CC="140004603"/>
						<SP ID="P181_SP00266" HPOS="563" VPOS="1412" WIDTH="20"/>
						<String ID="P181_ST00292" HPOS="583" VPOS="1375" WIDTH="27" HEIGHT="27" CONTENT="fu" WC="0.33" CC="76"/>
						<SP ID="P181_SP00267" HPOS="610" VPOS="1412" WIDTH="21"/>
						<String ID="P181_ST00293" HPOS="631" VPOS="1375" WIDTH="73" HEIGHT="27" CONTENT="ionta" WC="0.39" CC="63369"/>
						<SP ID="P181_SP00268" HPOS="704" VPOS="1412" WIDTH="21"/>
						<String ID="P181_ST00294" HPOS="725" VPOS="1384" WIDTH="78" HEIGHT="27" CONTENT="sopra" WC="0.80" CC="00009"/>
						<SP ID="P181_SP00269" HPOS="803" VPOS="1412" WIDTH="21"/>
						<String ID="P181_ST00295" HPOS="824" VPOS="1374" WIDTH="33" HEIGHT="28" CONTENT="de" WC="1.00" CC="00"/>
						<SP ID="P181_SP00270" HPOS="857" VPOS="1412" WIDTH="20"/>
						<String ID="P181_ST00296" HPOS="877" VPOS="1375" WIDTH="78" HEIGHT="28" CONTENT="Nicia" WC="0.57" CC="07049"/>
						<SP ID="P181_SP00271" HPOS="955" VPOS="1412" WIDTH="12"/>
						<String ID="P181_ST00297" HPOS="967" VPOS="1375" WIDTH="26" HEIGHT="27" CONTENT="lo" WC="0.73" CC="50"/>
						<SP ID="P181_SP00272" HPOS="993" VPOS="1412" WIDTH="15"/>
						<String ID="P181_ST00298" HPOS="1008" VPOS="1375" WIDTH="117" HEIGHT="36" CONTENT="principe" WC="0.69" CC="01575400"/>
					</TextLine>
					<TextLine ID="P181_TL00028" HPOS="171" VPOS="1423" WIDTH="955" HEIGHT="39">
						<String ID="P181_ST00299" HPOS="171" VPOS="1425" WIDTH="81" HEIGHT="27" CONTENT="Doria" WC="0.79" CC="03006"/>
						<SP ID="P181_SP00273" HPOS="252" VPOS="1452" WIDTH="23"/>
						<String ID="P181_ST00300" HPOS="275" VPOS="1434" WIDTH="51" HEIGHT="18" CONTENT="con" WC="0.66" CC="702"/>
						<SP ID="P181_SP00274" HPOS="326" VPOS="1452" WIDTH="24"/>
						<String ID="P181_ST00301" HPOS="350" VPOS="1433" WIDTH="30" HEIGHT="28" CONTENT="15" WC="0.80" CC="04"/>
						<SP ID="P181_SP00275" HPOS="380" VPOS="1461" WIDTH="23"/>
						<String ID="P181_ST00302" HPOS="403" VPOS="1424" WIDTH="87" HEIGHT="38" CONTENT="galere" WC="0.67" CC="096030"/>
						<SP ID="P181_SP00276" HPOS="490" VPOS="1462" WIDTH="21"/>
						<String ID="P181_ST00303" HPOS="511" VPOS="1424" WIDTH="69" HEIGHT="28" CONTENT="dove" WC="0.89" CC="0400"/>
						<SP ID="P181_SP00277" HPOS="580" VPOS="1462" WIDTH="22"/>
						<String ID="P181_ST00304" HPOS="602" VPOS="1433" WIDTH="44" HEIGHT="18" CONTENT="era" WC="0.50" CC="509"/>
						<SP ID="P181_SP00278" HPOS="646" VPOS="1462" WIDTH="21"/>
						<String ID="P181_ST00305" HPOS="667" VPOS="1433" WIDTH="77" HEIGHT="27" CONTENT="sopra" WC="0.74" CC="02009"/>
						<SP ID="P181_SP00279" HPOS="744" VPOS="1462" WIDTH="20"/>
						<String ID="P181_ST00306" HPOS="764" VPOS="1434" WIDTH="47" HEIGHT="17" CONTENT="sua" WC="0.86" CC="040"/>
						<SP ID="P181_SP00280" HPOS="811" VPOS="1462" WIDTH="30"/>
						<String ID="P181_ST00307" HPOS="841" VPOS="1431" WIDTH="119" HEIGHT="29" CONTENT="magesta" WC="0.66" CC="0590160"/>
						<SP ID="P181_SP00281" HPOS="960" VPOS="1462" WIDTH="24"/>
						<String ID="P181_ST00308" HPOS="984" VPOS="1433" WIDTH="13" HEIGHT="17" CONTENT="e" WC="1.00" CC="0"/>
						<SP ID="P181_SP00282" HPOS="997" VPOS="1462" WIDTH="31"/>
						<String ID="P181_ST00309" HPOS="1028" VPOS="1425" WIDTH="49" HEIGHT="26" CONTENT="tuti" WC="0.85" CC="0050"/>
						<SP ID="P181_SP00283" HPOS="1077" VPOS="1462" WIDTH="32"/>
						<String ID="P181_ST00310" HPOS="1109" VPOS="1423" WIDTH="17" HEIGHT="27" CONTENT="li" WC="0.57" CC="53"/>
					</TextLine>
					<TextLine ID="P181_TL00029" HPOS="170" VPOS="1473" WIDTH="956" HEIGHT="36">
						<String ID="P181_ST00311" HPOS="170" VPOS="1474" WIDTH="101" HEIGHT="35" CONTENT="signori" WC="0.76" CC="4407000"/>
						<SP ID="P181_SP00284" HPOS="271" VPOS="1509" WIDTH="21"/>
						<String ID="P181_ST00312" HPOS="292" VPOS="1474" WIDTH="122" HEIGHT="35" CONTENT="spagnoli" WC="0.69" CC="00884003"/>
						<SP ID="P181_SP00285" HPOS="414" VPOS="1509" WIDTH="21"/>
						<String ID="P181_ST00313" HPOS="435" VPOS="1474" WIDTH="48" HEIGHT="28" CONTENT="che" WC="0.67" CC="711"/>
						<SP ID="P181_SP00286" HPOS="483" VPOS="1509" WIDTH="20"/>
						<String ID="P181_ST00314" HPOS="503" VPOS="1483" WIDTH="53" HEIGHT="18" CONTENT="con" WC="0.59" CC="262"/>
						<SP ID="P181_SP00287" HPOS="556" VPOS="1509" WIDTH="20"/>
						<String ID="P181_ST00315" HPOS="576" VPOS="1473" WIDTH="35" HEIGHT="28" CONTENT="lui" WC="0.62" CC="650"/>
						<SP ID="P181_SP00288" HPOS="611" VPOS="1509" WIDTH="23"/>
						<String ID="P181_ST00316" HPOS="634" VPOS="1483" WIDTH="28" HEIGHT="18" CONTENT="se" WC="1.00" CC="00"/>
						<SP ID="P181_SP00289" HPOS="662" VPOS="1509" WIDTH="20"/>
						<String ID="P181_ST00317" HPOS="682" VPOS="1482" WIDTH="81" HEIGHT="19" CONTENT="erano" WC="0.51" CC="07709"/>
						<SP ID="P181_SP00290" HPOS="763" VPOS="1509" WIDTH="22"/>
						<String ID="P181_ST00318" HPOS="785" VPOS="1473" WIDTH="126" HEIGHT="27" CONTENT="inbarcati" WC="0.57" CC="650017753"/>
						<SP ID="P181_SP00291" HPOS="911" VPOS="1509" WIDTH="22"/>
						<String ID="P181_ST00319" HPOS="933" VPOS="1474" WIDTH="22" HEIGHT="26" CONTENT="si" WC="0.82" CC="12"/>
						<SP ID="P181_SP00292" HPOS="955" VPOS="1509" WIDTH="15"/>
						<String ID="P181_ST00320" HPOS="970" VPOS="1473" WIDTH="105" HEIGHT="27" CONTENT="miseno" WC="0.89" CC="010040"/>
						<SP ID="P181_SP00293" HPOS="1075" VPOS="1509" WIDTH="14"/>
						<String ID="P181_ST00321" HPOS="1089" VPOS="1474" WIDTH="37" HEIGHT="26" CONTENT="in-" WC="0.73" CC="051"/>
					</TextLine>
				</TextBlock>
				<TextBlock ID="P181_TB00003" HPOS="165" VPOS="1635" WIDTH="964" HEIGHT="116" STYLEREFS="TXT_1 PAR_LEFT">
					<TextLine ID="P181_TL00030" HPOS="211" VPOS="1638" WIDTH="918" HEIGHT="39">
						<String ID="P181_ST00322" HPOS="211" VPOS="1646" WIDTH="29" HEIGHT="23" CONTENT="Di" WC="0.79" CC="40"/>
						<SP ID="P181_SP00294" HPOS="240" VPOS="1669" WIDTH="20"/>
						<String ID="P181_ST00323" HPOS="260" VPOS="1651" WIDTH="77" HEIGHT="26" CONTENT="questa" WC="0.76" CC="005440"/>
						<SP ID="P181_SP00295" HPOS="337" VPOS="1677" WIDTH="21"/>
						<String ID="P181_ST00324" HPOS="358" VPOS="1651" WIDTH="82" HEIGHT="17" CONTENT="venuta" WC="0.56" CC="048029"/>
						<SP ID="P181_SP00296" HPOS="440" VPOS="1677" WIDTH="22"/>
						<String ID="P181_ST00325" HPOS="462" VPOS="1645" WIDTH="21" HEIGHT="23" CONTENT="fa" WC="0.21" CC="59"/>
						<SP ID="P181_SP00297" HPOS="483" VPOS="1677" WIDTH="23"/>
						<String ID="P181_ST00326" HPOS="506" VPOS="1645" WIDTH="117" HEIGHT="23" CONTENT="menzione" WC="0.47" CC="80748660"/>
						<SP ID="P181_SP00298" HPOS="623" VPOS="1677" WIDTH="21"/>
						<String ID="P181_ST00327" HPOS="644" VPOS="1645" WIDTH="15" HEIGHT="22" CONTENT="il" WC="1.00" CC="00"/>
						<SP ID="P181_SP00299" HPOS="659" VPOS="1677" WIDTH="20"/>
						<String ID="P181_ST00328" HPOS="679" VPOS="1645" WIDTH="98" HEIGHT="27" CONTENT="Faìletti," WC="0.74" CC="076001510"/>
						<SP ID="P181_SP00300" HPOS="777" VPOS="1677" WIDTH="21"/>
						<String ID="P181_ST00329" HPOS="798" VPOS="1651" WIDTH="64" HEIGHT="16" CONTENT="come" WC="0.68" CC="0606"/>
						<SP ID="P181_SP00301" HPOS="862" VPOS="1677" WIDTH="21"/>
						<String ID="P181_ST00330" HPOS="883" VPOS="1645" WIDTH="71" HEIGHT="22" CONTENT="scrive" WC="0.58" CC="362704"/>
						<SP ID="P181_SP00302" HPOS="954" VPOS="1677" WIDTH="17"/>
						<String ID="P181_ST00331" HPOS="971" VPOS="1644" WIDTH="14" HEIGHT="22" CONTENT="il" WC="0.81" CC="30"/>
						<SP ID="P181_SP00303" HPOS="985" VPOS="1677" WIDTH="17"/>
						<String ID="P181_ST00332" HPOS="1002" VPOS="1638" WIDTH="127" HEIGHT="35" CONTENT="Verzellino" WC="0.58" CC="0558700626"/>
					</TextLine>
					<TextLine ID="P181_TL00031" HPOS="166" VPOS="1685" WIDTH="963" HEIGHT="33">
						<String ID="P181_ST00333" HPOS="166" VPOS="1689" WIDTH="46" HEIGHT="29" CONTENT="(op." WC="0.82" CC="0501"/>
						<SP ID="P181_SP00304" HPOS="212" VPOS="1718" WIDTH="21"/>
						<String ID="P181_ST00334" HPOS="233" VPOS="1689" WIDTH="37" HEIGHT="22" CONTENT="cit." WC="0.52" CC="6622"/>
						<SP ID="P181_SP00305" HPOS="270" VPOS="1718" WIDTH="20"/>
						<String ID="P181_ST00335" HPOS="290" VPOS="1688" WIDTH="44" HEIGHT="28" CONTENT="voi," WC="0.74" CC="6300"/>
						<SP ID="P181_SP00306" HPOS="334" VPOS="1718" WIDTH="22"/>
						<String ID="P181_ST00336" HPOS="356" VPOS="1687" WIDTH="23" HEIGHT="23" CONTENT="20" WC="0.46" CC="45"/>
						<SP ID="P181_SP00307" HPOS="379" VPOS="1718" WIDTH="22"/>
						<String ID="P181_ST00337" HPOS="401" VPOS="1695" WIDTH="48" HEIGHT="22" CONTENT="pag." WC="0.57" CC="0790"/>
						<SP ID="P181_SP00308" HPOS="449" VPOS="1718" WIDTH="22"/>
						<String ID="P181_ST00338" HPOS="471" VPOS="1688" WIDTH="39" HEIGHT="28" CONTENT="42)" WC="0.71" CC="061"/>
						<SP ID="P181_SP00309" HPOS="510" VPOS="1718" WIDTH="19"/>
						<String ID="P181_ST00339" HPOS="529" VPOS="1688" WIDTH="24" HEIGHT="21" CONTENT="in" WC="0.32" CC="67"/>
						<SP ID="P181_SP00310" HPOS="553" VPOS="1718" WIDTH="24"/>
						<String ID="P181_ST00340" HPOS="577" VPOS="1694" WIDTH="24" HEIGHT="22" CONTENT="17" WC="0.75" CC="50"/>
						<SP ID="P181_SP00311" HPOS="601" VPOS="1718" WIDTH="24"/>
						<String ID="P181_ST00341" HPOS="625" VPOS="1688" WIDTH="105" HEIGHT="21" CONTENT="esametri" WC="0.41" CC="49946514"/>
						<SP ID="P181_SP00312" HPOS="730" VPOS="1718" WIDTH="22"/>
						<String ID="P181_ST00342" HPOS="752" VPOS="1686" WIDTH="20" HEIGHT="22" CONTENT="al" WC="0.66" CC="60"/>
						<SP ID="P181_SP00313" HPOS="772" VPOS="1718" WIDTH="22"/>
						<String ID="P181_ST00343" HPOS="794" VPOS="1686" WIDTH="57" HEIGHT="21" CONTENT="libro" WC="0.86" CC="70000"/>
						<SP ID="P181_SP00314" HPOS="851" VPOS="1718" WIDTH="17"/>
						<String ID="P181_ST00344" HPOS="868" VPOS="1689" WIDTH="23" HEIGHT="18" CONTENT="20" WC="0.34" CC="57"/>
						<SP ID="P181_SP00315" HPOS="891" VPOS="1718" WIDTH="17"/>
						<String ID="P181_ST00345" HPOS="908" VPOS="1685" WIDTH="34" HEIGHT="22" CONTENT="del" WC="0.80" CC="060"/>
						<SP ID="P181_SP00316" HPOS="942" VPOS="1718" WIDTH="19"/>
						<String ID="P181_ST00346" HPOS="961" VPOS="1692" WIDTH="39" HEIGHT="15" CONTENT="suo" WC="0.39" CC="575"/>
						<SP ID="P181_SP00317" HPOS="1000" VPOS="1718" WIDTH="17"/>
						<String ID="P181_ST00347" HPOS="1017" VPOS="1685" WIDTH="33" HEIGHT="22" CONTENT="De" WC="0.75" CC="04"/>
						<SP ID="P181_SP00318" HPOS="1050" VPOS="1718" WIDTH="21"/>
						<String ID="P181_ST00348" HPOS="1071" VPOS="1685" WIDTH="58" HEIGHT="22" CONTENT="Bello" WC="0.25" CC="49569"/>
					</TextLine>
					<TextLine ID="P181_TL00032" HPOS="168" VPOS="1730" WIDTH="140" HEIGHT="21">
						<String ID="P181_ST00349" HPOS="168" VPOS="1730" WIDTH="140" HEIGHT="21" CONTENT="Sicambrico." WC="0.50" CC="00975960950"/>
					</TextLine>
				</TextBlock>
			</PrintSpace>
		</Page>
	</Layout>
</alto>
