<?xml version="1.0" encoding="UTF-8"?>
<alto xmlns:xsi="http://www.w3.org/2001/XMLSchema-instance" xsi:noNamespaceSchemaLocation="http://www.bl.uk/schemas/alto/alto-1-4.xsd" xmlns:xlink="http://www.w3.org/1999/xlink">
	<Description>
		<MeasurementUnit>mm10</MeasurementUnit>
		<sourceImageInformation>
			<fileName>//head1/IN/2008-29/A0011808733/000549.jp2</fileName>
		</sourceImageInformation>
		<OCRProcessing ID="OCRPROCESSING_1">
			<preProcessingStep>
				<processingSoftware>
					<softwareCreator>CCS Content Conversion Specialists GmbH, Germany</softwareCreator>
					<softwareName>CCS docWORKS</softwareName>
					<softwareVersion>6.1-0.67</softwareVersion>
				</processingSoftware>
			</preProcessingStep>
			<ocrProcessingStep>
				<processingSoftware>
					<softwareCreator>ABBYY (BIT Software), Russia</softwareCreator>
					<softwareName>Finereader</softwareName>
				</processingSoftware>
			</ocrProcessingStep>
		</OCRProcessing>
	</Description>
	<Styles>
		<TextStyle ID="TXT_0" FONTSIZE="11" FONTFAMILY="Courier New"/>
		<TextStyle ID="TXT_1" FONTSIZE="9" FONTFAMILY="Courier New"/>
		<ParagraphStyle ID="PAR_RIGHT" ALIGN="Right"/>
		<ParagraphStyle ID="PAR_LEFT" ALIGN="Left"/>
	</Styles>
	<Layout>
		<Page ID="P295" PHYSICAL_IMG_NR="295" HEIGHT="2078" WIDTH="1373" PRINTED_IMG_NR="281" POSITION="Right" ACCURACY="73.19">
			<TopMargin ID="P295_TM00001" HPOS="0" VPOS="0" WIDTH="1373" HEIGHT="158">
				<TextBlock ID="P295_TB00001" HPOS="1049" VPOS="129" WIDTH="49" HEIGHT="27" STYLEREFS="TXT_0 PAR_RIGHT">
					<TextLine ID="P295_TL00001" HPOS="1049" VPOS="129" WIDTH="49" HEIGHT="27">
						<String ID="P295_ST00001" HPOS="1049" VPOS="129" WIDTH="49" HEIGHT="27" CONTENT="281" WC="1.00" CC="000"/>
					</TextLine>
				</TextBlock>
			</TopMargin>
			<LeftMargin ID="P295_LM00001" HPOS="0" VPOS="158" WIDTH="143" HEIGHT="1648"/>
			<RightMargin ID="P295_RM00001" HPOS="1104" VPOS="158" WIDTH="269" HEIGHT="1648"/>
			<BottomMargin ID="P295_BM00001" HPOS="0" VPOS="1806" WIDTH="1373" HEIGHT="271"/>
			<PrintSpace ID="P295_PS00001" HPOS="143" VPOS="158" WIDTH="962" HEIGHT="1648">
				<TextBlock ID="P295_TB00002" HPOS="144" VPOS="188" WIDTH="961" HEIGHT="1162" STYLEREFS="TXT_1 PAR_LEFT">
					<TextLine ID="P295_TL00002" HPOS="200" VPOS="190" WIDTH="904" HEIGHT="39">
						<String ID="P295_ST00002" HPOS="200" VPOS="190" WIDTH="21" HEIGHT="28" CONTENT="E" WC="1.00" CC="0"/>
						<SP ID="P295_SP00001" HPOS="221" VPOS="218" WIDTH="20"/>
						<String ID="P295_ST00003" HPOS="241" VPOS="191" WIDTH="72" HEIGHT="28" CONTENT="NEL" WC="0.92" CC="010"/>
						<SP ID="P295_SP00002" HPOS="313" VPOS="219" WIDTH="23"/>
						<String ID="P295_ST00004" HPOS="336" VPOS="201" WIDTH="51" HEIGHT="18" CONTENT="ano" WC="0.49" CC="670"/>
						<SP ID="P295_SP00003" HPOS="387" VPOS="219" WIDTH="18"/>
						<String ID="P295_ST00005" HPOS="405" VPOS="190" WIDTH="35" HEIGHT="29" CONTENT="de" WC="1.00" CC="00"/>
						<SP ID="P295_SP00004" HPOS="440" VPOS="219" WIDTH="25"/>
						<String ID="P295_ST00006" HPOS="465" VPOS="201" WIDTH="70" HEIGHT="27" CONTENT="1242" WC="1.00" CC="0000"/>
						<SP ID="P295_SP00005" HPOS="535" VPOS="228" WIDTH="23"/>
						<String ID="P295_ST00007" HPOS="558" VPOS="203" WIDTH="43" HEIGHT="17" CONTENT="era" WC="0.69" CC="170"/>
						<SP ID="P295_SP00006" HPOS="601" VPOS="228" WIDTH="20"/>
						<String ID="P295_ST00008" HPOS="621" VPOS="191" WIDTH="24" HEIGHT="29" CONTENT="la" WC="1.00" CC="00"/>
						<SP ID="P295_SP00007" HPOS="645" VPOS="228" WIDTH="27"/>
						<String ID="P295_ST00009" HPOS="672" VPOS="192" WIDTH="74" HEIGHT="28" CONTENT="sedia" WC="0.93" CC="00020"/>
						<SP ID="P295_SP00008" HPOS="746" VPOS="228" WIDTH="27"/>
						<String ID="P295_ST00010" HPOS="773" VPOS="192" WIDTH="151" HEIGHT="37" CONTENT="pontificale" WC="0.80" CC="00016006060"/>
						<SP ID="P295_SP00009" HPOS="924" VPOS="229" WIDTH="27"/>
						<String ID="P295_ST00011" HPOS="951" VPOS="198" WIDTH="110" HEIGHT="21" CONTENT="vacante" WC="0.66" CC="0930720"/>
						<SP ID="P295_SP00010" HPOS="1061" VPOS="229" WIDTH="28"/>
						<String ID="P295_ST00012" HPOS="1089" VPOS="201" WIDTH="15" HEIGHT="17" CONTENT="e" WC="0.97" CC="0"/>
					</TextLine>
					<TextLine ID="P295_TL00003" HPOS="144" VPOS="239" WIDTH="960" HEIGHT="40">
						<String ID="P295_ST00013" HPOS="144" VPOS="239" WIDTH="27" HEIGHT="28" CONTENT="lo" WC="0.56" CC="62"/>
						<SP ID="P295_SP00011" HPOS="171" VPOS="267" WIDTH="20"/>
						<String ID="P295_ST00014" HPOS="191" VPOS="240" WIDTH="151" HEIGHT="37" CONTENT="inperatore" WC="0.80" CC="0500307030"/>
						<SP ID="P295_SP00012" HPOS="342" VPOS="277" WIDTH="21"/>
						<String ID="P295_ST00015" HPOS="363" VPOS="241" WIDTH="117" HEIGHT="28" CONTENT="federico" WC="0.77" CC="00060533"/>
						<SP ID="P295_SP00013" HPOS="480" VPOS="277" WIDTH="20"/>
						<String ID="P295_ST00016" HPOS="500" VPOS="252" WIDTH="174" HEIGHT="27" CONTENT="perseverava" WC="0.91" CC="03000006000"/>
						<SP ID="P295_SP00014" HPOS="674" VPOS="279" WIDTH="22"/>
						<String ID="P295_ST00017" HPOS="696" VPOS="252" WIDTH="105" HEIGHT="26" CONTENT="semper" WC="0.65" CC="540900"/>
						<SP ID="P295_SP00015" HPOS="801" VPOS="279" WIDTH="21"/>
						<String ID="P295_ST00018" HPOS="822" VPOS="241" WIDTH="169" HEIGHT="28" CONTENT="molestando" WC="0.87" CC="0120150200"/>
						<SP ID="P295_SP00016" HPOS="991" VPOS="279" WIDTH="12"/>
						<String ID="P295_ST00019" HPOS="1003" VPOS="241" WIDTH="23" HEIGHT="27" CONTENT="la" WC="0.83" CC="30"/>
						<SP ID="P295_SP00017" HPOS="1026" VPOS="279" WIDTH="15"/>
						<String ID="P295_ST00020" HPOS="1041" VPOS="241" WIDTH="63" HEIGHT="35" CONTENT="jezia" WC="0.96" CC="00100"/>
					</TextLine>
					<TextLine ID="P295_TL00004" HPOS="144" VPOS="290" WIDTH="960" HEIGHT="38">
						<String ID="P295_ST00021" HPOS="144" VPOS="299" WIDTH="112" HEIGHT="17" CONTENT="romana" WC="0.73" CC="430070"/>
						<SP ID="P295_SP00018" HPOS="256" VPOS="316" WIDTH="21"/>
						<String ID="P295_ST00022" HPOS="277" VPOS="300" WIDTH="14" HEIGHT="17" CONTENT="e" WC="1.00" CC="0"/>
						<SP ID="P295_SP00019" HPOS="291" VPOS="317" WIDTH="20"/>
						<String ID="P295_ST00023" HPOS="311" VPOS="291" WIDTH="44" HEIGHT="36" CONTENT="più" WC="0.86" CC="004"/>
						<SP ID="P295_SP00020" HPOS="355" VPOS="327" WIDTH="22"/>
						<String ID="P295_ST00024" HPOS="377" VPOS="290" WIDTH="49" HEIGHT="28" CONTENT="che" WC="0.52" CC="760"/>
						<SP ID="P295_SP00021" HPOS="426" VPOS="327" WIDTH="16"/>
						<String ID="P295_ST00025" HPOS="442" VPOS="290" WIDTH="37" HEIGHT="28" CONTENT="fra" WC="1.00" CC="000"/>
						<SP ID="P295_SP00022" HPOS="479" VPOS="327" WIDTH="15"/>
						<String ID="P295_ST00026" HPOS="494" VPOS="291" WIDTH="26" HEIGHT="27" CONTENT="lo" WC="0.83" CC="30"/>
						<SP ID="P295_SP00023" HPOS="520" VPOS="327" WIDTH="16"/>
						<String ID="P295_ST00027" HPOS="536" VPOS="292" WIDTH="149" HEIGHT="36" CONTENT="inperatore" WC="0.76" CC="6000096000"/>
						<SP ID="P295_SP00024" HPOS="685" VPOS="328" WIDTH="16"/>
						<String ID="P295_ST00028" HPOS="701" VPOS="302" WIDTH="13" HEIGHT="16" CONTENT="e" WC="0.75" CC="2"/>
						<SP ID="P295_SP00025" HPOS="714" VPOS="328" WIDTH="15"/>
						<String ID="P295_ST00029" HPOS="729" VPOS="292" WIDTH="111" HEIGHT="35" CONTENT="genoezi" WC="0.79" CC="0304041"/>
						<SP ID="P295_SP00026" HPOS="840" VPOS="328" WIDTH="15"/>
						<String ID="P295_ST00030" HPOS="855" VPOS="291" WIDTH="99" HEIGHT="28" CONTENT="durava" WC="0.79" CC="750000"/>
						<SP ID="P295_SP00027" HPOS="954" VPOS="328" WIDTH="18"/>
						<String ID="P295_ST00031" HPOS="972" VPOS="291" WIDTH="23" HEIGHT="27" CONTENT="la" WC="0.99" CC="00"/>
						<SP ID="P295_SP00028" HPOS="995" VPOS="328" WIDTH="15"/>
						<String ID="P295_ST00032" HPOS="1010" VPOS="300" WIDTH="94" HEIGHT="27" CONTENT="guerra" WC="0.55" CC="076750"/>
					</TextLine>
					<TextLine ID="P295_TL00005" HPOS="144" VPOS="339" WIDTH="960" HEIGHT="38">
						<String ID="P295_ST00033" HPOS="144" VPOS="349" WIDTH="14" HEIGHT="17" CONTENT="e" WC="0.78" CC="2"/>
						<SP ID="P295_SP00029" HPOS="158" VPOS="366" WIDTH="19"/>
						<String ID="P295_ST00034" HPOS="177" VPOS="339" WIDTH="19" HEIGHT="27" CONTENT="li" WC="0.94" CC="01"/>
						<SP ID="P295_SP00030" HPOS="196" VPOS="366" WIDTH="20"/>
						<String ID="P295_ST00035" HPOS="216" VPOS="340" WIDTH="107" HEIGHT="27" CONTENT="saonezi" WC="0.75" CC="0700504"/>
						<SP ID="P295_SP00031" HPOS="323" VPOS="367" WIDTH="20"/>
						<String ID="P295_ST00036" HPOS="343" VPOS="349" WIDTH="82" HEIGHT="18" CONTENT="erano" WC="0.75" CC="06050"/>
						<SP ID="P295_SP00032" HPOS="425" VPOS="367" WIDTH="21"/>
						<String ID="P295_ST00037" HPOS="446" VPOS="340" WIDTH="157" HEIGHT="28" CONTENT="considerati" WC="0.76" CC="60742000004"/>
						<SP ID="P295_SP00033" HPOS="603" VPOS="368" WIDTH="22"/>
						<String ID="P295_ST00038" HPOS="625" VPOS="351" WIDTH="49" HEIGHT="17" CONTENT="con" WC="0.52" CC="608"/>
						<SP ID="P295_SP00034" HPOS="674" VPOS="368" WIDTH="22"/>
						<String ID="P295_ST00039" HPOS="696" VPOS="341" WIDTH="26" HEIGHT="27" CONTENT="lo" WC="0.77" CC="13"/>
						<SP ID="P295_SP00035" HPOS="722" VPOS="368" WIDTH="22"/>
						<String ID="P295_ST00040" HPOS="744" VPOS="341" WIDTH="151" HEIGHT="36" CONTENT="inperatore" WC="0.72" CC="4806200050"/>
						<SP ID="P295_SP00036" HPOS="895" VPOS="377" WIDTH="22"/>
						<String ID="P295_ST00041" HPOS="917" VPOS="341" WIDTH="84" HEIGHT="26" CONTENT="eciam" WC="0.91" CC="00300"/>
						<SP ID="P295_SP00037" HPOS="1001" VPOS="377" WIDTH="22"/>
						<String ID="P295_ST00042" HPOS="1023" VPOS="340" WIDTH="17" HEIGHT="26" CONTENT="li" WC="0.48" CC="45"/>
						<SP ID="P295_SP00038" HPOS="1040" VPOS="377" WIDTH="21"/>
						<String ID="P295_ST00043" HPOS="1061" VPOS="349" WIDTH="43" HEIGHT="17" CONTENT="ar" SUBS_TYPE="HypPart1" SUBS_CONTENT="arbenganezi" WC="0.46" CC="960"/>
						<HYP CONTENT="-"/>
					</TextLine>
					<TextLine ID="P295_TL00006" HPOS="144" VPOS="388" WIDTH="959" HEIGHT="37">
						<String ID="P295_ST00044" HPOS="144" VPOS="388" WIDTH="145" HEIGHT="37" CONTENT="benganezi" SUBS_TYPE="HypPart2" SUBS_CONTENT="arbenganezi" WC="0.48" CC="703998600"/>
						<SP ID="P295_SP00039" HPOS="289" VPOS="425" WIDTH="22"/>
						<String ID="P295_ST00045" HPOS="311" VPOS="400" WIDTH="26" HEIGHT="15" CONTENT="e." WC="0.62" CC="70"/>
						<String ID="P295_ST00046" HPOS="342" VPOS="389" WIDTH="101" HEIGHT="34" CONTENT="jacobo" WC="0.62" CC="777000"/>
						<SP ID="P295_SP00040" HPOS="443" VPOS="425" WIDTH="22"/>
						<String ID="P295_ST00047" HPOS="465" VPOS="389" WIDTH="33" HEIGHT="28" CONTENT="de" WC="1.00" CC="00"/>
						<SP ID="P295_SP00041" HPOS="498" VPOS="425" WIDTH="21"/>
						<String ID="P295_ST00048" HPOS="519" VPOS="389" WIDTH="26" HEIGHT="27" CONTENT="lo" WC="0.72" CC="50"/>
						<SP ID="P295_SP00042" HPOS="545" VPOS="425" WIDTH="22"/>
						<String ID="P295_ST00049" HPOS="567" VPOS="397" WIDTH="102" HEIGHT="20" CONTENT="carreto" WC="0.63" CC="6900620"/>
						<SP ID="P295_SP00043" HPOS="669" VPOS="425" WIDTH="27"/>
						<String ID="P295_ST00050" HPOS="696" VPOS="390" WIDTH="138" HEIGHT="27" CONTENT="marcheze" WC="0.65" CC="00377404"/>
						<SP ID="P295_SP00044" HPOS="834" VPOS="425" WIDTH="30"/>
						<String ID="P295_ST00051" HPOS="864" VPOS="389" WIDTH="31" HEIGHT="27" CONTENT="de" WC="0.82" CC="03"/>
						<SP ID="P295_SP00045" HPOS="895" VPOS="425" WIDTH="28"/>
						<String ID="P295_ST00052" HPOS="923" VPOS="389" WIDTH="84" HEIGHT="27" CONTENT="finaro" WC="0.78" CC="008004"/>
						<SP ID="P295_SP00046" HPOS="1007" VPOS="425" WIDTH="28"/>
						<String ID="P295_ST00053" HPOS="1035" VPOS="399" WIDTH="13" HEIGHT="16" CONTENT="e" WC="1.00" CC="0"/>
						<SP ID="P295_SP00047" HPOS="1048" VPOS="425" WIDTH="29"/>
						<String ID="P295_ST00054" HPOS="1077" VPOS="389" WIDTH="26" HEIGHT="27" CONTENT="di" WC="1.00" CC="00"/>
					</TextLine>
					<TextLine ID="P295_TL00007" HPOS="145" VPOS="437" WIDTH="958" HEIGHT="38">
						<String ID="P295_ST00055" HPOS="145" VPOS="437" WIDTH="103" HEIGHT="28" CONTENT="celasco" WC="0.46" CC="7630765"/>
						<SP ID="P295_SP00048" HPOS="248" VPOS="465" WIDTH="23"/>
						<String ID="P295_ST00056" HPOS="271" VPOS="447" WIDTH="12" HEIGHT="18" CONTENT="e" WC="0.94" CC="0"/>
						<SP ID="P295_SP00049" HPOS="283" VPOS="465" WIDTH="21"/>
						<String ID="P295_ST00057" HPOS="304" VPOS="438" WIDTH="27" HEIGHT="27" CONTENT="di" WC="0.59" CC="52"/>
						<SP ID="P295_SP00050" HPOS="331" VPOS="465" WIDTH="22"/>
						<String ID="P295_ST00058" HPOS="353" VPOS="447" WIDTH="141" HEIGHT="28" CONTENT="crapenera" WC="0.73" CC="640001046"/>
						<SP ID="P295_SP00051" HPOS="494" VPOS="475" WIDTH="22"/>
						<String ID="P295_ST00059" HPOS="516" VPOS="439" WIDTH="153" HEIGHT="36" CONTENT="(Carpena)" WC="0.73" CC="000800770"/>
						<SP ID="P295_SP00052" HPOS="669" VPOS="475" WIDTH="21"/>
						<String ID="P295_ST00060" HPOS="690" VPOS="449" WIDTH="13" HEIGHT="17" CONTENT="e" WC="0.93" CC="0"/>
						<SP ID="P295_SP00053" HPOS="703" VPOS="475" WIDTH="22"/>
						<String ID="P295_ST00061" HPOS="725" VPOS="439" WIDTH="32" HEIGHT="27" CONTENT="de" WC="0.78" CC="04"/>
						<SP ID="P295_SP00054" HPOS="757" VPOS="475" WIDTH="22"/>
						<String ID="P295_ST00062" HPOS="779" VPOS="439" WIDTH="96" HEIGHT="27" CONTENT="boralo" WC="0.31" CC="897760"/>
						<SP ID="P295_SP00055" HPOS="875" VPOS="475" WIDTH="22"/>
						<String ID="P295_ST00063" HPOS="897" VPOS="448" WIDTH="13" HEIGHT="17" CONTENT="e" WC="0.19" CC="8"/>
						<SP ID="P295_SP00056" HPOS="910" VPOS="475" WIDTH="21"/>
						<String ID="P295_ST00064" HPOS="931" VPOS="438" WIDTH="18" HEIGHT="27" CONTENT="li" WC="0.51" CC="54"/>
						<SP ID="P295_SP00057" HPOS="949" VPOS="475" WIDTH="22"/>
						<String ID="P295_ST00065" HPOS="971" VPOS="439" WIDTH="85" HEIGHT="26" CONTENT="omini" WC="0.73" CC="20406"/>
						<SP ID="P295_SP00058" HPOS="1056" VPOS="475" WIDTH="16"/>
						<String ID="P295_ST00066" HPOS="1072" VPOS="437" WIDTH="31" HEIGHT="28" CONTENT="de" WC="0.76" CC="40"/>
					</TextLine>
					<TextLine ID="P295_TL00008" HPOS="146" VPOS="487" WIDTH="958" HEIGHT="28">
						<String ID="P295_ST00067" HPOS="146" VPOS="494" WIDTH="92" HEIGHT="20" CONTENT="monte" WC="0.71" CC="50710"/>
						<SP ID="P295_SP00059" HPOS="238" VPOS="514" WIDTH="15"/>
						<String ID="P295_ST00068" HPOS="253" VPOS="496" WIDTH="62" HEIGHT="18" CONTENT="roso" WC="0.96" CC="1000"/>
						<SP ID="P295_SP00060" HPOS="315" VPOS="514" WIDTH="16"/>
						<String ID="P295_ST00069" HPOS="331" VPOS="497" WIDTH="13" HEIGHT="17" CONTENT="e" WC="1.00" CC="0"/>
						<SP ID="P295_SP00061" HPOS="344" VPOS="514" WIDTH="21"/>
						<String ID="P295_ST00070" HPOS="365" VPOS="487" WIDTH="27" HEIGHT="28" CONTENT="di" WC="0.75" CC="05"/>
						<SP ID="P295_SP00062" HPOS="392" VPOS="515" WIDTH="20"/>
						<String ID="P295_ST00071" HPOS="412" VPOS="487" WIDTH="58" HEIGHT="27" CONTENT="laco" WC="0.70" CC="3062"/>
						<SP ID="P295_SP00063" HPOS="470" VPOS="515" WIDTH="20"/>
						<String ID="P295_ST00072" HPOS="490" VPOS="489" WIDTH="86" HEIGHT="26" CONTENT="edam" WC="0.54" CC="6704"/>
						<SP ID="P295_SP00064" HPOS="576" VPOS="515" WIDTH="18"/>
						<String ID="P295_ST00073" HPOS="594" VPOS="488" WIDTH="18" HEIGHT="27" CONTENT="li" WC="0.82" CC="03"/>
						<SP ID="P295_SP00065" HPOS="612" VPOS="515" WIDTH="15"/>
						<String ID="P295_ST00074" HPOS="627" VPOS="487" WIDTH="160" HEIGHT="28" CONTENT="alesandrini" WC="0.78" CC="04500180120"/>
						<SP ID="P295_SP00066" HPOS="787" VPOS="515" WIDTH="14"/>
						<String ID="P295_ST00075" HPOS="801" VPOS="498" WIDTH="14" HEIGHT="17" CONTENT="e" WC="1.00" CC="0"/>
						<SP ID="P295_SP00067" HPOS="815" VPOS="515" WIDTH="15"/>
						<String ID="P295_ST00076" HPOS="830" VPOS="488" WIDTH="131" HEIGHT="27" CONTENT="tortonezi" WC="0.60" CC="400607772"/>
						<SP ID="P295_SP00068" HPOS="961" VPOS="515" WIDTH="16"/>
						<String ID="P295_ST00077" HPOS="977" VPOS="497" WIDTH="13" HEIGHT="17" CONTENT="e" WC="1.00" CC="0"/>
						<SP ID="P295_SP00069" HPOS="990" VPOS="515" WIDTH="15"/>
						<String ID="P295_ST00078" HPOS="1005" VPOS="487" WIDTH="27" HEIGHT="27" CONTENT="di" WC="0.79" CC="04"/>
						<SP ID="P295_SP00070" HPOS="1032" VPOS="515" WIDTH="15"/>
						<String ID="P295_ST00079" HPOS="1047" VPOS="487" WIDTH="57" HEIGHT="27" CONTENT="alba" WC="0.86" CC="0005"/>
					</TextLine>
					<TextLine ID="P295_TL00009" HPOS="146" VPOS="536" WIDTH="959" HEIGHT="37">
						<String ID="P295_ST00080" HPOS="146" VPOS="546" WIDTH="13" HEIGHT="16" CONTENT="e" WC="1.00" CC="0"/>
						<SP ID="P295_SP00071" HPOS="159" VPOS="562" WIDTH="16"/>
						<String ID="P295_ST00081" HPOS="175" VPOS="537" WIDTH="16" HEIGHT="26" CONTENT="li" WC="0.80" CC="40"/>
						<SP ID="P295_SP00072" HPOS="191" VPOS="563" WIDTH="17"/>
						<String ID="P295_ST00082" HPOS="208" VPOS="545" WIDTH="112" HEIGHT="18" CONTENT="astezam" WC="0.53" CC="7540770"/>
						<SP ID="P295_SP00073" HPOS="320" VPOS="563" WIDTH="16"/>
						<String ID="P295_ST00083" HPOS="336" VPOS="546" WIDTH="13" HEIGHT="17" CONTENT="e" WC="1.00" CC="0"/>
						<SP ID="P295_SP00074" HPOS="349" VPOS="563" WIDTH="16"/>
						<String ID="P295_ST00084" HPOS="365" VPOS="536" WIDTH="26" HEIGHT="28" CONTENT="di" WC="0.94" CC="01"/>
						<SP ID="P295_SP00075" HPOS="391" VPOS="564" WIDTH="14"/>
						<String ID="P295_ST00085" HPOS="405" VPOS="538" WIDTH="62" HEIGHT="35" CONTENT="aqui" WC="0.25" CC="9954"/>
						<SP ID="P295_SP00076" HPOS="467" VPOS="573" WIDTH="14"/>
						<String ID="P295_ST00086" HPOS="481" VPOS="547" WIDTH="12" HEIGHT="17" CONTENT="e" WC="1.00" CC="0"/>
						<SP ID="P295_SP00077" HPOS="493" VPOS="573" WIDTH="16"/>
						<String ID="P295_ST00087" HPOS="509" VPOS="536" WIDTH="24" HEIGHT="28" CONTENT="di" WC="0.68" CC="60"/>
						<SP ID="P295_SP00078" HPOS="533" VPOS="573" WIDTH="18"/>
						<String ID="P295_ST00088" HPOS="551" VPOS="538" WIDTH="88" HEIGHT="26" CONTENT="casine" WC="0.79" CC="700040"/>
						<SP ID="P295_SP00079" HPOS="639" VPOS="573" WIDTH="16"/>
						<String ID="P295_ST00089" HPOS="655" VPOS="547" WIDTH="13" HEIGHT="17" CONTENT="e" WC="1.00" CC="0"/>
						<SP ID="P295_SP00080" HPOS="668" VPOS="573" WIDTH="16"/>
						<String ID="P295_ST00090" HPOS="684" VPOS="537" WIDTH="17" HEIGHT="26" CONTENT="li" WC="0.34" CC="67"/>
						<SP ID="P295_SP00081" HPOS="701" VPOS="573" WIDTH="13"/>
						<String ID="P295_ST00091" HPOS="714" VPOS="538" WIDTH="126" HEIGHT="26" CONTENT="verselezi" WC="0.78" CC="009004004"/>
						<SP ID="P295_SP00082" HPOS="840" VPOS="573" WIDTH="12"/>
						<String ID="P295_ST00092" HPOS="852" VPOS="548" WIDTH="14" HEIGHT="16" CONTENT="e" WC="1.00" CC="0"/>
						<SP ID="P295_SP00083" HPOS="866" VPOS="573" WIDTH="13"/>
						<String ID="P295_ST00093" HPOS="879" VPOS="538" WIDTH="123" HEIGHT="26" CONTENT="novarezi" WC="0.53" CC="82099005"/>
						<SP ID="P295_SP00084" HPOS="1002" VPOS="573" WIDTH="11"/>
						<String ID="P295_ST00094" HPOS="1013" VPOS="537" WIDTH="92" HEIGHT="36" CONTENT="pavezi" WC="0.72" CC="070035"/>
					</TextLine>
					<TextLine ID="P295_TL00010" HPOS="146" VPOS="585" WIDTH="957" HEIGHT="38">
						<String ID="P295_ST00095" HPOS="146" VPOS="595" WIDTH="13" HEIGHT="17" CONTENT="e" WC="0.44" CC="5"/>
						<SP ID="P295_SP00085" HPOS="159" VPOS="612" WIDTH="21"/>
						<String ID="P295_ST00096" HPOS="180" VPOS="586" WIDTH="153" HEIGHT="27" CONTENT="cremonesi" WC="0.82" CC="300007005"/>
						<SP ID="P295_SP00086" HPOS="333" VPOS="613" WIDTH="21"/>
						<String ID="P295_ST00097" HPOS="354" VPOS="586" WIDTH="151" HEIGHT="36" CONTENT="parrnezani" WC="0.68" CC="0619900003"/>
						<SP ID="P295_SP00087" HPOS="505" VPOS="622" WIDTH="21"/>
						<String ID="P295_ST00098" HPOS="526" VPOS="596" WIDTH="13" HEIGHT="17" CONTENT="e" WC="1.00" CC="0"/>
						<SP ID="P295_SP00088" HPOS="539" VPOS="622" WIDTH="22"/>
						<String ID="P295_ST00099" HPOS="561" VPOS="586" WIDTH="164" HEIGHT="37" CONTENT="prontemoli" WC="0.82" CC="0006000046"/>
						<SP ID="P295_SP00089" HPOS="725" VPOS="623" WIDTH="21"/>
						<String ID="P295_ST00100" HPOS="746" VPOS="587" WIDTH="122" HEIGHT="26" CONTENT="lunezani" WC="0.48" CC="74509075"/>
						<SP ID="P295_SP00090" HPOS="868" VPOS="623" WIDTH="21"/>
						<String ID="P295_ST00101" HPOS="889" VPOS="585" WIDTH="141" HEIGHT="37" CONTENT="grafignini" WC="0.74" CC="0070085003"/>
						<SP ID="P295_SP00091" HPOS="1030" VPOS="623" WIDTH="20"/>
						<String ID="P295_ST00102" HPOS="1050" VPOS="596" WIDTH="12" HEIGHT="15" CONTENT="e" WC="0.25" CC="7"/>
						<SP ID="P295_SP00092" HPOS="1062" VPOS="623" WIDTH="16"/>
						<String ID="P295_ST00103" HPOS="1078" VPOS="591" WIDTH="25" HEIGHT="20" CONTENT="io" WC="0.68" CC="60"/>
					</TextLine>
					<TextLine ID="P295_TL00011" HPOS="146" VPOS="634" WIDTH="959" HEIGHT="28">
						<String ID="P295_ST00104" HPOS="146" VPOS="635" WIDTH="168" HEIGHT="27" CONTENT="marchezato" WC="0.72" CC="0043600714"/>
						<SP ID="P295_SP00093" HPOS="314" VPOS="662" WIDTH="21"/>
						<String ID="P295_ST00105" HPOS="335" VPOS="634" WIDTH="31" HEIGHT="28" CONTENT="de" WC="1.00" CC="00"/>
						<SP ID="P295_SP00094" HPOS="366" VPOS="662" WIDTH="22"/>
						<String ID="P295_ST00106" HPOS="388" VPOS="634" WIDTH="152" HEIGHT="28" CONTENT="monferato" WC="0.45" CC="165065839"/>
						<SP ID="P295_SP00095" HPOS="540" VPOS="662" WIDTH="21"/>
						<String ID="P295_ST00107" HPOS="561" VPOS="646" WIDTH="12" HEIGHT="15" CONTENT="e" WC="0.23" CC="7"/>
						<SP ID="P295_SP00096" HPOS="573" VPOS="662" WIDTH="23"/>
						<String ID="P295_ST00108" HPOS="596" VPOS="636" WIDTH="31" HEIGHT="26" CONTENT="de" WC="1.00" CC="00"/>
						<SP ID="P295_SP00097" HPOS="627" VPOS="662" WIDTH="22"/>
						<String ID="P295_ST00109" HPOS="649" VPOS="645" WIDTH="63" HEIGHT="17" CONTENT="ceva" WC="0.87" CC="2020"/>
						<SP ID="P295_SP00098" HPOS="712" VPOS="662" WIDTH="21"/>
						<String ID="P295_ST00110" HPOS="733" VPOS="645" WIDTH="13" HEIGHT="17" CONTENT="e" WC="1.00" CC="0"/>
						<SP ID="P295_SP00099" HPOS="746" VPOS="662" WIDTH="22"/>
						<String ID="P295_ST00111" HPOS="768" VPOS="635" WIDTH="40" HEIGHT="27" CONTENT="del" WC="0.69" CC="054"/>
						<SP ID="P295_SP00100" HPOS="808" VPOS="662" WIDTH="26"/>
						<String ID="P295_ST00112" HPOS="834" VPOS="634" WIDTH="83" HEIGHT="28" CONTENT="bosco" WC="0.67" CC="72140"/>
						<SP ID="P295_SP00101" HPOS="917" VPOS="662" WIDTH="29"/>
						<String ID="P295_ST00113" HPOS="946" VPOS="645" WIDTH="13" HEIGHT="16" CONTENT="e" WC="0.29" CC="7"/>
						<SP ID="P295_SP00102" HPOS="959" VPOS="662" WIDTH="30"/>
						<String ID="P295_ST00114" HPOS="989" VPOS="635" WIDTH="17" HEIGHT="26" CONTENT="li" WC="0.66" CC="06"/>
						<SP ID="P295_SP00103" HPOS="1006" VPOS="662" WIDTH="29"/>
						<String ID="P295_ST00115" HPOS="1035" VPOS="634" WIDTH="70" HEIGHT="27" CONTENT="mala" WC="0.98" CC="0000"/>
					</TextLine>
					<TextLine ID="P295_TL00012" HPOS="144" VPOS="683" WIDTH="958" HEIGHT="38">
						<String ID="P295_ST00116" HPOS="144" VPOS="685" WIDTH="73" HEIGHT="36" CONTENT="spina" WC="0.45" CC="60559"/>
						<SP ID="P295_SP00104" HPOS="217" VPOS="721" WIDTH="23"/>
						<String ID="P295_ST00117" HPOS="240" VPOS="694" WIDTH="13" HEIGHT="17" CONTENT="e" WC="1.00" CC="0"/>
						<SP ID="P295_SP00105" HPOS="253" VPOS="721" WIDTH="22"/>
						<String ID="P295_ST00118" HPOS="275" VPOS="683" WIDTH="144" HEIGHT="38" CONTENT="palavezini" WC="0.71" CC="0040079060"/>
						<SP ID="P295_SP00106" HPOS="419" VPOS="721" WIDTH="22"/>
						<String ID="P295_ST00119" HPOS="441" VPOS="694" WIDTH="51" HEIGHT="17" CONTENT="con" WC="0.55" CC="507"/>
						<SP ID="P295_SP00107" HPOS="492" VPOS="721" WIDTH="22"/>
						<String ID="P295_ST00120" HPOS="514" VPOS="684" WIDTH="58" HEIGHT="27" CONTENT="loro" WC="0.92" CC="3000"/>
						<SP ID="P295_SP00108" HPOS="572" VPOS="721" WIDTH="21"/>
						<String ID="P295_ST00121" HPOS="593" VPOS="685" WIDTH="104" HEIGHT="36" CONTENT="sequasi" WC="0.54" CC="0593705"/>
						<SP ID="P295_SP00109" HPOS="697" VPOS="721" WIDTH="11"/>
						<String ID="P295_ST00122" HPOS="708" VPOS="684" WIDTH="86" HEIGHT="27" CONTENT="eciam" WC="0.72" CC="04016"/>
						<SP ID="P295_SP00110" HPOS="794" VPOS="721" WIDTH="16"/>
						<String ID="P295_ST00123" HPOS="810" VPOS="683" WIDTH="76" HEIGHT="28" CONTENT="molti" WC="0.77" CC="00074"/>
						<SP ID="P295_SP00111" HPOS="886" VPOS="721" WIDTH="17"/>
						<String ID="P295_ST00124" HPOS="903" VPOS="684" WIDTH="137" HEIGHT="27" CONTENT="mascarati" WC="0.67" CC="790702002"/>
						<SP ID="P295_SP00112" HPOS="1040" VPOS="721" WIDTH="15"/>
						<String ID="P295_ST00125" HPOS="1055" VPOS="694" WIDTH="47" HEIGHT="17" CONTENT="soe" WC="0.45" CC="906"/>
					</TextLine>
					<TextLine ID="P295_TL00013" HPOS="147" VPOS="732" WIDTH="957" HEIGHT="38">
						<String ID="P295_ST00126" HPOS="147" VPOS="733" WIDTH="55" HEIGHT="27" CONTENT="fora" WC="0.81" CC="0070"/>
						<SP ID="P295_SP00113" HPOS="202" VPOS="760" WIDTH="21"/>
						<String ID="P295_ST00127" HPOS="223" VPOS="733" WIDTH="61" HEIGHT="27" CONTENT="usiti" WC="0.80" CC="00206"/>
						<SP ID="P295_SP00114" HPOS="284" VPOS="760" WIDTH="21"/>
						<String ID="P295_ST00128" HPOS="305" VPOS="733" WIDTH="24" HEIGHT="27" CONTENT="di" WC="0.64" CC="07"/>
						<SP ID="P295_SP00115" HPOS="329" VPOS="760" WIDTH="24"/>
						<String ID="P295_ST00129" HPOS="353" VPOS="744" WIDTH="85" HEIGHT="25" CONTENT="genua" WC="0.10" CC="98888"/>
						<SP ID="P295_SP00116" HPOS="438" VPOS="769" WIDTH="21"/>
						<String ID="P295_ST00130" HPOS="459" VPOS="734" WIDTH="50" HEIGHT="26" CONTENT="tuti" WC="0.67" CC="0641"/>
						<SP ID="P295_SP00117" HPOS="509" VPOS="769" WIDTH="22"/>
						<String ID="P295_ST00131" HPOS="531" VPOS="741" WIDTH="107" HEIGHT="19" CONTENT="costoro" WC="0.83" CC="5060000"/>
						<SP ID="P295_SP00118" HPOS="638" VPOS="769" WIDTH="22"/>
						<String ID="P295_ST00132" HPOS="660" VPOS="744" WIDTH="78" HEIGHT="26" CONTENT="sopra" WC="0.96" CC="00020"/>
						<SP ID="P295_SP00119" HPOS="738" VPOS="770" WIDTH="20"/>
						<String ID="P295_ST00133" HPOS="758" VPOS="734" WIDTH="132" HEIGHT="26" CONTENT="nominati" WC="0.79" CC="60006003"/>
						<SP ID="P295_SP00120" HPOS="890" VPOS="770" WIDTH="22"/>
						<String ID="P295_ST00134" HPOS="912" VPOS="743" WIDTH="82" HEIGHT="17" CONTENT="erano" WC="0.70" CC="77000"/>
						<SP ID="P295_SP00121" HPOS="994" VPOS="770" WIDTH="21"/>
						<String ID="P295_ST00135" HPOS="1015" VPOS="743" WIDTH="13" HEIGHT="17" CONTENT="a" WC="0.01" CC="9"/>
						<SP ID="P295_SP00122" HPOS="1028" VPOS="770" WIDTH="33"/>
						<String ID="P295_ST00136" HPOS="1061" VPOS="732" WIDTH="43" HEIGHT="28" CONTENT="de" SUBS_TYPE="HypPart1" SUBS_CONTENT="devocione" WC="1.00" CC="000"/>
						<HYP CONTENT="-"/>
					</TextLine>
					<TextLine ID="P295_TL00014" HPOS="147" VPOS="782" WIDTH="957" HEIGHT="37">
						<String ID="P295_ST00137" HPOS="147" VPOS="783" WIDTH="113" HEIGHT="27" CONTENT="vocione" SUBS_TYPE="HypPart2" SUBS_CONTENT="devocione" WC="0.77" CC="0072140"/>
						<SP ID="P295_SP00123" HPOS="260" VPOS="810" WIDTH="21"/>
						<String ID="P295_ST00138" HPOS="281" VPOS="782" WIDTH="32" HEIGHT="28" CONTENT="de" WC="1.00" CC="00"/>
						<SP ID="P295_SP00124" HPOS="313" VPOS="810" WIDTH="20"/>
						<String ID="P295_ST00139" HPOS="333" VPOS="782" WIDTH="27" HEIGHT="28" CONTENT="lo" WC="0.88" CC="20"/>
						<SP ID="P295_SP00125" HPOS="360" VPOS="810" WIDTH="21"/>
						<String ID="P295_ST00140" HPOS="381" VPOS="783" WIDTH="150" HEIGHT="36" CONTENT="inperatore" WC="0.77" CC="4700000270"/>
						<SP ID="P295_SP00126" HPOS="531" VPOS="819" WIDTH="22"/>
						<String ID="P295_ST00141" HPOS="553" VPOS="793" WIDTH="13" HEIGHT="17" CONTENT="e" WC="0.78" CC="2"/>
						<SP ID="P295_SP00127" HPOS="566" VPOS="819" WIDTH="21"/>
						<String ID="P295_ST00142" HPOS="587" VPOS="783" WIDTH="27" HEIGHT="27" CONTENT="lo" WC="1.00" CC="00"/>
						<SP ID="P295_SP00128" HPOS="614" VPOS="819" WIDTH="15"/>
						<String ID="P295_ST00143" HPOS="629" VPOS="782" WIDTH="110" HEIGHT="37" CONTENT="podestà" WC="0.62" CC="0004667"/>
						<SP ID="P295_SP00129" HPOS="739" VPOS="819" WIDTH="15"/>
						<String ID="P295_ST00144" HPOS="754" VPOS="782" WIDTH="26" HEIGHT="28" CONTENT="di" WC="0.77" CC="04"/>
						<SP ID="P295_SP00130" HPOS="780" VPOS="819" WIDTH="14"/>
						<String ID="P295_ST00145" HPOS="794" VPOS="793" WIDTH="85" HEIGHT="25" CONTENT="genoa" WC="0.76" CC="04700"/>
						<SP ID="P295_SP00131" HPOS="879" VPOS="819" WIDTH="16"/>
						<String ID="P295_ST00146" HPOS="895" VPOS="782" WIDTH="156" HEIGHT="28" CONTENT="deziderozo" WC="0.85" CC="0107050000"/>
						<SP ID="P295_SP00132" HPOS="1051" VPOS="819" WIDTH="11"/>
						<String ID="P295_ST00147" HPOS="1062" VPOS="782" WIDTH="42" HEIGHT="28" CONTENT="del" WC="0.79" CC="060"/>
					</TextLine>
					<TextLine ID="P295_TL00015" HPOS="146" VPOS="831" WIDTH="959" HEIGHT="38">
						<String ID="P295_ST00148" HPOS="146" VPOS="831" WIDTH="67" HEIGHT="28" CONTENT="bene" WC="0.67" CC="7050"/>
						<SP ID="P295_SP00133" HPOS="213" VPOS="859" WIDTH="21"/>
						<String ID="P295_ST00149" HPOS="234" VPOS="832" WIDTH="32" HEIGHT="27" CONTENT="de" WC="1.00" CC="00"/>
						<SP ID="P295_SP00134" HPOS="266" VPOS="859" WIDTH="22"/>
						<String ID="P295_ST00150" HPOS="288" VPOS="832" WIDTH="22" HEIGHT="27" CONTENT="la" WC="0.72" CC="50"/>
						<SP ID="P295_SP00135" HPOS="310" VPOS="859" WIDTH="24"/>
						<String ID="P295_ST00151" HPOS="334" VPOS="832" WIDTH="132" HEIGHT="37" CONTENT="replubica" WC="0.56" CC="800036478"/>
						<SP ID="P295_SP00136" HPOS="466" VPOS="869" WIDTH="23"/>
						<String ID="P295_ST00152" HPOS="489" VPOS="832" WIDTH="31" HEIGHT="28" CONTENT="da" WC="0.67" CC="06"/>
						<SP ID="P295_SP00137" HPOS="520" VPOS="869" WIDTH="28"/>
						<String ID="P295_ST00153" HPOS="548" VPOS="832" WIDTH="36" HEIGHT="28" CONTENT="lui" WC="0.80" CC="104"/>
						<SP ID="P295_SP00138" HPOS="584" VPOS="869" WIDTH="28"/>
						<String ID="P295_ST00154" HPOS="612" VPOS="841" WIDTH="70" HEIGHT="18" CONTENT="steso" WC="0.77" CC="14013"/>
						<SP ID="P295_SP00139" HPOS="682" VPOS="869" WIDTH="28"/>
						<String ID="P295_ST00155" HPOS="710" VPOS="831" WIDTH="118" HEIGHT="31" CONTENT="delibero" WC="0.82" CC="01041050"/>
						<SP ID="P295_SP00140" HPOS="828" VPOS="869" WIDTH="26"/>
						<String ID="P295_ST00156" HPOS="854" VPOS="831" WIDTH="31" HEIGHT="28" CONTENT="de" WC="0.77" CC="04"/>
						<SP ID="P295_SP00141" HPOS="885" VPOS="869" WIDTH="29"/>
						<String ID="P295_ST00157" HPOS="914" VPOS="841" WIDTH="136" HEIGHT="27" CONTENT="opugnare" WC="0.76" CC="09402001"/>
						<SP ID="P295_SP00142" HPOS="1050" VPOS="869" WIDTH="32"/>
						<String ID="P295_ST00158" HPOS="1082" VPOS="832" WIDTH="23" HEIGHT="27" CONTENT="la" WC="0.92" CC="10"/>
					</TextLine>
					<TextLine ID="P295_TL00016" HPOS="145" VPOS="880" WIDTH="960" HEIGHT="38">
						<String ID="P295_ST00159" HPOS="145" VPOS="888" WIDTH="71" HEIGHT="21" CONTENT="torre" WC="0.71" CC="51006"/>
						<SP ID="P295_SP00143" HPOS="216" VPOS="909" WIDTH="21"/>
						<String ID="P295_ST00160" HPOS="237" VPOS="881" WIDTH="31" HEIGHT="28" CONTENT="de" WC="0.67" CC="06"/>
						<SP ID="P295_SP00144" HPOS="268" VPOS="909" WIDTH="22"/>
						<String ID="P295_ST00161" HPOS="290" VPOS="882" WIDTH="141" HEIGHT="27" CONTENT="Guliermo" WC="0.72" CC="06017500"/>
						<SP ID="P295_SP00145" HPOS="431" VPOS="909" WIDTH="22"/>
						<String ID="P295_ST00162" HPOS="453" VPOS="882" WIDTH="103" HEIGHT="36" CONTENT="spinola" WC="0.80" CC="4004030"/>
						<SP ID="P295_SP00146" HPOS="556" VPOS="918" WIDTH="22"/>
						<String ID="P295_ST00163" HPOS="578" VPOS="882" WIDTH="42" HEIGHT="27" CONTENT="chi" WC="0.56" CC="363"/>
						<SP ID="P295_SP00147" HPOS="620" VPOS="918" WIDTH="22"/>
						<String ID="P295_ST00164" HPOS="642" VPOS="891" WIDTH="43" HEIGHT="17" CONTENT="era" WC="0.71" CC="160"/>
						<SP ID="P295_SP00148" HPOS="685" VPOS="918" WIDTH="20"/>
						<String ID="P295_ST00165" HPOS="705" VPOS="880" WIDTH="94" HEIGHT="28" CONTENT="ribello" WC="0.71" CC="4600620"/>
						<SP ID="P295_SP00149" HPOS="799" VPOS="918" WIDTH="22"/>
						<String ID="P295_ST00166" HPOS="821" VPOS="881" WIDTH="16" HEIGHT="27" CONTENT="il" WC="0.71" CC="50"/>
						<SP ID="P295_SP00150" HPOS="837" VPOS="918" WIDTH="22"/>
						<String ID="P295_ST00167" HPOS="859" VPOS="881" WIDTH="75" HEIGHT="36" CONTENT="quale" WC="0.75" CC="00650"/>
						<SP ID="P295_SP00151" HPOS="934" VPOS="918" WIDTH="22"/>
						<String ID="P295_ST00168" HPOS="956" VPOS="882" WIDTH="56" HEIGHT="26" CONTENT="avia" WC="0.41" CC="9416"/>
						<SP ID="P295_SP00152" HPOS="1012" VPOS="918" WIDTH="21"/>
						<String ID="P295_ST00169" HPOS="1033" VPOS="890" WIDTH="72" HEIGHT="18" CONTENT="man" SUBS_TYPE="HypPart1" SUBS_CONTENT="mandato" WC="0.52" CC="3922"/>
						<HYP CONTENT="-"/>
					</TextLine>
					<TextLine ID="P295_TL00017" HPOS="146" VPOS="929" WIDTH="959" HEIGHT="38">
						<String ID="P295_ST00170" HPOS="146" VPOS="931" WIDTH="61" HEIGHT="27" CONTENT="dato" SUBS_TYPE="HypPart2" SUBS_CONTENT="mandato" WC="0.79" CC="0061"/>
						<SP ID="P295_SP00153" HPOS="207" VPOS="958" WIDTH="21"/>
						<String ID="P295_ST00171" HPOS="228" VPOS="940" WIDTH="54" HEIGHT="18" CONTENT="uno" WC="0.70" CC="350"/>
						<SP ID="P295_SP00154" HPOS="282" VPOS="958" WIDTH="16"/>
						<String ID="P295_ST00172" HPOS="298" VPOS="940" WIDTH="49" HEIGHT="18" CONTENT="suo" WC="0.80" CC="050"/>
						<SP ID="P295_SP00155" HPOS="347" VPOS="958" WIDTH="15"/>
						<String ID="P295_ST00173" HPOS="362" VPOS="930" WIDTH="93" HEIGHT="37" CONTENT="figiolo" WC="0.66" CC="2294005"/>
						<SP ID="P295_SP00156" HPOS="455" VPOS="967" WIDTH="15"/>
						<String ID="P295_ST00174" HPOS="470" VPOS="930" WIDTH="32" HEIGHT="28" CONTENT="da" WC="1.00" CC="00"/>
						<SP ID="P295_SP00157" HPOS="502" VPOS="967" WIDTH="14"/>
						<String ID="P295_ST00175" HPOS="516" VPOS="930" WIDTH="26" HEIGHT="27" CONTENT="lo" WC="0.85" CC="20"/>
						<SP ID="P295_SP00158" HPOS="542" VPOS="967" WIDTH="15"/>
						<String ID="P295_ST00176" HPOS="557" VPOS="931" WIDTH="150" HEIGHT="36" CONTENT="inperatore" WC="0.80" CC="0100075040"/>
						<SP ID="P295_SP00159" HPOS="707" VPOS="967" WIDTH="14"/>
						<String ID="P295_ST00177" HPOS="721" VPOS="940" WIDTH="47" HEIGHT="26" CONTENT="per" WC="0.71" CC="016"/>
						<SP ID="P295_SP00160" HPOS="768" VPOS="967" WIDTH="11"/>
						<String ID="P295_ST00178" HPOS="779" VPOS="929" WIDTH="140" HEIGHT="28" CONTENT="danificare" WC="0.81" CC="0040003720"/>
						<SP ID="P295_SP00161" HPOS="919" VPOS="967" WIDTH="15"/>
						<String ID="P295_ST00179" HPOS="934" VPOS="930" WIDTH="24" HEIGHT="26" CONTENT="la" WC="0.50" CC="09"/>
						<SP ID="P295_SP00162" HPOS="958" VPOS="967" WIDTH="14"/>
						<String ID="P295_ST00180" HPOS="972" VPOS="929" WIDTH="133" HEIGHT="37" CONTENT="republica" WC="0.61" CC="720175550"/>
					</TextLine>
					<TextLine ID="P295_TL00018" HPOS="145" VPOS="978" WIDTH="960" HEIGHT="38">
						<String ID="P295_ST00181" HPOS="145" VPOS="979" WIDTH="32" HEIGHT="28" CONTENT="de" WC="1.00" CC="00"/>
						<SP ID="P295_SP00163" HPOS="177" VPOS="1007" WIDTH="20"/>
						<String ID="P295_ST00182" HPOS="197" VPOS="989" WIDTH="88" HEIGHT="27" CONTENT="genoa" WC="0.95" CC="00020"/>
						<SP ID="P295_SP00164" HPOS="285" VPOS="1016" WIDTH="20"/>
						<String ID="P295_ST00183" HPOS="305" VPOS="980" WIDTH="42" HEIGHT="27" CONTENT="elo" WC="0.90" CC="001"/>
						<SP ID="P295_SP00165" HPOS="347" VPOS="1016" WIDTH="20"/>
						<String ID="P295_ST00184" HPOS="367" VPOS="979" WIDTH="57" HEIGHT="28" CONTENT="dito" WC="0.51" CC="9045"/>
						<SP ID="P295_SP00166" HPOS="424" VPOS="1016" WIDTH="21"/>
						<String ID="P295_ST00185" HPOS="445" VPOS="979" WIDTH="111" HEIGHT="37" CONTENT="podestà" WC="0.95" CC="0300000"/>
						<SP ID="P295_SP00167" HPOS="556" VPOS="1016" WIDTH="22"/>
						<String ID="P295_ST00186" HPOS="578" VPOS="989" WIDTH="88" HEIGHT="17" CONTENT="semsa" WC="1.00" CC="00000"/>
						<SP ID="P295_SP00168" HPOS="666" VPOS="1016" WIDTH="26"/>
						<String ID="P295_ST00187" HPOS="692" VPOS="978" WIDTH="54" HEIGHT="28" CONTENT="fare" WC="0.58" CC="6603"/>
						<SP ID="P295_SP00169" HPOS="746" VPOS="1016" WIDTH="26"/>
						<String ID="P295_ST00188" HPOS="772" VPOS="987" WIDTH="75" HEIGHT="19" CONTENT="moto" WC="0.83" CC="0231"/>
						<SP ID="P295_SP00170" HPOS="847" VPOS="1016" WIDTH="28"/>
						<String ID="P295_ST00189" HPOS="875" VPOS="979" WIDTH="23" HEIGHT="27" CONTENT="al" WC="0.75" CC="05"/>
						<SP ID="P295_SP00171" HPOS="898" VPOS="1016" WIDTH="25"/>
						<String ID="P295_ST00190" HPOS="923" VPOS="979" WIDTH="112" HEIGHT="27" CONTENT="consilio" WC="0.56" CC="20748640"/>
						<SP ID="P295_SP00172" HPOS="1035" VPOS="1016" WIDTH="27"/>
						<String ID="P295_ST00191" HPOS="1062" VPOS="978" WIDTH="43" HEIGHT="27" CONTENT="del" WC="0.77" CC="006"/>
					</TextLine>
					<TextLine ID="P295_TL00019" HPOS="147" VPOS="1027" WIDTH="958" HEIGHT="29">
						<String ID="P295_ST00192" HPOS="147" VPOS="1038" WIDTH="72" HEIGHT="18" CONTENT="meze" WC="0.68" CC="7401"/>
						<SP ID="P295_SP00173" HPOS="219" VPOS="1056" WIDTH="21"/>
						<String ID="P295_ST00193" HPOS="240" VPOS="1029" WIDTH="32" HEIGHT="27" CONTENT="de" WC="1.00" CC="00"/>
						<SP ID="P295_SP00174" HPOS="272" VPOS="1056" WIDTH="22"/>
						<String ID="P295_ST00194" HPOS="294" VPOS="1038" WIDTH="89" HEIGHT="18" CONTENT="marso" WC="0.86" CC="00060"/>
						<SP ID="P295_SP00175" HPOS="383" VPOS="1056" WIDTH="22"/>
						<String ID="P295_ST00195" HPOS="405" VPOS="1029" WIDTH="186" HEIGHT="27" CONTENT="secretamenti" WC="0.75" CC="250002000845"/>
						<SP ID="P295_SP00176" HPOS="591" VPOS="1056" WIDTH="23"/>
						<String ID="P295_ST00196" HPOS="614" VPOS="1028" WIDTH="108" HEIGHT="27" CONTENT="cavalco" WC="0.79" CC="3000415"/>
						<SP ID="P295_SP00177" HPOS="722" VPOS="1056" WIDTH="21"/>
						<String ID="P295_ST00197" HPOS="743" VPOS="1038" WIDTH="52" HEIGHT="17" CONTENT="con" WC="0.48" CC="437"/>
						<SP ID="P295_SP00178" HPOS="795" VPOS="1056" WIDTH="21"/>
						<String ID="P295_ST00198" HPOS="816" VPOS="1028" WIDTH="96" HEIGHT="27" CONTENT="soldati" WC="0.84" CC="1040004"/>
						<SP ID="P295_SP00179" HPOS="912" VPOS="1056" WIDTH="23"/>
						<String ID="P295_ST00199" HPOS="935" VPOS="1027" WIDTH="32" HEIGHT="28" CONTENT="de" WC="0.73" CC="05"/>
						<SP ID="P295_SP00180" HPOS="967" VPOS="1056" WIDTH="20"/>
						<String ID="P295_ST00200" HPOS="987" VPOS="1030" WIDTH="24" HEIGHT="26" CONTENT="la" WC="1.00" CC="00"/>
						<SP ID="P295_SP00181" HPOS="1011" VPOS="1056" WIDTH="15"/>
						<String ID="P295_ST00201" HPOS="1026" VPOS="1029" WIDTH="51" HEIGHT="27" CONTENT="cita" WC="0.59" CC="0059"/>
						<SP ID="P295_SP00182" HPOS="1077" VPOS="1056" WIDTH="14"/>
						<String ID="P295_ST00202" HPOS="1091" VPOS="1037" WIDTH="14" HEIGHT="18" CONTENT="e" WC="0.84" CC="1"/>
					</TextLine>
					<TextLine ID="P295_TL00020" HPOS="145" VPOS="1076" WIDTH="959" HEIGHT="38">
						<String ID="P295_ST00203" HPOS="145" VPOS="1078" WIDTH="71" HEIGHT="36" CONTENT="queli" WC="0.86" CC="00060"/>
						<SP ID="P295_SP00183" HPOS="216" VPOS="1114" WIDTH="21"/>
						<String ID="P295_ST00204" HPOS="237" VPOS="1078" WIDTH="30" HEIGHT="27" CONTENT="de" WC="1.00" CC="00"/>
						<SP ID="P295_SP00184" HPOS="267" VPOS="1114" WIDTH="20"/>
						<String ID="P295_ST00205" HPOS="287" VPOS="1078" WIDTH="25" HEIGHT="27" CONTENT="le" WC="0.59" CC="80"/>
						<SP ID="P295_SP00185" HPOS="312" VPOS="1114" WIDTH="21"/>
						<String ID="P295_ST00206" HPOS="333" VPOS="1086" WIDTH="116" HEIGHT="28" CONTENT="postane" WC="0.77" CC="0005072"/>
						<SP ID="P295_SP00186" HPOS="449" VPOS="1114" WIDTH="21"/>
						<String ID="P295_ST00207" HPOS="470" VPOS="1087" WIDTH="14" HEIGHT="18" CONTENT="e" WC="1.00" CC="0"/>
						<SP ID="P295_SP00187" HPOS="484" VPOS="1114" WIDTH="22"/>
						<String ID="P295_ST00208" HPOS="506" VPOS="1078" WIDTH="105" HEIGHT="27" CONTENT="atornio" WC="0.78" CC="0106042"/>
						<SP ID="P295_SP00188" HPOS="611" VPOS="1114" WIDTH="21"/>
						<String ID="P295_ST00209" HPOS="632" VPOS="1077" WIDTH="26" HEIGHT="27" CONTENT="lo" WC="0.71" CC="22"/>
						<SP ID="P295_SP00189" HPOS="658" VPOS="1114" WIDTH="22"/>
						<String ID="P295_ST00210" HPOS="680" VPOS="1077" WIDTH="100" HEIGHT="27" CONTENT="castelo" WC="0.58" CC="5008636"/>
						<SP ID="P295_SP00190" HPOS="780" VPOS="1114" WIDTH="21"/>
						<String ID="P295_ST00211" HPOS="801" VPOS="1076" WIDTH="31" HEIGHT="28" CONTENT="de" WC="0.13" CC="97"/>
						<SP ID="P295_SP00191" HPOS="832" VPOS="1114" WIDTH="22"/>
						<String ID="P295_ST00212" HPOS="854" VPOS="1086" WIDTH="85" HEIGHT="18" CONTENT="ronco" WC="0.77" CC="00370"/>
						<SP ID="P295_SP00192" HPOS="939" VPOS="1114" WIDTH="14"/>
						<String ID="P295_ST00213" HPOS="953" VPOS="1077" WIDTH="44" HEIGHT="27" CONTENT="chi" WC="0.62" CC="055"/>
						<SP ID="P295_SP00193" HPOS="997" VPOS="1114" WIDTH="15"/>
						<String ID="P295_ST00214" HPOS="1012" VPOS="1086" WIDTH="43" HEIGHT="18" CONTENT="era" WC="0.57" CC="029"/>
						<SP ID="P295_SP00194" HPOS="1055" VPOS="1114" WIDTH="17"/>
						<String ID="P295_ST00215" HPOS="1072" VPOS="1076" WIDTH="32" HEIGHT="27" CONTENT="de" WC="1.00" CC="00"/>
					</TextLine>
					<TextLine ID="P295_TL00021" HPOS="145" VPOS="1126" WIDTH="960" HEIGHT="37">
						<String ID="P295_ST00216" HPOS="145" VPOS="1127" WIDTH="27" HEIGHT="27" CONTENT="lo" WC="0.85" CC="02"/>
						<SP ID="P295_SP00195" HPOS="172" VPOS="1154" WIDTH="22"/>
						<String ID="P295_ST00217" HPOS="194" VPOS="1126" WIDTH="55" HEIGHT="28" CONTENT="dito" WC="0.91" CC="0300"/>
						<SP ID="P295_SP00196" HPOS="249" VPOS="1154" WIDTH="21"/>
						<String ID="P295_ST00218" HPOS="270" VPOS="1127" WIDTH="142" HEIGHT="28" CONTENT="Guliermo" WC="0.79" CC="05430010"/>
						<SP ID="P295_SP00197" HPOS="412" VPOS="1155" WIDTH="22"/>
						<String ID="P295_ST00219" HPOS="434" VPOS="1126" WIDTH="103" HEIGHT="37" CONTENT="spinola" WC="0.88" CC="0020500"/>
						<SP ID="P295_SP00198" HPOS="537" VPOS="1163" WIDTH="21"/>
						<String ID="P295_ST00220" HPOS="558" VPOS="1136" WIDTH="13" HEIGHT="17" CONTENT="e" WC="1.00" CC="0"/>
						<SP ID="P295_SP00199" HPOS="571" VPOS="1163" WIDTH="20"/>
						<String ID="P295_ST00221" HPOS="591" VPOS="1127" WIDTH="28" HEIGHT="26" CONTENT="lo" WC="0.70" CC="60"/>
						<SP ID="P295_SP00200" HPOS="619" VPOS="1163" WIDTH="21"/>
						<String ID="P295_ST00222" HPOS="640" VPOS="1136" WIDTH="73" HEIGHT="27" CONTENT="preze" WC="0.83" CC="02033"/>
						<SP ID="P295_SP00201" HPOS="713" VPOS="1163" WIDTH="22"/>
						<String ID="P295_ST00223" HPOS="735" VPOS="1136" WIDTH="13" HEIGHT="17" CONTENT="e" WC="1.00" CC="0"/>
						<SP ID="P295_SP00202" HPOS="748" VPOS="1163" WIDTH="22"/>
						<String ID="P295_ST00224" HPOS="770" VPOS="1126" WIDTH="26" HEIGHT="27" CONTENT="di" WC="0.89" CC="02"/>
						<SP ID="P295_SP00203" HPOS="796" VPOS="1163" WIDTH="22"/>
						<String ID="P295_ST00225" HPOS="818" VPOS="1134" WIDTH="121" HEIGHT="29" CONTENT="prezente" WC="0.94" CC="00000003"/>
						<SP ID="P295_SP00204" HPOS="939" VPOS="1163" WIDTH="23"/>
						<String ID="P295_ST00226" HPOS="962" VPOS="1136" WIDTH="28" HEIGHT="17" CONTENT="se" WC="0.72" CC="23"/>
						<SP ID="P295_SP00205" HPOS="990" VPOS="1163" WIDTH="24"/>
						<String ID="P295_ST00227" HPOS="1014" VPOS="1136" WIDTH="34" HEIGHT="17" CONTENT="ne" WC="0.35" CC="84"/>
						<SP ID="P295_SP00206" HPOS="1048" VPOS="1163" WIDTH="22"/>
						<String ID="P295_ST00228" HPOS="1070" VPOS="1126" WIDTH="35" HEIGHT="26" CONTENT="ri" SUBS_TYPE="HypPart1" SUBS_CONTENT="ritorno" WC="0.92" CC="020"/>
						<HYP CONTENT="-"/>
					</TextLine>
					<TextLine ID="P295_TL00022" HPOS="147" VPOS="1174" WIDTH="956" HEIGHT="39">
						<String ID="P295_ST00229" HPOS="147" VPOS="1184" WIDTH="79" HEIGHT="19" CONTENT="torno" SUBS_TYPE="HypPart2" SUBS_CONTENT="ritorno" WC="0.19" CC="59789"/>
						<SP ID="P295_SP00207" HPOS="226" VPOS="1203" WIDTH="21"/>
						<String ID="P295_ST00230" HPOS="247" VPOS="1186" WIDTH="14" HEIGHT="16" CONTENT="a" WC="0.01" CC="9"/>
						<SP ID="P295_SP00208" HPOS="261" VPOS="1203" WIDTH="21"/>
						<String ID="P295_ST00231" HPOS="282" VPOS="1185" WIDTH="84" HEIGHT="28" CONTENT="genoa" WC="1.00" CC="00000"/>
						<SP ID="P295_SP00209" HPOS="366" VPOS="1213" WIDTH="23"/>
						<String ID="P295_ST00232" HPOS="389" VPOS="1185" WIDTH="48" HEIGHT="18" CONTENT="con" WC="0.44" CC="808"/>
						<SP ID="P295_SP00210" HPOS="437" VPOS="1213" WIDTH="23"/>
						<String ID="P295_ST00233" HPOS="460" VPOS="1175" WIDTH="23" HEIGHT="27" CONTENT="le" WC="0.48" CC="64"/>
						<SP ID="P295_SP00211" HPOS="483" VPOS="1213" WIDTH="22"/>
						<String ID="P295_ST00234" HPOS="505" VPOS="1185" WIDTH="45" HEIGHT="17" CONTENT="sue" WC="1.00" CC="000"/>
						<SP ID="P295_SP00212" HPOS="550" VPOS="1213" WIDTH="22"/>
						<String ID="P295_ST00235" HPOS="572" VPOS="1176" WIDTH="109" HEIGHT="26" CONTENT="fantarie" WC="0.44" CC="79520747"/>
						<SP ID="P295_SP00213" HPOS="681" VPOS="1213" WIDTH="21"/>
						<String ID="P295_ST00236" HPOS="702" VPOS="1176" WIDTH="45" HEIGHT="36" CONTENT="poi" WC="1.00" CC="000"/>
						<SP ID="P295_SP00214" HPOS="747" VPOS="1213" WIDTH="21"/>
						<String ID="P295_ST00237" HPOS="768" VPOS="1174" WIDTH="25" HEIGHT="28" CONTENT="lo" WC="0.73" CC="50"/>
						<SP ID="P295_SP00215" HPOS="793" VPOS="1213" WIDTH="23"/>
						<String ID="P295_ST00238" HPOS="816" VPOS="1185" WIDTH="74" HEIGHT="17" CONTENT="meze" WC="0.58" CC="0357"/>
						<SP ID="P295_SP00216" HPOS="890" VPOS="1213" WIDTH="21"/>
						<String ID="P295_ST00239" HPOS="911" VPOS="1174" WIDTH="31" HEIGHT="28" CONTENT="de" WC="0.44" CC="65"/>
						<SP ID="P295_SP00217" HPOS="942" VPOS="1213" WIDTH="29"/>
						<String ID="P295_ST00240" HPOS="971" VPOS="1175" WIDTH="79" HEIGHT="37" CONTENT="aprile" WC="0.63" CC="002729"/>
						<SP ID="P295_SP00218" HPOS="1050" VPOS="1213" WIDTH="22"/>
						<String ID="P295_ST00241" HPOS="1072" VPOS="1185" WIDTH="31" HEIGHT="17" CONTENT="ne" WC="0.18" CC="87"/>
					</TextLine>
					<TextLine ID="P295_TL00023" HPOS="147" VPOS="1224" WIDTH="957" HEIGHT="37">
						<String ID="P295_ST00242" HPOS="147" VPOS="1225" WIDTH="69" HEIGHT="27" CONTENT="andò" WC="0.79" CC="0800"/>
						<SP ID="P295_SP00219" HPOS="216" VPOS="1252" WIDTH="21"/>
						<String ID="P295_ST00243" HPOS="237" VPOS="1235" WIDTH="51" HEIGHT="17" CONTENT="con" WC="0.73" CC="304"/>
						<SP ID="P295_SP00220" HPOS="288" VPOS="1252" WIDTH="22"/>
						<String ID="P295_ST00244" HPOS="310" VPOS="1226" WIDTH="113" HEIGHT="26" CONTENT="ezercito" WC="0.69" CC="00097502"/>
						<SP ID="P295_SP00221" HPOS="423" VPOS="1252" WIDTH="21"/>
						<String ID="P295_ST00245" HPOS="444" VPOS="1235" WIDTH="14" HEIGHT="17" CONTENT="a" WC="1.00" CC="0"/>
						<SP ID="P295_SP00222" HPOS="458" VPOS="1252" WIDTH="21"/>
						<String ID="P295_ST00246" HPOS="479" VPOS="1226" WIDTH="147" HEIGHT="35" CONTENT="savignone" WC="0.78" CC="090306000"/>
						<SP ID="P295_SP00223" HPOS="626" VPOS="1261" WIDTH="22"/>
						<String ID="P295_ST00247" HPOS="648" VPOS="1235" WIDTH="14" HEIGHT="17" CONTENT="e" WC="0.66" CC="3"/>
						<SP ID="P295_SP00224" HPOS="662" VPOS="1261" WIDTH="22"/>
						<String ID="P295_ST00248" HPOS="684" VPOS="1235" WIDTH="76" HEIGHT="26" CONTENT="preze" WC="0.57" CC="06527"/>
						<SP ID="P295_SP00225" HPOS="760" VPOS="1261" WIDTH="29"/>
						<String ID="P295_ST00249" HPOS="789" VPOS="1224" WIDTH="25" HEIGHT="27" CONTENT="lo" WC="0.87" CC="02"/>
						<SP ID="P295_SP00226" HPOS="814" VPOS="1261" WIDTH="26"/>
						<String ID="P295_ST00250" HPOS="840" VPOS="1224" WIDTH="98" HEIGHT="28" CONTENT="castelo" WC="0.57" CC="6755040"/>
						<SP ID="P295_SP00227" HPOS="938" VPOS="1261" WIDTH="27"/>
						<String ID="P295_ST00251" HPOS="965" VPOS="1224" WIDTH="23" HEIGHT="28" CONTENT="el" WC="1.00" CC="00"/>
						<SP ID="P295_SP00228" HPOS="988" VPOS="1261" WIDTH="29"/>
						<String ID="P295_ST00252" HPOS="1017" VPOS="1224" WIDTH="87" HEIGHT="28" CONTENT="simile" WC="0.39" CC="838537"/>
					</TextLine>
					<TextLine ID="P295_TL00024" HPOS="145" VPOS="1273" WIDTH="960" HEIGHT="39">
						<String ID="P295_ST00253" HPOS="145" VPOS="1274" WIDTH="88" HEIGHT="38" CONTENT="quello" WC="0.83" CC="000431"/>
						<SP ID="P295_SP00229" HPOS="233" VPOS="1312" WIDTH="22"/>
						<String ID="P295_ST00254" HPOS="255" VPOS="1274" WIDTH="25" HEIGHT="27" CONTENT="di" WC="0.66" CC="06"/>
						<SP ID="P295_SP00230" HPOS="280" VPOS="1312" WIDTH="23"/>
						<String ID="P295_ST00255" HPOS="303" VPOS="1284" WIDTH="61" HEIGHT="17" CONTENT="roca" WC="0.56" CC="6460"/>
						<SP ID="P295_SP00231" HPOS="364" VPOS="1312" WIDTH="15"/>
						<String ID="P295_ST00256" HPOS="379" VPOS="1274" WIDTH="85" HEIGHT="37" CONTENT="pelata" WC="0.78" CC="060700"/>
						<SP ID="P295_SP00232" HPOS="464" VPOS="1312" WIDTH="15"/>
						<String ID="P295_ST00257" HPOS="479" VPOS="1274" WIDTH="48" HEIGHT="27" CONTENT="che" WC="0.53" CC="165"/>
						<SP ID="P295_SP00233" HPOS="527" VPOS="1312" WIDTH="15"/>
						<String ID="P295_ST00258" HPOS="542" VPOS="1274" WIDTH="49" HEIGHT="27" CONTENT="tuti" WC="0.81" CC="5002"/>
						<SP ID="P295_SP00234" HPOS="591" VPOS="1312" WIDTH="13"/>
						<String ID="P295_ST00259" HPOS="604" VPOS="1283" WIDTH="81" HEIGHT="18" CONTENT="erano" WC="0.94" CC="00030"/>
						<SP ID="P295_SP00235" HPOS="685" VPOS="1312" WIDTH="16"/>
						<String ID="P295_ST00260" HPOS="701" VPOS="1273" WIDTH="32" HEIGHT="28" CONTENT="de" WC="1.00" CC="00"/>
						<SP ID="P295_SP00236" HPOS="733" VPOS="1312" WIDTH="14"/>
						<String ID="P295_ST00261" HPOS="747" VPOS="1274" WIDTH="27" HEIGHT="27" CONTENT="lo" WC="0.70" CC="50"/>
						<SP ID="P295_SP00237" HPOS="774" VPOS="1312" WIDTH="12"/>
						<String ID="P295_ST00262" HPOS="786" VPOS="1273" WIDTH="56" HEIGHT="28" CONTENT="dito" WC="0.99" CC="0000"/>
						<SP ID="P295_SP00238" HPOS="842" VPOS="1312" WIDTH="15"/>
						<String ID="P295_ST00263" HPOS="857" VPOS="1273" WIDTH="132" HEIGHT="37" CONTENT="guliermo" WC="0.78" CC="02055030"/>
						<SP ID="P295_SP00239" HPOS="989" VPOS="1312" WIDTH="11"/>
						<String ID="P295_ST00264" HPOS="1000" VPOS="1274" WIDTH="105" HEIGHT="36" CONTENT="spinola" WC="0.69" CC="0946000"/>
					</TextLine>
					<TextLine ID="P295_TL00025" HPOS="146" VPOS="1323" WIDTH="959" HEIGHT="27">
						<String ID="P295_ST00265" HPOS="146" VPOS="1335" WIDTH="14" HEIGHT="15" CONTENT="e" WC="0.83" CC="1"/>
						<SP ID="P295_SP00240" HPOS="160" VPOS="1350" WIDTH="20"/>
						<String ID="P295_ST00266" HPOS="180" VPOS="1324" WIDTH="26" HEIGHT="26" CONTENT="lo" WC="0.69" CC="60"/>
						<SP ID="P295_SP00241" HPOS="206" VPOS="1350" WIDTH="22"/>
						<String ID="P295_ST00267" HPOS="228" VPOS="1324" WIDTH="56" HEIGHT="26" CONTENT="dito" WC="0.83" CC="0600"/>
						<SP ID="P295_SP00242" HPOS="284" VPOS="1350" WIDTH="21"/>
						<String ID="P295_ST00268" HPOS="305" VPOS="1324" WIDTH="143" HEIGHT="26" CONTENT="Guliermo" WC="0.66" CC="05064244"/>
						<SP ID="P295_SP00243" HPOS="448" VPOS="1350" WIDTH="21"/>
						<String ID="P295_ST00269" HPOS="469" VPOS="1333" WIDTH="27" HEIGHT="17" CONTENT="se" WC="0.96" CC="00"/>
						<SP ID="P295_SP00244" HPOS="496" VPOS="1350" WIDTH="21"/>
						<String ID="P295_ST00270" HPOS="517" VPOS="1323" WIDTH="94" HEIGHT="27" CONTENT="reduse" WC="0.70" CC="670400"/>
						<SP ID="P295_SP00245" HPOS="611" VPOS="1350" WIDTH="22"/>
						<String ID="P295_ST00271" HPOS="633" VPOS="1333" WIDTH="32" HEIGHT="17" CONTENT="ne" WC="0.45" CC="82"/>
						<SP ID="P295_SP00246" HPOS="665" VPOS="1350" WIDTH="20"/>
						<String ID="P295_ST00272" HPOS="685" VPOS="1323" WIDTH="27" HEIGHT="27" CONTENT="lo" WC="0.88" CC="20"/>
						<SP ID="P295_SP00247" HPOS="712" VPOS="1350" WIDTH="21"/>
						<String ID="P295_ST00273" HPOS="733" VPOS="1323" WIDTH="98" HEIGHT="27" CONTENT="castelo" WC="0.84" CC="0003320"/>
						<SP ID="P295_SP00248" HPOS="831" VPOS="1350" WIDTH="16"/>
						<String ID="P295_ST00274" HPOS="847" VPOS="1323" WIDTH="31" HEIGHT="27" CONTENT="de" WC="0.63" CC="07"/>
						<SP ID="P295_SP00249" HPOS="878" VPOS="1350" WIDTH="16"/>
						<String ID="P295_ST00275" HPOS="894" VPOS="1323" WIDTH="90" HEIGHT="27" CONTENT="buzala" WC="0.69" CC="040940"/>
						<SP ID="P295_SP00250" HPOS="984" VPOS="1350" WIDTH="14"/>
						<String ID="P295_ST00276" HPOS="998" VPOS="1335" WIDTH="13" HEIGHT="15" CONTENT="e" WC="0.23" CC="7"/>
						<SP ID="P295_SP00251" HPOS="1011" VPOS="1350" WIDTH="15"/>
						<String ID="P295_ST00277" HPOS="1026" VPOS="1323" WIDTH="79" HEIGHT="27" CONTENT="réim-" WC="0.64" CC="35053"/>
					</TextLine>
				</TextBlock>
				<TextBlock ID="P295_TB00003" HPOS="143" VPOS="1371" WIDTH="960" HEIGHT="435" STYLEREFS="TXT_1 PAR_LEFT">
					<TextLine ID="P295_TL00026" HPOS="146" VPOS="1372" WIDTH="957" HEIGHT="38">
						<String ID="P295_ST00278" HPOS="146" VPOS="1374" WIDTH="53" HEIGHT="36" CONTENT="pite" WC="0.65" CC="0607"/>
						<SP ID="P295_SP00252" HPOS="199" VPOS="1410" WIDTH="20"/>
						<String ID="P295_ST00279" HPOS="219" VPOS="1373" WIDTH="79" HEIGHT="37" CONTENT="quelo" WC="0.49" CC="07359"/>
						<SP ID="P295_SP00253" HPOS="298" VPOS="1410" WIDTH="22"/>
						<String ID="P295_ST00280" HPOS="320" VPOS="1372" WIDTH="31" HEIGHT="28" CONTENT="de" WC="0.66" CC="06"/>
						<SP ID="P295_SP00254" HPOS="351" VPOS="1410" WIDTH="21"/>
						<String ID="P295_ST00281" HPOS="372" VPOS="1373" WIDTH="87" HEIGHT="27" CONTENT="omini" WC="0.98" CC="00001"/>
						<SP ID="P295_SP00255" HPOS="459" VPOS="1410" WIDTH="21"/>
						<String ID="P295_ST00282" HPOS="480" VPOS="1372" WIDTH="138" HEIGHT="28" CONTENT="bandezati" WC="0.67" CC="508600054"/>
						<SP ID="P295_SP00256" HPOS="618" VPOS="1410" WIDTH="22"/>
						<String ID="P295_ST00283" HPOS="640" VPOS="1382" WIDTH="13" HEIGHT="17" CONTENT="e" WC="0.30" CC="6"/>
						<SP ID="P295_SP00257" HPOS="653" VPOS="1410" WIDTH="21"/>
						<String ID="P295_ST00284" HPOS="674" VPOS="1372" WIDTH="33" HEIGHT="28" CONTENT="de" WC="1.00" CC="00"/>
						<SP ID="P295_SP00258" HPOS="707" VPOS="1410" WIDTH="21"/>
						<String ID="P295_ST00285" HPOS="728" VPOS="1373" WIDTH="87" HEIGHT="26" CONTENT="omini" WC="0.78" CC="00082"/>
						<SP ID="P295_SP00259" HPOS="815" VPOS="1410" WIDTH="20"/>
						<String ID="P295_ST00286" HPOS="835" VPOS="1372" WIDTH="32" HEIGHT="28" CONTENT="de" WC="1.00" CC="00"/>
						<SP ID="P295_SP00260" HPOS="867" VPOS="1410" WIDTH="16"/>
						<String ID="P295_ST00287" HPOS="883" VPOS="1372" WIDTH="68" HEIGHT="27" CONTENT="mala" WC="0.69" CC="0740"/>
						<SP ID="P295_SP00261" HPOS="951" VPOS="1410" WIDTH="15"/>
						<String ID="P295_ST00288" HPOS="966" VPOS="1373" WIDTH="54" HEIGHT="27" CONTENT="vita" WC="0.70" CC="0560"/>
						<SP ID="P295_SP00262" HPOS="1020" VPOS="1410" WIDTH="14"/>
						<String ID="P295_ST00289" HPOS="1034" VPOS="1372" WIDTH="69" HEIGHT="37" CONTENT="quali" WC="0.74" CC="06006"/>
					</TextLine>
					<TextLine ID="P295_TL00027" HPOS="146" VPOS="1421" WIDTH="957" HEIGHT="35">
						<String ID="P295_ST00290" HPOS="146" VPOS="1423" WIDTH="170" HEIGHT="27" CONTENT="ofendevano" WC="0.78" CC="0900000083"/>
						<SP ID="P295_SP00263" HPOS="316" VPOS="1450" WIDTH="21"/>
						<String ID="P295_ST00291" HPOS="337" VPOS="1422" WIDTH="17" HEIGHT="27" CONTENT="li" WC="0.31" CC="67"/>
						<SP ID="P295_SP00264" HPOS="354" VPOS="1450" WIDTH="21"/>
						<String ID="P295_ST00292" HPOS="375" VPOS="1423" WIDTH="87" HEIGHT="26" CONTENT="omini" WC="0.83" CC="00044"/>
						<SP ID="P295_SP00265" HPOS="462" VPOS="1450" WIDTH="20"/>
						<String ID="P295_ST00293" HPOS="482" VPOS="1422" WIDTH="32" HEIGHT="27" CONTENT="de" WC="1.00" CC="00"/>
						<SP ID="P295_SP00266" HPOS="514" VPOS="1450" WIDTH="22"/>
						<String ID="P295_ST00294" HPOS="536" VPOS="1422" WIDTH="23" HEIGHT="27" CONTENT="la" WC="1.00" CC="00"/>
						<SP ID="P295_SP00267" HPOS="559" VPOS="1450" WIDTH="22"/>
						<String ID="P295_ST00295" HPOS="581" VPOS="1421" WIDTH="69" HEIGHT="28" CONTENT="valle" WC="0.51" CC="19074"/>
						<SP ID="P295_SP00268" HPOS="650" VPOS="1450" WIDTH="21"/>
						<String ID="P295_ST00296" HPOS="671" VPOS="1421" WIDTH="26" HEIGHT="28" CONTENT="di" WC="0.48" CC="63"/>
						<SP ID="P295_SP00269" HPOS="697" VPOS="1450" WIDTH="21"/>
						<String ID="P295_ST00297" HPOS="718" VPOS="1422" WIDTH="96" HEIGHT="27" CONTENT="scrivia" WC="0.73" CC="0500713"/>
						<SP ID="P295_SP00270" HPOS="814" VPOS="1450" WIDTH="21"/>
						<String ID="P295_ST00298" HPOS="835" VPOS="1432" WIDTH="13" HEIGHT="16" CONTENT="e" WC="0.45" CC="5"/>
						<SP ID="P295_SP00271" HPOS="848" VPOS="1450" WIDTH="22"/>
						<String ID="P295_ST00299" HPOS="870" VPOS="1422" WIDTH="27" HEIGHT="26" CONTENT="in" WC="0.82" CC="03"/>
						<SP ID="P295_SP00272" HPOS="897" VPOS="1450" WIDTH="15"/>
						<String ID="P295_ST00300" HPOS="912" VPOS="1431" WIDTH="85" HEIGHT="25" CONTENT="genoa" WC="0.79" CC="90000"/>
						<SP ID="P295_SP00273" HPOS="997" VPOS="1456" WIDTH="15"/>
						<String ID="P295_ST00301" HPOS="1012" VPOS="1422" WIDTH="21" HEIGHT="26" CONTENT="si" WC="0.56" CC="35"/>
						<SP ID="P295_SP00274" HPOS="1033" VPOS="1456" WIDTH="16"/>
						<String ID="P295_ST00302" HPOS="1049" VPOS="1424" WIDTH="54" HEIGHT="24" CONTENT="fece" WC="0.69" CC="0624"/>
					</TextLine>
					<TextLine ID="P295_TL00028" HPOS="146" VPOS="1469" WIDTH="957" HEIGHT="40">
						<String ID="P295_ST00303" HPOS="146" VPOS="1472" WIDTH="114" HEIGHT="28" CONTENT="consilio" WC="0.72" CC="03702440"/>
						<SP ID="P295_SP00275" HPOS="260" VPOS="1500" WIDTH="21"/>
						<String ID="P295_ST00304" HPOS="281" VPOS="1472" WIDTH="28" HEIGHT="27" CONTENT="in" WC="0.85" CC="20"/>
						<SP ID="P295_SP00276" HPOS="309" VPOS="1500" WIDTH="20"/>
						<String ID="P295_ST00305" HPOS="329" VPOS="1472" WIDTH="26" HEIGHT="27" CONTENT="lo" WC="1.00" CC="00"/>
						<SP ID="P295_SP00277" HPOS="355" VPOS="1500" WIDTH="21"/>
						<String ID="P295_ST00306" HPOS="376" VPOS="1473" WIDTH="77" HEIGHT="36" CONTENT="quale" WC="0.70" CC="06080"/>
						<SP ID="P295_SP00278" HPOS="453" VPOS="1509" WIDTH="21"/>
						<String ID="P295_ST00307" HPOS="474" VPOS="1481" WIDTH="27" HEIGHT="18" CONTENT="se" WC="0.79" CC="04"/>
						<SP ID="P295_SP00279" HPOS="501" VPOS="1509" WIDTH="22"/>
						<String ID="P295_ST00308" HPOS="523" VPOS="1471" WIDTH="96" HEIGHT="27" CONTENT="ordino" WC="0.59" CC="920351"/>
						<SP ID="P295_SP00280" HPOS="619" VPOS="1509" WIDTH="27"/>
						<String ID="P295_ST00309" HPOS="646" VPOS="1470" WIDTH="31" HEIGHT="28" CONTENT="de" WC="0.47" CC="91"/>
						<SP ID="P295_SP00281" HPOS="677" VPOS="1509" WIDTH="28"/>
						<String ID="P295_ST00310" HPOS="705" VPOS="1470" WIDTH="100" HEIGHT="28" CONTENT="dovere" WC="0.94" CC="000102"/>
						<SP ID="P295_SP00282" HPOS="805" VPOS="1509" WIDTH="29"/>
						<String ID="P295_ST00311" HPOS="834" VPOS="1480" WIDTH="134" HEIGHT="27" CONTENT="opugnare" WC="0.78" CC="00090700"/>
						<SP ID="P295_SP00283" HPOS="968" VPOS="1509" WIDTH="28"/>
						<String ID="P295_ST00312" HPOS="996" VPOS="1470" WIDTH="26" HEIGHT="27" CONTENT="lo" WC="0.66" CC="60"/>
						<SP ID="P295_SP00284" HPOS="1022" VPOS="1509" WIDTH="26"/>
						<String ID="P295_ST00313" HPOS="1048" VPOS="1469" WIDTH="55" HEIGHT="30" CONTENT="dito" WC="0.83" CC="0140"/>
					</TextLine>
					<TextLine ID="P295_TL00029" HPOS="146" VPOS="1520" WIDTH="957" HEIGHT="37">
						<String ID="P295_ST00314" HPOS="146" VPOS="1522" WIDTH="98" HEIGHT="27" CONTENT="castelo" WC="0.91" CC="6000000"/>
						<SP ID="P295_SP00285" HPOS="244" VPOS="1549" WIDTH="21"/>
						<String ID="P295_ST00315" HPOS="265" VPOS="1521" WIDTH="30" HEIGHT="28" CONTENT="de" WC="0.69" CC="06"/>
						<SP ID="P295_SP00286" HPOS="295" VPOS="1549" WIDTH="23"/>
						<String ID="P295_ST00316" HPOS="318" VPOS="1522" WIDTH="90" HEIGHT="26" CONTENT="buzala" WC="0.53" CC="085670"/>
						<SP ID="P295_SP00287" HPOS="408" VPOS="1549" WIDTH="22"/>
						<String ID="P295_ST00317" HPOS="430" VPOS="1531" WIDTH="12" HEIGHT="18" CONTENT="e" WC="1.00" CC="0"/>
						<SP ID="P295_SP00288" HPOS="442" VPOS="1549" WIDTH="22"/>
						<String ID="P295_ST00318" HPOS="464" VPOS="1522" WIDTH="39" HEIGHT="26" CONTENT="ala" WC="1.00" CC="000"/>
						<SP ID="P295_SP00289" HPOS="503" VPOS="1549" WIDTH="22"/>
						<String ID="P295_ST00319" HPOS="525" VPOS="1520" WIDTH="51" HEIGHT="28" CONTENT="fine" WC="0.79" CC="0080"/>
						<SP ID="P295_SP00290" HPOS="576" VPOS="1549" WIDTH="21"/>
						<String ID="P295_ST00320" HPOS="597" VPOS="1521" WIDTH="33" HEIGHT="27" CONTENT="de" WC="0.81" CC="03"/>
						<SP ID="P295_SP00291" HPOS="630" VPOS="1549" WIDTH="21"/>
						<String ID="P295_ST00321" HPOS="651" VPOS="1521" WIDTH="81" HEIGHT="35" CONTENT="aprile" WC="0.95" CC="000200"/>
						<SP ID="P295_SP00292" HPOS="732" VPOS="1556" WIDTH="20"/>
						<String ID="P295_ST00322" HPOS="752" VPOS="1520" WIDTH="27" HEIGHT="27" CONTENT="lo" WC="0.64" CC="33"/>
						<SP ID="P295_SP00293" HPOS="779" VPOS="1556" WIDTH="21"/>
						<String ID="P295_ST00323" HPOS="800" VPOS="1520" WIDTH="110" HEIGHT="37" CONTENT="podestà" WC="0.82" CC="0202600"/>
						<SP ID="P295_SP00294" HPOS="910" VPOS="1557" WIDTH="20"/>
						<String ID="P295_ST00324" HPOS="930" VPOS="1530" WIDTH="27" HEIGHT="17" CONTENT="se" WC="0.48" CC="54"/>
						<SP ID="P295_SP00295" HPOS="957" VPOS="1557" WIDTH="28"/>
						<String ID="P295_ST00325" HPOS="985" VPOS="1521" WIDTH="66" HEIGHT="36" CONTENT="parti" WC="0.85" CC="00106"/>
						<SP ID="P295_SP00296" HPOS="1051" VPOS="1557" WIDTH="21"/>
						<String ID="P295_ST00326" HPOS="1072" VPOS="1520" WIDTH="31" HEIGHT="28" CONTENT="da" WC="0.50" CC="90"/>
					</TextLine>
					<TextLine ID="P295_TL00030" HPOS="144" VPOS="1569" WIDTH="959" HEIGHT="39">
						<String ID="P295_ST00327" HPOS="144" VPOS="1580" WIDTH="87" HEIGHT="28" CONTENT="genoa" WC="0.85" CC="03030"/>
						<SP ID="P295_SP00297" HPOS="231" VPOS="1608" WIDTH="20"/>
						<String ID="P295_ST00328" HPOS="251" VPOS="1580" WIDTH="52" HEIGHT="18" CONTENT="con" WC="0.69" CC="530"/>
						<SP ID="P295_SP00298" HPOS="303" VPOS="1608" WIDTH="21"/>
						<String ID="P295_ST00329" HPOS="324" VPOS="1572" WIDTH="114" HEIGHT="26" CONTENT="ezercito" WC="0.87" CC="00004500"/>
						<SP ID="P295_SP00299" HPOS="438" VPOS="1608" WIDTH="22"/>
						<String ID="P295_ST00330" HPOS="460" VPOS="1581" WIDTH="14" HEIGHT="16" CONTENT="e" WC="1.00" CC="0"/>
						<SP ID="P295_SP00300" HPOS="474" VPOS="1608" WIDTH="21"/>
						<String ID="P295_ST00331" HPOS="495" VPOS="1569" WIDTH="169" HEIGHT="29" CONTENT="conbatendo" WC="0.61" CC="1966710400"/>
						<SP ID="P295_SP00301" HPOS="664" VPOS="1608" WIDTH="21"/>
						<String ID="P295_ST00332" HPOS="685" VPOS="1570" WIDTH="56" HEIGHT="27" CONTENT="dito" WC="0.83" CC="0240"/>
						<SP ID="P295_SP00302" HPOS="741" VPOS="1608" WIDTH="22"/>
						<String ID="P295_ST00333" HPOS="763" VPOS="1570" WIDTH="99" HEIGHT="27" CONTENT="castelo" WC="0.54" CC="7724505"/>
						<SP ID="P295_SP00303" HPOS="862" VPOS="1608" WIDTH="20"/>
						<String ID="P295_ST00334" HPOS="882" VPOS="1579" WIDTH="28" HEIGHT="18" CONTENT="se" WC="0.53" CC="09"/>
						<SP ID="P295_SP00304" HPOS="910" VPOS="1608" WIDTH="20"/>
						<String ID="P295_ST00335" HPOS="930" VPOS="1579" WIDTH="58" HEIGHT="18" CONTENT="reze" WC="0.48" CC="5707"/>
						<SP ID="P295_SP00305" HPOS="988" VPOS="1608" WIDTH="21"/>
						<String ID="P295_ST00336" HPOS="1009" VPOS="1580" WIDTH="13" HEIGHT="17" CONTENT="a" WC="1.00" CC="0"/>
						<SP ID="P295_SP00306" HPOS="1022" VPOS="1608" WIDTH="28"/>
						<String ID="P295_ST00337" HPOS="1050" VPOS="1571" WIDTH="53" HEIGHT="35" CONTENT="pati" WC="0.73" CC="0046"/>
					</TextLine>
					<TextLine ID="P295_TL00031" HPOS="144" VPOS="1618" WIDTH="957" HEIGHT="38">
						<String ID="P295_ST00338" HPOS="144" VPOS="1630" WIDTH="47" HEIGHT="18" CONTENT="soe" WC="0.98" CC="000"/>
						<SP ID="P295_SP00307" HPOS="191" VPOS="1648" WIDTH="21"/>
						<String ID="P295_ST00339" HPOS="212" VPOS="1619" WIDTH="109" HEIGHT="29" CONTENT="fasendo" WC="0.85" CC="7000200"/>
						<SP ID="P295_SP00308" HPOS="321" VPOS="1648" WIDTH="22"/>
						<String ID="P295_ST00340" HPOS="343" VPOS="1620" WIDTH="18" HEIGHT="28" CONTENT="li" WC="0.58" CC="34"/>
						<SP ID="P295_SP00309" HPOS="361" VPOS="1648" WIDTH="21"/>
						<String ID="P295_ST00341" HPOS="382" VPOS="1621" WIDTH="87" HEIGHT="27" CONTENT="omini" WC="0.99" CC="00000"/>
						<SP ID="P295_SP00310" HPOS="469" VPOS="1648" WIDTH="20"/>
						<String ID="P295_ST00342" HPOS="489" VPOS="1630" WIDTH="14" HEIGHT="17" CONTENT="e" WC="1.00" CC="0"/>
						<SP ID="P295_SP00311" HPOS="503" VPOS="1648" WIDTH="21"/>
						<String ID="P295_ST00343" HPOS="524" VPOS="1619" WIDTH="23" HEIGHT="28" CONTENT="le" WC="1.00" CC="00"/>
						<SP ID="P295_SP00312" HPOS="547" VPOS="1648" WIDTH="27"/>
						<String ID="P295_ST00344" HPOS="574" VPOS="1619" WIDTH="65" HEIGHT="28" CONTENT="robe" WC="0.65" CC="3054"/>
						<SP ID="P295_SP00313" HPOS="639" VPOS="1648" WIDTH="27"/>
						<String ID="P295_ST00345" HPOS="666" VPOS="1618" WIDTH="108" HEIGHT="28" CONTENT="franche" WC="0.63" CC="0407651"/>
						<SP ID="P295_SP00314" HPOS="774" VPOS="1648" WIDTH="27"/>
						<String ID="P295_ST00346" HPOS="801" VPOS="1620" WIDTH="44" HEIGHT="36" CONTENT="poi" WC="0.96" CC="001"/>
						<SP ID="P295_SP00315" HPOS="845" VPOS="1656" WIDTH="29"/>
						<String ID="P295_ST00347" HPOS="874" VPOS="1619" WIDTH="26" HEIGHT="27" CONTENT="di" WC="0.89" CC="02"/>
						<SP ID="P295_SP00316" HPOS="900" VPOS="1656" WIDTH="24"/>
						<String ID="P295_ST00348" HPOS="924" VPOS="1627" WIDTH="123" HEIGHT="29" CONTENT="prezente" WC="0.78" CC="04200802"/>
						<SP ID="P295_SP00317" HPOS="1047" VPOS="1656" WIDTH="29"/>
						<String ID="P295_ST00349" HPOS="1076" VPOS="1619" WIDTH="25" HEIGHT="28" CONTENT="lo" WC="0.66" CC="06"/>
					</TextLine>
					<TextLine ID="P295_TL00032" HPOS="144" VPOS="1669" WIDTH="959" HEIGHT="38">
						<String ID="P295_ST00350" HPOS="144" VPOS="1669" WIDTH="56" HEIGHT="29" CONTENT="dito" WC="0.75" CC="0306"/>
						<SP ID="P295_SP00318" HPOS="200" VPOS="1698" WIDTH="22"/>
						<String ID="P295_ST00351" HPOS="222" VPOS="1671" WIDTH="110" HEIGHT="36" CONTENT="podestà" WC="0.66" CC="0705036"/>
						<SP ID="P295_SP00319" HPOS="332" VPOS="1707" WIDTH="21"/>
						<String ID="P295_ST00352" HPOS="353" VPOS="1669" WIDTH="56" HEIGHT="29" CONTENT="fece" WC="0.55" CC="0367"/>
						<SP ID="P295_SP00320" HPOS="409" VPOS="1707" WIDTH="22"/>
						<String ID="P295_ST00353" HPOS="431" VPOS="1671" WIDTH="104" HEIGHT="26" CONTENT="ruinare" WC="0.43" CC="0068957"/>
						<SP ID="P295_SP00321" HPOS="535" VPOS="1707" WIDTH="22"/>
						<String ID="P295_ST00354" HPOS="557" VPOS="1669" WIDTH="25" HEIGHT="27" CONTENT="lo" WC="0.58" CC="43"/>
						<SP ID="P295_SP00322" HPOS="582" VPOS="1707" WIDTH="22"/>
						<String ID="P295_ST00355" HPOS="604" VPOS="1669" WIDTH="56" HEIGHT="27" CONTENT="dito" WC="0.84" CC="0501"/>
						<SP ID="P295_SP00323" HPOS="660" VPOS="1707" WIDTH="22"/>
						<String ID="P295_ST00356" HPOS="682" VPOS="1669" WIDTH="99" HEIGHT="27" CONTENT="castelo" WC="0.65" CC="6705040"/>
						<SP ID="P295_SP00324" HPOS="781" VPOS="1707" WIDTH="25"/>
						<String ID="P295_ST00357" HPOS="806" VPOS="1679" WIDTH="12" HEIGHT="17" CONTENT="e" WC="0.27" CC="7"/>
						<SP ID="P295_SP00325" HPOS="818" VPOS="1707" WIDTH="27"/>
						<String ID="P295_ST00358" HPOS="845" VPOS="1670" WIDTH="45" HEIGHT="35" CONTENT="più" WC="0.55" CC="057"/>
						<SP ID="P295_SP00326" HPOS="890" VPOS="1707" WIDTH="27"/>
						<String ID="P295_ST00359" HPOS="917" VPOS="1669" WIDTH="55" HEIGHT="28" CONTENT="fece" WC="0.47" CC="0776"/>
						<SP ID="P295_SP00327" HPOS="972" VPOS="1707" WIDTH="28"/>
						<String ID="P295_ST00360" HPOS="1000" VPOS="1670" WIDTH="103" HEIGHT="26" CONTENT="ruinare" WC="0.44" CC="7268608"/>
					</TextLine>
					<TextLine ID="P295_TL00033" HPOS="144" VPOS="1719" WIDTH="959" HEIGHT="39">
						<String ID="P295_ST00361" HPOS="144" VPOS="1720" WIDTH="28" HEIGHT="29" CONTENT="lo" WC="0.97" CC="00"/>
						<SP ID="P295_SP00328" HPOS="172" VPOS="1749" WIDTH="14"/>
						<String ID="P295_ST00362" HPOS="186" VPOS="1720" WIDTH="102" HEIGHT="38" CONTENT="palacio" WC="0.62" CC="0935600"/>
						<SP ID="P295_SP00329" HPOS="288" VPOS="1758" WIDTH="16"/>
						<String ID="P295_ST00363" HPOS="304" VPOS="1720" WIDTH="31" HEIGHT="28" CONTENT="de" WC="1.00" CC="00"/>
						<SP ID="P295_SP00330" HPOS="335" VPOS="1758" WIDTH="14"/>
						<String ID="P295_ST00364" HPOS="349" VPOS="1720" WIDTH="27" HEIGHT="27" CONTENT="lo" WC="0.80" CC="30"/>
						<SP ID="P295_SP00331" HPOS="376" VPOS="1758" WIDTH="16"/>
						<String ID="P295_ST00365" HPOS="392" VPOS="1720" WIDTH="56" HEIGHT="28" CONTENT="dito" WC="0.97" CC="0000"/>
						<SP ID="P295_SP00332" HPOS="448" VPOS="1758" WIDTH="15"/>
						<String ID="P295_ST00366" HPOS="463" VPOS="1720" WIDTH="144" HEIGHT="28" CONTENT="Guliermo" WC="0.90" CC="02010300"/>
						<SP ID="P295_SP00333" HPOS="607" VPOS="1758" WIDTH="14"/>
						<String ID="P295_ST00367" HPOS="621" VPOS="1719" WIDTH="105" HEIGHT="37" CONTENT="spinola" WC="0.54" CC="6064049"/>
						<SP ID="P295_SP00334" HPOS="726" VPOS="1758" WIDTH="15"/>
						<String ID="P295_ST00368" HPOS="741" VPOS="1720" WIDTH="76" HEIGHT="37" CONTENT="quale" WC="0.79" CC="06040"/>
						<SP ID="P295_SP00335" HPOS="817" VPOS="1758" WIDTH="14"/>
						<String ID="P295_ST00369" HPOS="831" VPOS="1720" WIDTH="103" HEIGHT="36" CONTENT="palacio" WC="0.51" CC="0677560"/>
						<SP ID="P295_SP00336" HPOS="934" VPOS="1758" WIDTH="13"/>
						<String ID="P295_ST00370" HPOS="947" VPOS="1728" WIDTH="44" HEIGHT="19" CONTENT="era" WC="0.50" CC="139"/>
						<SP ID="P295_SP00337" HPOS="991" VPOS="1758" WIDTH="15"/>
						<String ID="P295_ST00371" HPOS="1006" VPOS="1720" WIDTH="97" HEIGHT="27" CONTENT="situato" WC="0.65" CC="0412535"/>
					</TextLine>
					<TextLine ID="P295_TL00034" HPOS="144" VPOS="1769" WIDTH="959" HEIGHT="37">
						<String ID="P295_ST00372" HPOS="144" VPOS="1770" WIDTH="28" HEIGHT="28" CONTENT="in" WC="1.00" CC="00"/>
						<SP ID="P295_SP00338" HPOS="172" VPOS="1798" WIDTH="21"/>
						<String ID="P295_ST00373" HPOS="193" VPOS="1770" WIDTH="24" HEIGHT="28" CONTENT="la" WC="0.44" CC="19"/>
						<SP ID="P295_SP00339" HPOS="217" VPOS="1798" WIDTH="21"/>
						<String ID="P295_ST00374" HPOS="238" VPOS="1769" WIDTH="127" HEIGHT="29" CONTENT="contrada" WC="0.56" CC="67820900"/>
						<SP ID="P295_SP00340" HPOS="365" VPOS="1798" WIDTH="21"/>
						<String ID="P295_ST00375" HPOS="386" VPOS="1769" WIDTH="32" HEIGHT="29" CONTENT="de" WC="0.34" CC="94"/>
						<SP ID="P295_SP00341" HPOS="418" VPOS="1798" WIDTH="20"/>
						<String ID="P295_ST00376" HPOS="438" VPOS="1769" WIDTH="86" HEIGHT="29" CONTENT="locori" WC="0.75" CC="207500"/>
						<SP ID="P295_SP00342" HPOS="524" VPOS="1798" WIDTH="21"/>
						<String ID="P295_ST00377" HPOS="545" VPOS="1769" WIDTH="124" HEIGHT="37" CONTENT="(Lucoli)" WC="0.82" CC="42041000"/>
						<SP ID="P295_SP00343" HPOS="669" VPOS="1806" WIDTH="20"/>
						<String ID="P295_ST00378" HPOS="689" VPOS="1771" WIDTH="86" HEIGHT="27" CONTENT="eciam" WC="0.68" CC="23324"/>
						<SP ID="P295_SP00344" HPOS="775" VPOS="1806" WIDTH="22"/>
						<String ID="P295_ST00379" HPOS="797" VPOS="1769" WIDTH="56" HEIGHT="29" CONTENT="fece" WC="0.65" CC="3073"/>
						<SP ID="P295_SP00345" HPOS="853" VPOS="1806" WIDTH="21"/>
						<String ID="P295_ST00380" HPOS="874" VPOS="1771" WIDTH="104" HEIGHT="26" CONTENT="ruinare" WC="0.36" CC="5947907"/>
						<SP ID="P295_SP00346" HPOS="978" VPOS="1806" WIDTH="15"/>
						<String ID="P295_ST00381" HPOS="993" VPOS="1769" WIDTH="23" HEIGHT="29" CONTENT="la" WC="0.54" CC="27"/>
						<SP ID="P295_SP00347" HPOS="1016" VPOS="1806" WIDTH="16"/>
						<String ID="P295_ST00382" HPOS="1032" VPOS="1776" WIDTH="71" HEIGHT="22" CONTENT="torre" WC="0.60" CC="63503"/>
					</TextLine>
				</TextBlock>
			</PrintSpace>
		</Page>
	</Layout>
</alto>
