<?xml version="1.0" encoding="UTF-8"?>
<alto xmlns:xsi="http://www.w3.org/2001/XMLSchema-instance" xsi:noNamespaceSchemaLocation="http://www.bl.uk/schemas/alto/alto-1-4.xsd" xmlns:xlink="http://www.w3.org/1999/xlink">
	<Description>
		<MeasurementUnit>mm10</MeasurementUnit>
		<sourceImageInformation>
			<fileName>//head1/IN/2008-29/A0011808733/000571.jp2</fileName>
		</sourceImageInformation>
		<OCRProcessing ID="OCRPROCESSING_1">
			<preProcessingStep>
				<processingSoftware>
					<softwareCreator>CCS Content Conversion Specialists GmbH, Germany</softwareCreator>
					<softwareName>CCS docWORKS</softwareName>
					<softwareVersion>6.1-0.67</softwareVersion>
				</processingSoftware>
			</preProcessingStep>
			<ocrProcessingStep>
				<processingSoftware>
					<softwareCreator>ABBYY (BIT Software), Russia</softwareCreator>
					<softwareName>Finereader</softwareName>
				</processingSoftware>
			</ocrProcessingStep>
		</OCRProcessing>
	</Description>
	<Styles>
		<TextStyle ID="TXT_0" FONTSIZE="11" FONTFAMILY="Courier New"/>
		<TextStyle ID="TXT_1" FONTSIZE="9" FONTFAMILY="Courier New"/>
		<ParagraphStyle ID="PAR_RIGHT" ALIGN="Right"/>
		<ParagraphStyle ID="PAR_LEFT" ALIGN="Left"/>
	</Styles>
	<Layout>
		<Page ID="P317" PHYSICAL_IMG_NR="317" HEIGHT="2078" WIDTH="1373" PRINTED_IMG_NR="303" POSITION="Right" ACCURACY="75.88">
			<TopMargin ID="P317_TM00001" HPOS="0" VPOS="0" WIDTH="1373" HEIGHT="121">
				<TextBlock ID="P317_TB00001" HPOS="1049" VPOS="93" WIDTH="48" HEIGHT="26" STYLEREFS="TXT_0 PAR_RIGHT">
					<TextLine ID="P317_TL00001" HPOS="1049" VPOS="93" WIDTH="48" HEIGHT="26">
						<String ID="P317_ST00001" HPOS="1049" VPOS="93" WIDTH="48" HEIGHT="26" CONTENT="303" WC="1.00" CC="000"/>
					</TextLine>
				</TextBlock>
			</TopMargin>
			<LeftMargin ID="P317_LM00001" HPOS="0" VPOS="121" WIDTH="139" HEIGHT="1629"/>
			<RightMargin ID="P317_RM00001" HPOS="1102" VPOS="121" WIDTH="271" HEIGHT="1629"/>
			<BottomMargin ID="P317_BM00001" HPOS="0" VPOS="1750" WIDTH="1373" HEIGHT="327"/>
			<PrintSpace ID="P317_PS00001" HPOS="139" VPOS="121" WIDTH="963" HEIGHT="1629">
				<TextBlock ID="P317_TB00002" HPOS="143" VPOS="141" WIDTH="959" HEIGHT="479" STYLEREFS="TXT_1 PAR_LEFT">
					<TextLine ID="P317_TL00002" HPOS="145" VPOS="141" WIDTH="957" HEIGHT="41">
						<String ID="P317_ST00002" HPOS="145" VPOS="149" WIDTH="44" HEIGHT="19" CONTENT="era" WC="0.51" CC="139"/>
						<SP ID="P317_SP00001" HPOS="189" VPOS="168" WIDTH="20"/>
						<String ID="P317_ST00003" HPOS="209" VPOS="148" WIDTH="148" HEIGHT="30" CONTENT="governato" WC="0.73" CC="200054901"/>
						<SP ID="P317_SP00002" HPOS="357" VPOS="178" WIDTH="21"/>
						<String ID="P317_ST00004" HPOS="378" VPOS="141" WIDTH="33" HEIGHT="30" CONTENT="da" WC="1.00" CC="00"/>
						<SP ID="P317_SP00003" HPOS="411" VPOS="178" WIDTH="21"/>
						<String ID="P317_ST00005" HPOS="432" VPOS="143" WIDTH="126" HEIGHT="28" CONTENT="lodovico" WC="0.75" CC="62000370"/>
						<SP ID="P317_SP00004" HPOS="558" VPOS="178" WIDTH="15"/>
						<String ID="P317_ST00006" HPOS="573" VPOS="144" WIDTH="40" HEIGHT="29" CONTENT="Re" WC="1.00" CC="00"/>
						<SP ID="P317_SP00005" HPOS="613" VPOS="178" WIDTH="14"/>
						<String ID="P317_ST00007" HPOS="627" VPOS="144" WIDTH="27" HEIGHT="28" CONTENT="di" WC="0.83" CC="03"/>
						<SP ID="P317_SP00006" HPOS="654" VPOS="178" WIDTH="14"/>
						<String ID="P317_ST00008" HPOS="668" VPOS="144" WIDTH="86" HEIGHT="28" CONTENT="fransa" WC="0.57" CC="910039"/>
						<SP ID="P317_SP00007" HPOS="754" VPOS="178" WIDTH="16"/>
						<String ID="P317_ST00009" HPOS="770" VPOS="155" WIDTH="13" HEIGHT="17" CONTENT="e" WC="1.00" CC="0"/>
						<SP ID="P317_SP00008" HPOS="783" VPOS="178" WIDTH="15"/>
						<String ID="P317_ST00010" HPOS="798" VPOS="144" WIDTH="22" HEIGHT="28" CONTENT="le" WC="0.99" CC="00"/>
						<SP ID="P317_SP00009" HPOS="820" VPOS="178" WIDTH="15"/>
						<String ID="P317_ST00011" HPOS="835" VPOS="144" WIDTH="127" HEIGHT="28" CONTENT="croniche" WC="0.51" CC="66680640"/>
						<SP ID="P317_SP00010" HPOS="962" VPOS="178" WIDTH="14"/>
						<String ID="P317_ST00012" HPOS="976" VPOS="144" WIDTH="26" HEIGHT="28" CONTENT="di" WC="0.98" CC="00"/>
						<SP ID="P317_SP00011" HPOS="1002" VPOS="178" WIDTH="15"/>
						<String ID="P317_ST00013" HPOS="1017" VPOS="155" WIDTH="85" HEIGHT="27" CONTENT="genoa" WC="0.55" CC="01839"/>
					</TextLine>
					<TextLine ID="P317_TL00003" HPOS="143" VPOS="189" WIDTH="959" HEIGHT="42">
						<String ID="P317_ST00014" HPOS="143" VPOS="189" WIDTH="94" HEIGHT="29" CONTENT="diseno" WC="0.85" CC="000080"/>
						<SP ID="P317_SP00012" HPOS="237" VPOS="218" WIDTH="21"/>
						<String ID="P317_ST00015" HPOS="258" VPOS="191" WIDTH="49" HEIGHT="28" CONTENT="che" WC="0.73" CC="430"/>
						<SP ID="P317_SP00013" HPOS="307" VPOS="219" WIDTH="22"/>
						<String ID="P317_ST00016" HPOS="329" VPOS="193" WIDTH="105" HEIGHT="27" CONTENT="saonezi" WC="0.68" CC="4008045"/>
						<SP ID="P317_SP00014" HPOS="434" VPOS="220" WIDTH="22"/>
						<String ID="P317_ST00017" HPOS="456" VPOS="193" WIDTH="112" HEIGHT="28" CONTENT="levorno" WC="0.76" CC="0001950"/>
						<SP ID="P317_SP00015" HPOS="568" VPOS="221" WIDTH="22"/>
						<String ID="P317_ST00018" HPOS="590" VPOS="194" WIDTH="23" HEIGHT="27" CONTENT="la" WC="0.64" CC="07"/>
						<SP ID="P317_SP00016" HPOS="613" VPOS="221" WIDTH="21"/>
						<String ID="P317_ST00019" HPOS="634" VPOS="202" WIDTH="83" HEIGHT="20" CONTENT="cresta" WC="0.49" CC="507709"/>
						<SP ID="P317_SP00017" HPOS="717" VPOS="222" WIDTH="22"/>
						<String ID="P317_ST00020" HPOS="739" VPOS="203" WIDTH="97" HEIGHT="19" CONTENT="contro" WC="0.83" CC="310400"/>
						<SP ID="P317_SP00018" HPOS="836" VPOS="222" WIDTH="22"/>
						<String ID="P317_ST00021" HPOS="858" VPOS="195" WIDTH="23" HEIGHT="27" CONTENT="la" WC="0.70" CC="60"/>
						<SP ID="P317_SP00019" HPOS="881" VPOS="222" WIDTH="21"/>
						<String ID="P317_ST00022" HPOS="902" VPOS="196" WIDTH="51" HEIGHT="26" CONTENT="cita" WC="0.61" CC="5360"/>
						<SP ID="P317_SP00020" HPOS="953" VPOS="222" WIDTH="16"/>
						<String ID="P317_ST00023" HPOS="969" VPOS="194" WIDTH="31" HEIGHT="27" CONTENT="de" WC="1.00" CC="00"/>
						<SP ID="P317_SP00021" HPOS="1000" VPOS="222" WIDTH="16"/>
						<String ID="P317_ST00024" HPOS="1016" VPOS="204" WIDTH="86" HEIGHT="27" CONTENT="genoa" WC="0.80" CC="03050"/>
					</TextLine>
					<TextLine ID="P317_TL00004" HPOS="145" VPOS="239" WIDTH="957" HEIGHT="41">
						<String ID="P317_ST00025" HPOS="145" VPOS="249" WIDTH="14" HEIGHT="18" CONTENT="e" WC="1.00" CC="0"/>
						<SP ID="P317_SP00022" HPOS="159" VPOS="267" WIDTH="21"/>
						<String ID="P317_ST00026" HPOS="180" VPOS="239" WIDTH="49" HEIGHT="28" CONTENT="che" WC="0.62" CC="550"/>
						<SP ID="P317_SP00023" HPOS="229" VPOS="267" WIDTH="22"/>
						<String ID="P317_ST00027" HPOS="251" VPOS="250" WIDTH="55" HEIGHT="18" CONTENT="non" WC="0.89" CC="003"/>
						<SP ID="P317_SP00024" HPOS="306" VPOS="268" WIDTH="21"/>
						<String ID="P317_ST00028" HPOS="327" VPOS="241" WIDTH="134" HEIGHT="29" CONTENT="volevano" WC="0.86" CC="02400003"/>
						<SP ID="P317_SP00025" HPOS="461" VPOS="270" WIDTH="20"/>
						<String ID="P317_ST00029" HPOS="481" VPOS="253" WIDTH="95" HEIGHT="26" CONTENT="pagare" WC="0.71" CC="060730"/>
						<SP ID="P317_SP00026" HPOS="576" VPOS="279" WIDTH="14"/>
						<String ID="P317_ST00030" HPOS="590" VPOS="243" WIDTH="18" HEIGHT="28" CONTENT="li" WC="0.81" CC="03"/>
						<SP ID="P317_SP00027" HPOS="608" VPOS="279" WIDTH="15"/>
						<String ID="P317_ST00031" HPOS="623" VPOS="243" WIDTH="136" HEIGHT="28" CONTENT="comerchi" WC="0.78" CC="60003502"/>
						<SP ID="P317_SP00028" HPOS="759" VPOS="279" WIDTH="14"/>
						<String ID="P317_ST00032" HPOS="773" VPOS="254" WIDTH="14" HEIGHT="17" CONTENT="e" WC="1.00" CC="0"/>
						<SP ID="P317_SP00029" HPOS="787" VPOS="279" WIDTH="14"/>
						<String ID="P317_ST00033" HPOS="801" VPOS="243" WIDTH="24" HEIGHT="28" CONTENT="le" WC="0.61" CC="24"/>
						<SP ID="P317_SP00030" HPOS="825" VPOS="279" WIDTH="14"/>
						<String ID="P317_ST00034" HPOS="839" VPOS="243" WIDTH="102" HEIGHT="37" CONTENT="gabelle" WC="0.73" CC="0700532"/>
						<SP ID="P317_SP00031" HPOS="941" VPOS="280" WIDTH="15"/>
						<String ID="P317_ST00035" HPOS="956" VPOS="243" WIDTH="48" HEIGHT="28" CONTENT="che" WC="0.59" CC="560"/>
						<SP ID="P317_SP00032" HPOS="1004" VPOS="280" WIDTH="18"/>
						<String ID="P317_ST00036" HPOS="1022" VPOS="253" WIDTH="80" HEIGHT="18" CONTENT="erano" WC="0.85" CC="00060"/>
					</TextLine>
					<TextLine ID="P317_TL00005" HPOS="144" VPOS="290" WIDTH="958" HEIGHT="38">
						<String ID="P317_ST00037" HPOS="144" VPOS="290" WIDTH="85" HEIGHT="26" CONTENT="tenuti" WC="0.73" CC="441005"/>
						<SP ID="P317_SP00033" HPOS="229" VPOS="316" WIDTH="21"/>
						<String ID="P317_ST00038" HPOS="250" VPOS="299" WIDTH="13" HEIGHT="17" CONTENT="a" WC="1.00" CC="0"/>
						<SP ID="P317_SP00034" HPOS="263" VPOS="316" WIDTH="21"/>
						<String ID="P317_ST00039" HPOS="284" VPOS="299" WIDTH="97" HEIGHT="27" CONTENT="pagare" WC="0.70" CC="070820"/>
						<SP ID="P317_SP00035" HPOS="381" VPOS="326" WIDTH="28"/>
						<String ID="P317_ST00040" HPOS="409" VPOS="300" WIDTH="13" HEIGHT="18" CONTENT="e" WC="1.00" CC="0"/>
						<SP ID="P317_SP00036" HPOS="422" VPOS="326" WIDTH="26"/>
						<String ID="P317_ST00041" HPOS="448" VPOS="301" WIDTH="46" HEIGHT="26" CONTENT="per" WC="1.00" CC="000"/>
						<SP ID="P317_SP00037" HPOS="494" VPOS="327" WIDTH="22"/>
						<String ID="P317_ST00042" HPOS="516" VPOS="292" WIDTH="50" HEIGHT="26" CONTENT="tale" WC="0.78" CC="4021"/>
						<SP ID="P317_SP00038" HPOS="566" VPOS="327" WIDTH="22"/>
						<String ID="P317_ST00043" HPOS="588" VPOS="302" WIDTH="78" HEIGHT="17" CONTENT="cauza" WC="0.74" CC="60600"/>
						<SP ID="P317_SP00039" HPOS="666" VPOS="327" WIDTH="21"/>
						<String ID="P317_ST00044" HPOS="687" VPOS="293" WIDTH="48" HEIGHT="26" CONTENT="che" WC="0.81" CC="130"/>
						<SP ID="P317_SP00040" HPOS="735" VPOS="327" WIDTH="21"/>
						<String ID="P317_ST00045" HPOS="756" VPOS="293" WIDTH="105" HEIGHT="27" CONTENT="saonezi" WC="0.71" CC="0608500"/>
						<SP ID="P317_SP00041" HPOS="861" VPOS="327" WIDTH="20"/>
						<String ID="P317_ST00046" HPOS="881" VPOS="293" WIDTH="144" HEIGHT="35" CONTENT="litigavano" WC="0.80" CC="0544000050"/>
						<SP ID="P317_SP00042" HPOS="1025" VPOS="328" WIDTH="26"/>
						<String ID="P317_ST00047" HPOS="1051" VPOS="302" WIDTH="51" HEIGHT="18" CONTENT="con" WC="0.53" CC="607"/>
					</TextLine>
					<TextLine ID="P317_TL00006" HPOS="145" VPOS="338" WIDTH="957" HEIGHT="39">
						<String ID="P317_ST00048" HPOS="145" VPOS="338" WIDTH="111" HEIGHT="37" CONTENT="genoezi" WC="0.76" CC="0761001"/>
						<SP ID="P317_SP00043" HPOS="256" VPOS="375" WIDTH="15"/>
						<String ID="P317_ST00049" HPOS="271" VPOS="348" WIDTH="13" HEIGHT="17" CONTENT="e" WC="1.00" CC="0"/>
						<SP ID="P317_SP00044" HPOS="284" VPOS="375" WIDTH="15"/>
						<String ID="P317_ST00050" HPOS="299" VPOS="338" WIDTH="50" HEIGHT="28" CONTENT="che" WC="0.80" CC="050"/>
						<SP ID="P317_SP00045" HPOS="349" VPOS="375" WIDTH="14"/>
						<String ID="P317_ST00051" HPOS="363" VPOS="338" WIDTH="23" HEIGHT="28" CONTENT="le" WC="0.59" CC="08"/>
						<SP ID="P317_SP00046" HPOS="386" VPOS="375" WIDTH="15"/>
						<String ID="P317_ST00052" HPOS="401" VPOS="339" WIDTH="59" HEIGHT="27" CONTENT="loro" WC="0.89" CC="0030"/>
						<SP ID="P317_SP00047" HPOS="460" VPOS="375" WIDTH="15"/>
						<String ID="P317_ST00053" HPOS="475" VPOS="339" WIDTH="141" HEIGHT="28" CONTENT="diferencie" WC="0.69" CC="0500017645"/>
						<SP ID="P317_SP00048" HPOS="616" VPOS="375" WIDTH="17"/>
						<String ID="P317_ST00054" HPOS="633" VPOS="340" WIDTH="79" HEIGHT="27" CONTENT="forno" WC="0.64" CC="44440"/>
						<SP ID="P317_SP00049" HPOS="712" VPOS="375" WIDTH="15"/>
						<String ID="P317_ST00055" HPOS="727" VPOS="342" WIDTH="101" HEIGHT="26" CONTENT="comise" WC="0.66" CC="660006"/>
						<SP ID="P317_SP00050" HPOS="828" VPOS="375" WIDTH="16"/>
						<String ID="P317_ST00056" HPOS="844" VPOS="342" WIDTH="26" HEIGHT="25" CONTENT="in" WC="0.82" CC="30"/>
						<SP ID="P317_SP00051" HPOS="870" VPOS="375" WIDTH="16"/>
						<String ID="P317_ST00057" HPOS="886" VPOS="341" WIDTH="25" HEIGHT="27" CONTENT="lo" WC="0.37" CC="75"/>
						<SP ID="P317_SP00052" HPOS="911" VPOS="375" WIDTH="14"/>
						<String ID="P317_ST00058" HPOS="925" VPOS="340" WIDTH="177" HEIGHT="37" CONTENT="gubernatore" WC="0.52" CC="54249754510"/>
					</TextLine>
					<TextLine ID="P317_TL00007" HPOS="145" VPOS="386" WIDTH="957" HEIGHT="39">
						<String ID="P317_ST00059" HPOS="145" VPOS="386" WIDTH="27" HEIGHT="28" CONTENT="di" WC="0.89" CC="02"/>
						<SP ID="P317_SP00053" HPOS="172" VPOS="414" WIDTH="20"/>
						<String ID="P317_ST00060" HPOS="192" VPOS="397" WIDTH="86" HEIGHT="27" CONTENT="genua" WC="0.66" CC="00519"/>
						<SP ID="P317_SP00054" HPOS="278" VPOS="424" WIDTH="22"/>
						<String ID="P317_ST00061" HPOS="300" VPOS="397" WIDTH="13" HEIGHT="17" CONTENT="e" WC="0.31" CC="6"/>
						<SP ID="P317_SP00055" HPOS="313" VPOS="424" WIDTH="21"/>
						<String ID="P317_ST00062" HPOS="334" VPOS="387" WIDTH="49" HEIGHT="28" CONTENT="che" WC="0.53" CC="174"/>
						<SP ID="P317_SP00056" HPOS="383" VPOS="424" WIDTH="21"/>
						<String ID="P317_ST00063" HPOS="404" VPOS="387" WIDTH="26" HEIGHT="28" CONTENT="lo" WC="0.83" CC="30"/>
						<SP ID="P317_SP00057" HPOS="430" VPOS="424" WIDTH="21"/>
						<String ID="P317_ST00064" HPOS="451" VPOS="388" WIDTH="179" HEIGHT="37" CONTENT="gubernatore" WC="0.84" CC="06023005000"/>
						<SP ID="P317_SP00058" HPOS="630" VPOS="425" WIDTH="23"/>
						<String ID="P317_ST00065" HPOS="653" VPOS="389" WIDTH="59" HEIGHT="27" CONTENT="dete" WC="0.88" CC="0040"/>
						<SP ID="P317_SP00059" HPOS="712" VPOS="425" WIDTH="28"/>
						<String ID="P317_ST00066" HPOS="740" VPOS="391" WIDTH="134" HEIGHT="25" CONTENT="sentencia" WC="0.78" CC="000005145"/>
						<SP ID="P317_SP00060" HPOS="874" VPOS="425" WIDTH="26"/>
						<String ID="P317_ST00067" HPOS="900" VPOS="391" WIDTH="25" HEIGHT="25" CONTENT="in" WC="0.65" CC="51"/>
						<SP ID="P317_SP00061" HPOS="925" VPOS="425" WIDTH="28"/>
						<String ID="P317_ST00068" HPOS="953" VPOS="389" WIDTH="91" HEIGHT="27" CONTENT="favore" WC="0.88" CC="000070"/>
						<SP ID="P317_SP00062" HPOS="1044" VPOS="425" WIDTH="25"/>
						<String ID="P317_ST00069" HPOS="1069" VPOS="389" WIDTH="33" HEIGHT="27" CONTENT="de" WC="1.00" CC="00"/>
					</TextLine>
					<TextLine ID="P317_TL00008" HPOS="145" VPOS="436" WIDTH="957" HEIGHT="39">
						<String ID="P317_ST00070" HPOS="145" VPOS="436" WIDTH="109" HEIGHT="37" CONTENT="genoezi" WC="0.84" CC="0031032"/>
						<SP ID="P317_SP00063" HPOS="254" VPOS="473" WIDTH="20"/>
						<String ID="P317_ST00071" HPOS="274" VPOS="436" WIDTH="65" HEIGHT="28" CONTENT="echc" WC="0.69" CC="0623"/>
						<SP ID="P317_SP00064" HPOS="339" VPOS="473" WIDTH="21"/>
						<String ID="P317_ST00072" HPOS="360" VPOS="436" WIDTH="18" HEIGHT="28" CONTENT="li" WC="0.53" CC="45"/>
						<SP ID="P317_SP00065" HPOS="378" VPOS="473" WIDTH="22"/>
						<String ID="P317_ST00073" HPOS="400" VPOS="438" WIDTH="106" HEIGHT="26" CONTENT="saonezi" WC="0.80" CC="0023160"/>
						<SP ID="P317_SP00066" HPOS="506" VPOS="473" WIDTH="21"/>
						<String ID="P317_ST00074" HPOS="527" VPOS="447" WIDTH="55" HEIGHT="17" CONTENT="non" WC="0.53" CC="642"/>
						<SP ID="P317_SP00067" HPOS="582" VPOS="473" WIDTH="21"/>
						<String ID="P317_ST00075" HPOS="603" VPOS="437" WIDTH="112" HEIGHT="27" CONTENT="volseno" WC="0.91" CC="0030020"/>
						<SP ID="P317_SP00068" HPOS="715" VPOS="473" WIDTH="22"/>
						<String ID="P317_ST00076" HPOS="737" VPOS="437" WIDTH="108" HEIGHT="28" CONTENT="obedire" WC="0.89" CC="0020050"/>
						<SP ID="P317_SP00069" HPOS="845" VPOS="473" WIDTH="21"/>
						<String ID="P317_ST00077" HPOS="866" VPOS="447" WIDTH="14" HEIGHT="17" CONTENT="e" WC="1.00" CC="0"/>
						<SP ID="P317_SP00070" HPOS="880" VPOS="473" WIDTH="30"/>
						<String ID="P317_ST00078" HPOS="910" VPOS="438" WIDTH="70" HEIGHT="27" CONTENT="visto" WC="0.93" CC="02000"/>
						<SP ID="P317_SP00071" HPOS="980" VPOS="473" WIDTH="27"/>
						<String ID="P317_ST00079" HPOS="1007" VPOS="446" WIDTH="95" HEIGHT="29" CONTENT="questo" WC="0.78" CC="060240"/>
					</TextLine>
					<TextLine ID="P317_TL00009" HPOS="145" VPOS="485" WIDTH="956" HEIGHT="39">
						<String ID="P317_ST00080" HPOS="145" VPOS="485" WIDTH="18" HEIGHT="28" CONTENT="li" WC="0.76" CC="31"/>
						<SP ID="P317_SP00072" HPOS="163" VPOS="513" WIDTH="21"/>
						<String ID="P317_ST00081" HPOS="184" VPOS="486" WIDTH="111" HEIGHT="36" CONTENT="genoezi" WC="0.83" CC="0060103"/>
						<SP ID="P317_SP00073" HPOS="295" VPOS="522" WIDTH="21"/>
						<String ID="P317_ST00082" HPOS="316" VPOS="486" WIDTH="124" HEIGHT="27" CONTENT="Armono" WC="0.98" CC="000000"/>
						<SP ID="P317_SP00074" HPOS="440" VPOS="522" WIDTH="21"/>
						<String ID="P317_ST00083" HPOS="461" VPOS="486" WIDTH="45" HEIGHT="27" CONTENT="doi" WC="0.86" CC="021"/>
						<SP ID="P317_SP00075" HPOS="506" VPOS="522" WIDTH="21"/>
						<String ID="P317_ST00084" HPOS="527" VPOS="486" WIDTH="101" HEIGHT="37" CONTENT="galioni" WC="0.73" CC="0500075"/>
						<SP ID="P317_SP00076" HPOS="628" VPOS="523" WIDTH="21"/>
						<String ID="P317_ST00085" HPOS="649" VPOS="486" WIDTH="90" HEIGHT="38" CONTENT="liquali" WC="0.67" CC="0203942"/>
						<SP ID="P317_SP00077" HPOS="739" VPOS="524" WIDTH="21"/>
						<String ID="P317_ST00086" HPOS="760" VPOS="487" WIDTH="17" HEIGHT="26" CONTENT="li" WC="1.00" CC="00"/>
						<SP ID="P317_SP00078" HPOS="777" VPOS="524" WIDTH="21"/>
						<String ID="P317_ST00087" HPOS="798" VPOS="486" WIDTH="127" HEIGHT="27" CONTENT="tenivano" WC="0.73" CC="06200900"/>
						<SP ID="P317_SP00079" HPOS="925" VPOS="524" WIDTH="27"/>
						<String ID="P317_ST00088" HPOS="952" VPOS="486" WIDTH="25" HEIGHT="27" CONTENT="in" WC="0.70" CC="50"/>
						<SP ID="P317_SP00080" HPOS="977" VPOS="524" WIDTH="28"/>
						<String ID="P317_ST00089" HPOS="1005" VPOS="486" WIDTH="56" HEIGHT="27" CONTENT="noli" WC="0.70" CC="5042"/>
						<SP ID="P317_SP00081" HPOS="1061" VPOS="524" WIDTH="27"/>
						<String ID="P317_ST00090" HPOS="1088" VPOS="497" WIDTH="13" HEIGHT="16" CONTENT="e" WC="0.74" CC="2"/>
					</TextLine>
					<TextLine ID="P317_TL00010" HPOS="145" VPOS="534" WIDTH="956" HEIGHT="38">
						<String ID="P317_ST00091" HPOS="145" VPOS="536" WIDTH="26" HEIGHT="26" CONTENT="in" WC="0.86" CC="20"/>
						<SP ID="P317_SP00082" HPOS="171" VPOS="562" WIDTH="21"/>
						<String ID="P317_ST00092" HPOS="192" VPOS="536" WIDTH="43" HEIGHT="26" CONTENT="vai" WC="0.78" CC="006"/>
						<SP ID="P317_SP00083" HPOS="235" VPOS="562" WIDTH="21"/>
						<String ID="P317_ST00093" HPOS="256" VPOS="535" WIDTH="34" HEIGHT="27" CONTENT="ali" WC="0.51" CC="931"/>
						<SP ID="P317_SP00084" HPOS="290" VPOS="562" WIDTH="20"/>
						<String ID="P317_ST00094" HPOS="310" VPOS="534" WIDTH="61" HEIGHT="28" CONTENT="dani" WC="0.82" CC="0007"/>
						<SP ID="P317_SP00085" HPOS="371" VPOS="562" WIDTH="23"/>
						<String ID="P317_ST00095" HPOS="394" VPOS="535" WIDTH="31" HEIGHT="28" CONTENT="de" WC="0.93" CC="01"/>
						<SP ID="P317_SP00086" HPOS="425" VPOS="563" WIDTH="23"/>
						<String ID="P317_ST00096" HPOS="448" VPOS="536" WIDTH="106" HEIGHT="27" CONTENT="saonezi" WC="0.70" CC="2005066"/>
						<SP ID="P317_SP00087" HPOS="554" VPOS="563" WIDTH="21"/>
						<String ID="P317_ST00097" HPOS="575" VPOS="546" WIDTH="13" HEIGHT="17" CONTENT="e" WC="1.00" CC="0"/>
						<SP ID="P317_SP00088" HPOS="588" VPOS="563" WIDTH="22"/>
						<String ID="P317_ST00098" HPOS="610" VPOS="536" WIDTH="48" HEIGHT="27" CONTENT="diti" WC="0.84" CC="0401"/>
						<SP ID="P317_SP00089" HPOS="658" VPOS="563" WIDTH="21"/>
						<String ID="P317_ST00099" HPOS="679" VPOS="536" WIDTH="100" HEIGHT="36" CONTENT="gaiioni" WC="0.53" CC="0775560"/>
						<SP ID="P317_SP00090" HPOS="779" VPOS="572" WIDTH="20"/>
						<String ID="P317_ST00100" HPOS="799" VPOS="543" WIDTH="111" HEIGHT="20" CONTENT="stavano" WC="0.52" CC="4570960"/>
						<SP ID="P317_SP00091" HPOS="910" VPOS="572" WIDTH="31"/>
						<String ID="P317_ST00101" HPOS="941" VPOS="536" WIDTH="80" HEIGHT="27" CONTENT="atenti" WC="0.77" CC="000705"/>
						<SP ID="P317_SP00092" HPOS="1021" VPOS="572" WIDTH="32"/>
						<String ID="P317_ST00102" HPOS="1053" VPOS="535" WIDTH="48" HEIGHT="28" CONTENT="che" WC="0.53" CC="462"/>
					</TextLine>
					<TextLine ID="P317_TL00011" HPOS="144" VPOS="583" WIDTH="957" HEIGHT="37">
						<String ID="P317_ST00103" HPOS="144" VPOS="583" WIDTH="106" HEIGHT="37" CONTENT="quando" WC="0.71" CC="020409"/>
						<SP ID="P317_SP00093" HPOS="250" VPOS="620" WIDTH="21"/>
						<String ID="P317_ST00104" HPOS="271" VPOS="585" WIDTH="96" HEIGHT="27" CONTENT="veniva" WC="0.96" CC="000200"/>
						<SP ID="P317_SP00094" HPOS="367" VPOS="620" WIDTH="22"/>
						<String ID="P317_ST00105" HPOS="389" VPOS="584" WIDTH="81" HEIGHT="28" CONTENT="vaseli" WC="0.85" CC="001033"/>
						<SP ID="P317_SP00095" HPOS="470" VPOS="620" WIDTH="21"/>
						<String ID="P317_ST00106" HPOS="491" VPOS="584" WIDTH="31" HEIGHT="28" CONTENT="de" WC="0.92" CC="01"/>
						<SP ID="P317_SP00096" HPOS="522" VPOS="620" WIDTH="16"/>
						<String ID="P317_ST00107" HPOS="538" VPOS="585" WIDTH="149" HEIGHT="27" CONTENT="mercancia" WC="0.74" CC="106700600"/>
						<SP ID="P317_SP00097" HPOS="687" VPOS="620" WIDTH="15"/>
						<String ID="P317_ST00108" HPOS="702" VPOS="594" WIDTH="46" HEIGHT="26" CONTENT="per" WC="0.81" CC="005"/>
						<SP ID="P317_SP00098" HPOS="748" VPOS="620" WIDTH="14"/>
						<String ID="P317_ST00109" HPOS="762" VPOS="585" WIDTH="97" HEIGHT="26" CONTENT="intrare" WC="0.74" CC="3702040"/>
						<SP ID="P317_SP00099" HPOS="859" VPOS="620" WIDTH="16"/>
						<String ID="P317_ST00110" HPOS="875" VPOS="594" WIDTH="15" HEIGHT="17" CONTENT="o" WC="1.00" CC="0"/>
						<SP ID="P317_SP00100" HPOS="890" VPOS="620" WIDTH="17"/>
						<String ID="P317_ST00111" HPOS="907" VPOS="594" WIDTH="62" HEIGHT="17" CONTENT="vero" WC="0.73" CC="0640"/>
						<SP ID="P317_SP00101" HPOS="969" VPOS="620" WIDTH="15"/>
						<String ID="P317_ST00112" HPOS="984" VPOS="585" WIDTH="70" HEIGHT="26" CONTENT="usire" WC="0.85" CC="00501"/>
						<SP ID="P317_SP00102" HPOS="1054" VPOS="620" WIDTH="14"/>
						<String ID="P317_ST00113" HPOS="1068" VPOS="584" WIDTH="33" HEIGHT="27" CONTENT="de" WC="1.00" CC="00"/>
					</TextLine>
				</TextBlock>
				<TextBlock ID="P317_TB00003" HPOS="143" VPOS="632" WIDTH="956" HEIGHT="478" STYLEREFS="TXT_1 PAR_LEFT">
					<TextLine ID="P317_TL00012" HPOS="202" VPOS="632" WIDTH="897" HEIGHT="38">
						<String ID="P317_ST00114" HPOS="202" VPOS="632" WIDTH="127" HEIGHT="29" CONTENT="SAONA" WC="0.90" CC="04000"/>
						<SP ID="P317_SP00103" HPOS="329" VPOS="661" WIDTH="22"/>
						<String ID="P317_ST00115" HPOS="351" VPOS="633" WIDTH="17" HEIGHT="27" CONTENT="li" WC="0.43" CC="55"/>
						<SP ID="P317_SP00104" HPOS="368" VPOS="661" WIDTH="21"/>
						<String ID="P317_ST00116" HPOS="389" VPOS="633" WIDTH="49" HEIGHT="28" CONTENT="diti" WC="0.75" CC="0306"/>
						<SP ID="P317_SP00105" HPOS="438" VPOS="661" WIDTH="20"/>
						<String ID="P317_ST00117" HPOS="458" VPOS="634" WIDTH="100" HEIGHT="36" CONTENT="galioni" WC="0.57" CC="9634060"/>
						<SP ID="P317_SP00106" HPOS="558" VPOS="670" WIDTH="21"/>
						<String ID="P317_ST00118" HPOS="579" VPOS="643" WIDTH="31" HEIGHT="27" CONTENT="gè" WC="0.97" CC="00"/>
						<SP ID="P317_SP00107" HPOS="610" VPOS="670" WIDTH="16"/>
						<String ID="P317_ST00119" HPOS="626" VPOS="634" WIDTH="121" HEIGHT="26" CONTENT="tiravano" WC="0.82" CC="02073000"/>
						<SP ID="P317_SP00108" HPOS="747" VPOS="670" WIDTH="16"/>
						<String ID="P317_ST00120" HPOS="763" VPOS="632" WIDTH="83" HEIGHT="28" CONTENT="adoso" WC="0.62" CC="67040"/>
						<SP ID="P317_SP00109" HPOS="846" VPOS="670" WIDTH="15"/>
						<String ID="P317_ST00121" HPOS="861" VPOS="643" WIDTH="13" HEIGHT="16" CONTENT="e" WC="1.00" CC="0"/>
						<SP ID="P317_SP00110" HPOS="874" VPOS="670" WIDTH="15"/>
						<String ID="P317_ST00122" HPOS="889" VPOS="643" WIDTH="14" HEIGHT="16" CONTENT="a" WC="0.01" CC="9"/>
						<SP ID="P317_SP00111" HPOS="903" VPOS="670" WIDTH="15"/>
						<String ID="P317_ST00123" HPOS="918" VPOS="633" WIDTH="58" HEIGHT="27" CONTENT="foro" WC="0.84" CC="0060"/>
						<SP ID="P317_SP00112" HPOS="976" VPOS="670" WIDTH="12"/>
						<String ID="P317_ST00124" HPOS="988" VPOS="642" WIDTH="111" HEIGHT="27" CONTENT="posansa" WC="0.79" CC="0600520"/>
					</TextLine>
					<TextLine ID="P317_TL00013" HPOS="145" VPOS="681" WIDTH="954" HEIGHT="38">
						<String ID="P317_ST00125" HPOS="145" VPOS="682" WIDTH="18" HEIGHT="27" CONTENT="li" WC="0.76" CC="40"/>
						<SP ID="P317_SP00113" HPOS="163" VPOS="709" WIDTH="21"/>
						<String ID="P317_ST00126" HPOS="184" VPOS="681" WIDTH="183" HEIGHT="29" CONTENT="conbatevano" WC="0.65" CC="76750400070"/>
						<SP ID="P317_SP00114" HPOS="367" VPOS="710" WIDTH="22"/>
						<String ID="P317_ST00127" HPOS="389" VPOS="692" WIDTH="45" HEIGHT="27" CONTENT="per" WC="0.92" CC="002"/>
						<SP ID="P317_SP00115" HPOS="434" VPOS="719" WIDTH="21"/>
						<String ID="P317_ST00128" HPOS="455" VPOS="682" WIDTH="80" HEIGHT="28" CONTENT="voleli" WC="0.63" CC="006357"/>
						<SP ID="P317_SP00116" HPOS="535" VPOS="719" WIDTH="20"/>
						<String ID="P317_ST00129" HPOS="555" VPOS="682" WIDTH="130" HEIGHT="37" CONTENT="prendere" WC="0.73" CC="07040260"/>
						<SP ID="P317_SP00117" HPOS="685" VPOS="719" WIDTH="21"/>
						<String ID="P317_ST00130" HPOS="706" VPOS="692" WIDTH="14" HEIGHT="17" CONTENT="e" WC="1.00" CC="0"/>
						<SP ID="P317_SP00118" HPOS="720" VPOS="719" WIDTH="21"/>
						<String ID="P317_ST00131" HPOS="741" VPOS="690" WIDTH="95" HEIGHT="28" CONTENT="questo" WC="0.82" CC="060004"/>
						<SP ID="P317_SP00119" HPOS="836" VPOS="719" WIDTH="21"/>
						<String ID="P317_ST00132" HPOS="857" VPOS="691" WIDTH="13" HEIGHT="18" CONTENT="e" WC="1.00" CC="0"/>
						<SP ID="P317_SP00120" HPOS="870" VPOS="719" WIDTH="15"/>
						<String ID="P317_ST00133" HPOS="885" VPOS="690" WIDTH="99" HEIGHT="29" CONTENT="quanto" WC="0.76" CC="007600"/>
						<SP ID="P317_SP00121" HPOS="984" VPOS="719" WIDTH="14"/>
						<String ID="P317_ST00134" HPOS="998" VPOS="682" WIDTH="27" HEIGHT="26" CONTENT="io" WC="0.57" CC="53"/>
						<SP ID="P317_SP00122" HPOS="1025" VPOS="719" WIDTH="16"/>
						<String ID="P317_ST00135" HPOS="1041" VPOS="681" WIDTH="58" HEIGHT="28" CONTENT="abio" WC="0.81" CC="0601"/>
					</TextLine>
					<TextLine ID="P317_TL00014" HPOS="145" VPOS="730" WIDTH="954" HEIGHT="38">
						<String ID="P317_ST00136" HPOS="145" VPOS="740" WIDTH="105" HEIGHT="19" CONTENT="trovato" WC="0.68" CC="6090005"/>
						<SP ID="P317_SP00123" HPOS="250" VPOS="759" WIDTH="21"/>
						<String ID="P317_ST00137" HPOS="271" VPOS="733" WIDTH="80" HEIGHT="26" CONTENT="scrito" WC="0.70" CC="050560"/>
						<SP ID="P317_SP00124" HPOS="351" VPOS="759" WIDTH="22"/>
						<String ID="P317_ST00138" HPOS="373" VPOS="733" WIDTH="27" HEIGHT="26" CONTENT="in" WC="0.47" CC="45"/>
						<SP ID="P317_SP00125" HPOS="400" VPOS="759" WIDTH="21"/>
						<String ID="P317_ST00139" HPOS="421" VPOS="731" WIDTH="23" HEIGHT="28" CONTENT="le" WC="0.83" CC="30"/>
						<SP ID="P317_SP00126" HPOS="444" VPOS="759" WIDTH="14"/>
						<String ID="P317_ST00140" HPOS="458" VPOS="731" WIDTH="126" HEIGHT="28" CONTENT="croniche" WC="0.60" CC="50266630"/>
						<SP ID="P317_SP00127" HPOS="584" VPOS="759" WIDTH="14"/>
						<String ID="P317_ST00141" HPOS="598" VPOS="731" WIDTH="27" HEIGHT="28" CONTENT="di" WC="1.00" CC="00"/>
						<SP ID="P317_SP00128" HPOS="625" VPOS="759" WIDTH="14"/>
						<String ID="P317_ST00142" HPOS="639" VPOS="741" WIDTH="87" HEIGHT="27" CONTENT="genoa" WC="0.59" CC="00639"/>
						<SP ID="P317_SP00129" HPOS="726" VPOS="768" WIDTH="15"/>
						<String ID="P317_ST00143" HPOS="741" VPOS="731" WIDTH="47" HEIGHT="27" CONTENT="che" WC="0.88" CC="300"/>
						<SP ID="P317_SP00130" HPOS="788" VPOS="768" WIDTH="15"/>
						<String ID="P317_ST00144" HPOS="803" VPOS="731" WIDTH="26" HEIGHT="28" CONTENT="lo" WC="0.69" CC="60"/>
						<SP ID="P317_SP00131" HPOS="829" VPOS="768" WIDTH="15"/>
						<String ID="P317_ST00145" HPOS="844" VPOS="731" WIDTH="116" HEIGHT="27" CONTENT="cronista" WC="0.82" CC="43006000"/>
						<SP ID="P317_SP00132" HPOS="960" VPOS="768" WIDTH="15"/>
						<String ID="P317_ST00146" HPOS="975" VPOS="730" WIDTH="124" HEIGHT="28" CONTENT="atribuise" WC="0.68" CC="047770010"/>
					</TextLine>
					<TextLine ID="P317_TL00015" HPOS="144" VPOS="780" WIDTH="955" HEIGHT="37">
						<String ID="P317_ST00147" HPOS="144" VPOS="787" WIDTH="55" HEIGHT="20" CONTENT="tute" WC="0.84" CC="0060"/>
						<SP ID="P317_SP00133" HPOS="199" VPOS="807" WIDTH="20"/>
						<String ID="P317_ST00148" HPOS="219" VPOS="790" WIDTH="91" HEIGHT="27" CONTENT="queste" WC="0.73" CC="810060"/>
						<SP ID="P317_SP00134" HPOS="310" VPOS="817" WIDTH="23"/>
						<String ID="P317_ST00149" HPOS="333" VPOS="781" WIDTH="183" HEIGHT="27" CONTENT="controversie" WC="0.73" CC="602105060620"/>
						<SP ID="P317_SP00135" HPOS="516" VPOS="817" WIDTH="21"/>
						<String ID="P317_ST00150" HPOS="537" VPOS="780" WIDTH="96" HEIGHT="37" CONTENT="perche" WC="0.81" CC="000640"/>
						<SP ID="P317_SP00136" HPOS="633" VPOS="817" WIDTH="21"/>
						<String ID="P317_ST00151" HPOS="654" VPOS="780" WIDTH="17" HEIGHT="27" CONTENT="li" WC="0.90" CC="10"/>
						<SP ID="P317_SP00137" HPOS="671" VPOS="817" WIDTH="22"/>
						<String ID="P317_ST00152" HPOS="693" VPOS="781" WIDTH="107" HEIGHT="26" CONTENT="saonezi" WC="0.56" CC="0098056"/>
						<SP ID="P317_SP00138" HPOS="800" VPOS="817" WIDTH="20"/>
						<String ID="P317_ST00153" HPOS="820" VPOS="790" WIDTH="55" HEIGHT="17" CONTENT="non" WC="0.87" CC="003"/>
						<SP ID="P317_SP00139" HPOS="875" VPOS="817" WIDTH="22"/>
						<String ID="P317_ST00154" HPOS="897" VPOS="780" WIDTH="111" HEIGHT="27" CONTENT="volseno" WC="0.85" CC="0230030"/>
						<SP ID="P317_SP00140" HPOS="1008" VPOS="817" WIDTH="25"/>
						<String ID="P317_ST00155" HPOS="1033" VPOS="787" WIDTH="66" HEIGHT="19" CONTENT="stare" WC="0.68" CC="60035"/>
					</TextLine>
					<TextLine ID="P317_TL00016" HPOS="145" VPOS="828" WIDTH="954" HEIGHT="39">
						<String ID="P317_ST00156" HPOS="145" VPOS="839" WIDTH="31" HEIGHT="17" CONTENT="ne" WC="0.55" CC="80"/>
						<SP ID="P317_SP00141" HPOS="176" VPOS="856" WIDTH="22"/>
						<String ID="P317_ST00157" HPOS="198" VPOS="828" WIDTH="108" HEIGHT="28" CONTENT="obedire" WC="0.77" CC="1400360"/>
						<SP ID="P317_SP00142" HPOS="306" VPOS="856" WIDTH="21"/>
						<String ID="P317_ST00158" HPOS="327" VPOS="839" WIDTH="14" HEIGHT="17" CONTENT="a" WC="1.00" CC="0"/>
						<SP ID="P317_SP00143" HPOS="341" VPOS="856" WIDTH="21"/>
						<String ID="P317_ST00159" HPOS="362" VPOS="830" WIDTH="77" HEIGHT="37" CONTENT="quelo" WC="0.99" CC="00000"/>
						<SP ID="P317_SP00144" HPOS="439" VPOS="867" WIDTH="22"/>
						<String ID="P317_ST00160" HPOS="461" VPOS="837" WIDTH="73" HEIGHT="20" CONTENT="tanto" WC="0.64" CC="07730"/>
						<SP ID="P317_SP00145" HPOS="534" VPOS="867" WIDTH="22"/>
						<String ID="P317_ST00161" HPOS="556" VPOS="829" WIDTH="48" HEIGHT="28" CONTENT="che" WC="0.66" CC="540"/>
						<SP ID="P317_SP00146" HPOS="604" VPOS="867" WIDTH="23"/>
						<String ID="P317_ST00162" HPOS="627" VPOS="830" WIDTH="25" HEIGHT="27" CONTENT="lo" WC="0.91" CC="01"/>
						<SP ID="P317_SP00147" HPOS="652" VPOS="867" WIDTH="22"/>
						<String ID="P317_ST00163" HPOS="674" VPOS="837" WIDTH="93" HEIGHT="29" CONTENT="agente" WC="0.79" CC="800120"/>
						<SP ID="P317_SP00148" HPOS="767" VPOS="867" WIDTH="22"/>
						<String ID="P317_ST00164" HPOS="789" VPOS="828" WIDTH="32" HEIGHT="28" CONTENT="de" WC="0.91" CC="01"/>
						<SP ID="P317_SP00149" HPOS="821" VPOS="867" WIDTH="22"/>
						<String ID="P317_ST00165" HPOS="843" VPOS="829" WIDTH="40" HEIGHT="28" CONTENT="Re" WC="0.92" CC="01"/>
						<SP ID="P317_SP00150" HPOS="883" VPOS="867" WIDTH="20"/>
						<String ID="P317_ST00166" HPOS="903" VPOS="828" WIDTH="27" HEIGHT="28" CONTENT="di" WC="0.93" CC="01"/>
						<SP ID="P317_SP00151" HPOS="930" VPOS="867" WIDTH="11"/>
						<String ID="P317_ST00167" HPOS="941" VPOS="828" WIDTH="86" HEIGHT="28" CONTENT="fransa" WC="0.91" CC="300200"/>
						<SP ID="P317_SP00152" HPOS="1027" VPOS="867" WIDTH="16"/>
						<String ID="P317_ST00168" HPOS="1043" VPOS="829" WIDTH="56" HEIGHT="27" CONTENT="avia" WC="1.00" CC="0000"/>
					</TextLine>
					<TextLine ID="P317_TL00017" HPOS="145" VPOS="878" WIDTH="951" HEIGHT="38">
						<String ID="P317_ST00169" HPOS="145" VPOS="878" WIDTH="116" HEIGHT="28" CONTENT="iudicato" WC="0.68" CC="00006736"/>
						<SP ID="P317_SP00153" HPOS="261" VPOS="906" WIDTH="22"/>
						<String ID="P317_ST00170" HPOS="283" VPOS="888" WIDTH="13" HEIGHT="18" CONTENT="e" WC="0.88" CC="1"/>
						<SP ID="P317_SP00154" HPOS="296" VPOS="906" WIDTH="21"/>
						<String ID="P317_ST00171" HPOS="317" VPOS="888" WIDTH="45" HEIGHT="27" CONTENT="per" WC="1.00" CC="000"/>
						<SP ID="P317_SP00155" HPOS="362" VPOS="915" WIDTH="21"/>
						<String ID="P317_ST00172" HPOS="383" VPOS="878" WIDTH="49" HEIGHT="28" CONTENT="che" WC="0.44" CC="654"/>
						<SP ID="P317_SP00156" HPOS="432" VPOS="915" WIDTH="20"/>
						<String ID="P317_ST00173" HPOS="452" VPOS="888" WIDTH="15" HEIGHT="18" CONTENT="a" WC="1.00" CC="0"/>
						<SP ID="P317_SP00157" HPOS="467" VPOS="915" WIDTH="19"/>
						<String ID="P317_ST00174" HPOS="486" VPOS="878" WIDTH="79" HEIGHT="38" CONTENT="quelo" WC="0.80" CC="00612"/>
						<SP ID="P317_SP00158" HPOS="565" VPOS="916" WIDTH="23"/>
						<String ID="P317_ST00175" HPOS="588" VPOS="886" WIDTH="91" HEIGHT="30" CONTENT="tempo" WC="0.80" CC="00080"/>
						<SP ID="P317_SP00159" HPOS="679" VPOS="916" WIDTH="21"/>
						<String ID="P317_ST00176" HPOS="700" VPOS="879" WIDTH="26" HEIGHT="27" CONTENT="io" WC="0.93" CC="10"/>
						<SP ID="P317_SP00160" HPOS="726" VPOS="916" WIDTH="22"/>
						<String ID="P317_ST00177" HPOS="748" VPOS="888" WIDTH="44" HEIGHT="18" CONTENT="era" WC="0.80" CC="040"/>
						<SP ID="P317_SP00161" HPOS="792" VPOS="916" WIDTH="20"/>
						<String ID="P317_ST00178" HPOS="812" VPOS="878" WIDTH="32" HEIGHT="28" CONTENT="de" WC="1.00" CC="00"/>
						<SP ID="P317_SP00162" HPOS="844" VPOS="916" WIDTH="22"/>
						<String ID="P317_ST00179" HPOS="866" VPOS="878" WIDTH="54" HEIGHT="27" CONTENT="vita" WC="0.73" CC="0640"/>
						<SP ID="P317_SP00163" HPOS="920" VPOS="916" WIDTH="21"/>
						<String ID="P317_ST00180" HPOS="941" VPOS="878" WIDTH="31" HEIGHT="27" CONTENT="de" WC="1.00" CC="00"/>
						<SP ID="P317_SP00164" HPOS="972" VPOS="916" WIDTH="21"/>
						<String ID="P317_ST00181" HPOS="993" VPOS="878" WIDTH="43" HEIGHT="27" CONTENT="ani" WC="0.83" CC="013"/>
						<SP ID="P317_SP00165" HPOS="1036" VPOS="916" WIDTH="32"/>
						<String ID="P317_ST00182" HPOS="1068" VPOS="887" WIDTH="8" HEIGHT="17" CONTENT="1" WC="0.84" CC="1"/>
						<String ID="P317_ST00183" HPOS="1086" VPOS="887" WIDTH="10" HEIGHT="26" CONTENT="3" WC="0.15" CC="8"/>
					</TextLine>
					<TextLine ID="P317_TL00018" HPOS="144" VPOS="926" WIDTH="954" HEIGHT="39">
						<String ID="P317_ST00184" HPOS="144" VPOS="928" WIDTH="43" HEIGHT="36" CONTENT="qui" WC="0.72" CC="061"/>
						<SP ID="P317_SP00166" HPOS="187" VPOS="964" WIDTH="21"/>
						<String ID="P317_ST00185" HPOS="208" VPOS="935" WIDTH="61" HEIGHT="20" CONTENT="soto" WC="0.76" CC="5030"/>
						<SP ID="P317_SP00167" HPOS="269" VPOS="964" WIDTH="21"/>
						<String ID="P317_ST00186" HPOS="290" VPOS="934" WIDTH="24" HEIGHT="21" CONTENT="te" WC="1.00" CC="00"/>
						<SP ID="P317_SP00168" HPOS="314" VPOS="964" WIDTH="20"/>
						<String ID="P317_ST00187" HPOS="334" VPOS="929" WIDTH="83" HEIGHT="35" CONTENT="vogio" WC="0.97" CC="00010"/>
						<SP ID="P317_SP00169" HPOS="417" VPOS="964" WIDTH="21"/>
						<String ID="P317_ST00188" HPOS="438" VPOS="928" WIDTH="56" HEIGHT="27" CONTENT="dire" WC="0.89" CC="0120"/>
						<SP ID="P317_SP00170" HPOS="494" VPOS="964" WIDTH="21"/>
						<String ID="P317_ST00189" HPOS="515" VPOS="928" WIDTH="79" HEIGHT="37" CONTENT="quelo" WC="0.76" CC="05311"/>
						<SP ID="P317_SP00171" HPOS="594" VPOS="965" WIDTH="22"/>
						<String ID="P317_ST00190" HPOS="616" VPOS="928" WIDTH="48" HEIGHT="27" CONTENT="che" WC="0.74" CC="430"/>
						<SP ID="P317_SP00172" HPOS="664" VPOS="965" WIDTH="20"/>
						<String ID="P317_ST00191" HPOS="684" VPOS="928" WIDTH="27" HEIGHT="27" CONTENT="io" WC="0.64" CC="52"/>
						<SP ID="P317_SP00173" HPOS="711" VPOS="965" WIDTH="22"/>
						<String ID="P317_ST00192" HPOS="733" VPOS="927" WIDTH="59" HEIGHT="28" CONTENT="abio" WC="0.84" CC="0014"/>
						<SP ID="P317_SP00174" HPOS="792" VPOS="965" WIDTH="15"/>
						<String ID="P317_ST00193" HPOS="807" VPOS="928" WIDTH="69" HEIGHT="26" CONTENT="visto" WC="0.73" CC="02550"/>
						<SP ID="P317_SP00175" HPOS="876" VPOS="965" WIDTH="16"/>
						<String ID="P317_ST00194" HPOS="892" VPOS="937" WIDTH="61" HEIGHT="17" CONTENT="com" WC="0.89" CC="030"/>
						<SP ID="P317_SP00176" HPOS="953" VPOS="965" WIDTH="16"/>
						<String ID="P317_ST00195" HPOS="969" VPOS="928" WIDTH="53" HEIGHT="26" CONTENT="mei" WC="0.79" CC="060"/>
						<SP ID="P317_SP00177" HPOS="1022" VPOS="965" WIDTH="14"/>
						<String ID="P317_ST00196" HPOS="1036" VPOS="926" WIDTH="62" HEIGHT="28" CONTENT="ochi" WC="0.65" CC="0760"/>
					</TextLine>
					<TextLine ID="P317_TL00019" HPOS="145" VPOS="976" WIDTH="954" HEIGHT="38">
						<String ID="P317_ST00197" HPOS="145" VPOS="987" WIDTH="13" HEIGHT="18" CONTENT="e" WC="0.79" CC="2"/>
						<SP ID="P317_SP00178" HPOS="158" VPOS="1005" WIDTH="21"/>
						<String ID="P317_ST00198" HPOS="179" VPOS="983" WIDTH="89" HEIGHT="21" CONTENT="tocato" WC="0.97" CC="000010"/>
						<SP ID="P317_SP00179" HPOS="268" VPOS="1005" WIDTH="21"/>
						<String ID="P317_ST00199" HPOS="289" VPOS="986" WIDTH="51" HEIGHT="18" CONTENT="con" WC="0.42" CC="664"/>
						<SP ID="P317_SP00180" HPOS="340" VPOS="1005" WIDTH="22"/>
						<String ID="P317_ST00200" HPOS="362" VPOS="977" WIDTH="54" HEIGHT="28" CONTENT="mie" WC="0.99" CC="000"/>
						<SP ID="P317_SP00181" HPOS="416" VPOS="1005" WIDTH="22"/>
						<String ID="P317_ST00201" HPOS="438" VPOS="987" WIDTH="78" HEIGHT="18" CONTENT="mane" WC="0.81" CC="0070"/>
						<SP ID="P317_SP00182" HPOS="516" VPOS="1005" WIDTH="21"/>
						<String ID="P317_ST00202" HPOS="537" VPOS="977" WIDTH="32" HEIGHT="28" CONTENT="de" WC="1.00" CC="00"/>
						<SP ID="P317_SP00183" HPOS="569" VPOS="1005" WIDTH="21"/>
						<String ID="P317_ST00203" HPOS="590" VPOS="985" WIDTH="92" HEIGHT="29" CONTENT="questa" WC="0.71" CC="064007"/>
						<SP ID="P317_SP00184" HPOS="682" VPOS="1014" WIDTH="21"/>
						<String ID="P317_ST00204" HPOS="703" VPOS="987" WIDTH="78" HEIGHT="17" CONTENT="cauza" WC="0.72" CC="76000"/>
						<SP ID="P317_SP00185" HPOS="781" VPOS="1014" WIDTH="20"/>
						<String ID="P317_ST00205" HPOS="801" VPOS="977" WIDTH="41" HEIGHT="27" CONTENT="chi" WC="0.36" CC="665"/>
						<SP ID="P317_SP00186" HPOS="842" VPOS="1014" WIDTH="28"/>
						<String ID="P317_ST00206" HPOS="870" VPOS="986" WIDTH="57" HEIGHT="18" CONTENT="sera" WC="0.41" CC="6970"/>
						<SP ID="P317_SP00187" HPOS="927" VPOS="1014" WIDTH="26"/>
						<String ID="P317_ST00207" HPOS="953" VPOS="983" WIDTH="56" HEIGHT="20" CONTENT="tuto" WC="0.97" CC="1000"/>
						<SP ID="P317_SP00188" HPOS="1009" VPOS="1014" WIDTH="26"/>
						<String ID="P317_ST00208" HPOS="1035" VPOS="985" WIDTH="16" HEIGHT="17" CONTENT="o" WC="1.00" CC="0"/>
						<SP ID="P317_SP00189" HPOS="1051" VPOS="1014" WIDTH="26"/>
						<String ID="P317_ST00209" HPOS="1077" VPOS="976" WIDTH="22" HEIGHT="26" CONTENT="la" WC="1.00" CC="00"/>
					</TextLine>
					<TextLine ID="P317_TL00020" HPOS="144" VPOS="1025" WIDTH="955" HEIGHT="38">
						<String ID="P317_ST00210" HPOS="144" VPOS="1026" WIDTH="44" HEIGHT="37" CONTENT="più" WC="0.74" CC="051"/>
						<SP ID="P317_SP00190" HPOS="188" VPOS="1063" WIDTH="21"/>
						<String ID="P317_ST00211" HPOS="209" VPOS="1033" WIDTH="71" HEIGHT="29" CONTENT="parte" WC="0.69" CC="06232"/>
						<SP ID="P317_SP00191" HPOS="280" VPOS="1063" WIDTH="21"/>
						<String ID="P317_ST00212" HPOS="301" VPOS="1034" WIDTH="95" HEIGHT="19" CONTENT="contro" WC="0.78" CC="705000"/>
						<SP ID="P317_SP00192" HPOS="396" VPOS="1063" WIDTH="21"/>
						<String ID="P317_ST00213" HPOS="417" VPOS="1037" WIDTH="14" HEIGHT="17" CONTENT="a" WC="0.10" CC="8"/>
						<SP ID="P317_SP00193" HPOS="431" VPOS="1063" WIDTH="20"/>
						<String ID="P317_ST00214" HPOS="451" VPOS="1027" WIDTH="79" HEIGHT="36" CONTENT="quelo" WC="0.51" CC="08049"/>
						<SP ID="P317_SP00194" HPOS="530" VPOS="1063" WIDTH="21"/>
						<String ID="P317_ST00215" HPOS="551" VPOS="1027" WIDTH="43" HEIGHT="27" CONTENT="chi" WC="0.48" CC="473"/>
						<SP ID="P317_SP00195" HPOS="594" VPOS="1063" WIDTH="21"/>
						<String ID="P317_ST00216" HPOS="615" VPOS="1036" WIDTH="14" HEIGHT="18" CONTENT="e" WC="1.00" CC="0"/>
						<SP ID="P317_SP00196" HPOS="629" VPOS="1063" WIDTH="20"/>
						<String ID="P317_ST00217" HPOS="649" VPOS="1027" WIDTH="82" HEIGHT="27" CONTENT="scrito" WC="0.50" CC="970660"/>
						<SP ID="P317_SP00197" HPOS="731" VPOS="1063" WIDTH="14"/>
						<String ID="P317_ST00218" HPOS="745" VPOS="1027" WIDTH="28" HEIGHT="26" CONTENT="in" WC="0.66" CC="33"/>
						<SP ID="P317_SP00198" HPOS="773" VPOS="1063" WIDTH="14"/>
						<String ID="P317_ST00219" HPOS="787" VPOS="1026" WIDTH="23" HEIGHT="27" CONTENT="le" WC="0.92" CC="10"/>
						<SP ID="P317_SP00199" HPOS="810" VPOS="1063" WIDTH="16"/>
						<String ID="P317_ST00220" HPOS="826" VPOS="1025" WIDTH="125" HEIGHT="28" CONTENT="croniche" WC="0.50" CC="76244751"/>
						<SP ID="P317_SP00200" HPOS="951" VPOS="1063" WIDTH="14"/>
						<String ID="P317_ST00221" HPOS="965" VPOS="1025" WIDTH="32" HEIGHT="27" CONTENT="de" WC="0.50" CC="90"/>
						<SP ID="P317_SP00201" HPOS="997" VPOS="1063" WIDTH="16"/>
						<String ID="P317_ST00222" HPOS="1013" VPOS="1034" WIDTH="86" HEIGHT="27" CONTENT="genoa" WC="0.77" CC="00740"/>
					</TextLine>
					<TextLine ID="P317_TL00021" HPOS="145" VPOS="1074" WIDTH="259" HEIGHT="36">
						<String ID="P317_ST00223" HPOS="145" VPOS="1074" WIDTH="32" HEIGHT="28" CONTENT="de" WC="1.00" CC="00"/>
						<SP ID="P317_SP00202" HPOS="177" VPOS="1102" WIDTH="19"/>
						<String ID="P317_ST00224" HPOS="196" VPOS="1074" WIDTH="62" HEIGHT="28" CONTENT="lano" WC="0.77" CC="3050"/>
						<SP ID="P317_SP00203" HPOS="258" VPOS="1102" WIDTH="21"/>
						<String ID="P317_ST00225" HPOS="279" VPOS="1074" WIDTH="32" HEIGHT="28" CONTENT="de" WC="0.71" CC="05"/>
						<SP ID="P317_SP00204" HPOS="311" VPOS="1102" WIDTH="26"/>
						<String ID="P317_ST00226" HPOS="337" VPOS="1076" WIDTH="67" HEIGHT="34" CONTENT="1508" WC="0.83" CC="0402"/>
					</TextLine>
				</TextBlock>
				<TextBlock ID="P317_TB00004" HPOS="139" VPOS="1123" WIDTH="959" HEIGHT="627" STYLEREFS="TXT_1 PAR_LEFT">
					<TextLine ID="P317_TL00022" HPOS="200" VPOS="1123" WIDTH="898" HEIGHT="37">
						<String ID="P317_ST00227" HPOS="200" VPOS="1123" WIDTH="94" HEIGHT="29" CONTENT="DICO" WC="0.71" CC="2610"/>
						<SP ID="P317_SP00205" HPOS="294" VPOS="1152" WIDTH="23"/>
						<String ID="P317_ST00228" HPOS="317" VPOS="1124" WIDTH="111" HEIGHT="28" CONTENT="ESERE" WC="0.73" CC="20090"/>
						<SP ID="P317_SP00206" HPOS="428" VPOS="1152" WIDTH="22"/>
						<String ID="P317_ST00229" HPOS="450" VPOS="1134" WIDTH="64" HEIGHT="18" CONTENT="vero" WC="0.90" CC="0030"/>
						<SP ID="P317_SP00207" HPOS="514" VPOS="1152" WIDTH="22"/>
						<String ID="P317_ST00230" HPOS="536" VPOS="1125" WIDTH="49" HEIGHT="27" CONTENT="che" WC="0.98" CC="000"/>
						<SP ID="P317_SP00208" HPOS="585" VPOS="1152" WIDTH="22"/>
						<String ID="P317_ST00231" HPOS="607" VPOS="1124" WIDTH="60" HEIGHT="28" CONTENT="lano" WC="0.57" CC="2760"/>
						<SP ID="P317_SP00209" HPOS="667" VPOS="1152" WIDTH="22"/>
						<String ID="P317_ST00232" HPOS="689" VPOS="1124" WIDTH="32" HEIGHT="28" CONTENT="de" WC="1.00" CC="00"/>
						<SP ID="P317_SP00210" HPOS="721" VPOS="1152" WIDTH="25"/>
						<String ID="P317_ST00233" HPOS="746" VPOS="1125" WIDTH="68" HEIGHT="35" CONTENT="1508" WC="0.66" CC="0246"/>
						<SP ID="P317_SP00211" HPOS="814" VPOS="1160" WIDTH="23"/>
						<String ID="P317_ST00234" HPOS="837" VPOS="1125" WIDTH="47" HEIGHT="26" CONTENT="che" WC="0.62" CC="550"/>
						<SP ID="P317_SP00212" HPOS="884" VPOS="1160" WIDTH="23"/>
						<String ID="P317_ST00235" HPOS="907" VPOS="1123" WIDTH="125" HEIGHT="28" CONTENT="ludovico" WC="0.75" CC="00037072"/>
						<SP ID="P317_SP00213" HPOS="1032" VPOS="1160" WIDTH="29"/>
						<String ID="P317_ST00236" HPOS="1061" VPOS="1123" WIDTH="37" HEIGHT="27" CONTENT="Re" WC="1.00" CC="00"/>
					</TextLine>
					<TextLine ID="P317_TL00023" HPOS="146" VPOS="1172" WIDTH="952" HEIGHT="38">
						<String ID="P317_ST00237" HPOS="146" VPOS="1173" WIDTH="27" HEIGHT="28" CONTENT="di" WC="0.65" CC="06"/>
						<SP ID="P317_SP00214" HPOS="173" VPOS="1201" WIDTH="21"/>
						<String ID="P317_ST00238" HPOS="194" VPOS="1172" WIDTH="85" HEIGHT="29" CONTENT="fransa" WC="0.75" CC="170230"/>
						<SP ID="P317_SP00215" HPOS="279" VPOS="1201" WIDTH="22"/>
						<String ID="P317_ST00239" HPOS="301" VPOS="1183" WIDTH="43" HEIGHT="17" CONTENT="era" WC="0.94" CC="010"/>
						<SP ID="P317_SP00216" HPOS="344" VPOS="1201" WIDTH="20"/>
						<String ID="P317_ST00240" HPOS="364" VPOS="1174" WIDTH="107" HEIGHT="36" CONTENT="signore" WC="0.57" CC="0506457"/>
						<SP ID="P317_SP00217" HPOS="471" VPOS="1210" WIDTH="23"/>
						<String ID="P317_ST00241" HPOS="494" VPOS="1173" WIDTH="31" HEIGHT="28" CONTENT="de" WC="1.00" CC="00"/>
						<SP ID="P317_SP00218" HPOS="525" VPOS="1210" WIDTH="20"/>
						<String ID="P317_ST00242" HPOS="545" VPOS="1184" WIDTH="86" HEIGHT="26" CONTENT="genoa" WC="0.86" CC="03300"/>
						<SP ID="P317_SP00219" HPOS="631" VPOS="1210" WIDTH="21"/>
						<String ID="P317_ST00243" HPOS="652" VPOS="1184" WIDTH="13" HEIGHT="17" CONTENT="e" WC="1.00" CC="0"/>
						<SP ID="P317_SP00220" HPOS="665" VPOS="1210" WIDTH="22"/>
						<String ID="P317_ST00244" HPOS="687" VPOS="1173" WIDTH="26" HEIGHT="28" CONTENT="di" WC="0.94" CC="01"/>
						<SP ID="P317_SP00221" HPOS="713" VPOS="1210" WIDTH="21"/>
						<String ID="P317_ST00245" HPOS="734" VPOS="1183" WIDTH="81" HEIGHT="18" CONTENT="saona" WC="1.00" CC="00000"/>
						<SP ID="P317_SP00222" HPOS="815" VPOS="1210" WIDTH="21"/>
						<String ID="P317_ST00246" HPOS="836" VPOS="1183" WIDTH="13" HEIGHT="18" CONTENT="e" WC="1.00" CC="0"/>
						<SP ID="P317_SP00223" HPOS="849" VPOS="1210" WIDTH="22"/>
						<String ID="P317_ST00247" HPOS="871" VPOS="1173" WIDTH="32" HEIGHT="27" CONTENT="de" WC="1.00" CC="00"/>
						<SP ID="P317_SP00224" HPOS="903" VPOS="1210" WIDTH="22"/>
						<String ID="P317_ST00248" HPOS="925" VPOS="1182" WIDTH="57" HEIGHT="18" CONTENT="tuto" WC="0.80" CC="0070"/>
						<SP ID="P317_SP00225" HPOS="982" VPOS="1210" WIDTH="20"/>
						<String ID="P317_ST00249" HPOS="1002" VPOS="1172" WIDTH="28" HEIGHT="27" CONTENT="lo" WC="1.00" CC="00"/>
						<SP ID="P317_SP00226" HPOS="1030" VPOS="1210" WIDTH="26"/>
						<String ID="P317_ST00250" HPOS="1056" VPOS="1182" WIDTH="42" HEIGHT="27" CONTENT="ge" SUBS_TYPE="HypPart1" SUBS_CONTENT="genoeze" WC="1.00" CC="000"/>
						<HYP CONTENT="-"/>
					</TextLine>
					<TextLine ID="P317_TL00024" HPOS="144" VPOS="1222" WIDTH="954" HEIGHT="37">
						<String ID="P317_ST00251" HPOS="144" VPOS="1232" WIDTH="80" HEIGHT="18" CONTENT="noeze" SUBS_TYPE="HypPart2" SUBS_CONTENT="genoeze" WC="0.72" CC="00705"/>
						<SP ID="P317_SP00227" HPOS="224" VPOS="1250" WIDTH="15"/>
						<String ID="P317_ST00252" HPOS="239" VPOS="1232" WIDTH="13" HEIGHT="17" CONTENT="e" WC="1.00" CC="0"/>
						<SP ID="P317_SP00228" HPOS="252" VPOS="1250" WIDTH="15"/>
						<String ID="P317_ST00253" HPOS="267" VPOS="1223" WIDTH="27" HEIGHT="26" CONTENT="in" WC="0.78" CC="21"/>
						<SP ID="P317_SP00229" HPOS="294" VPOS="1250" WIDTH="14"/>
						<String ID="P317_ST00254" HPOS="308" VPOS="1232" WIDTH="87" HEIGHT="27" CONTENT="genoa" WC="0.59" CC="06860"/>
						<SP ID="P317_SP00230" HPOS="395" VPOS="1259" WIDTH="11"/>
						<String ID="P317_ST00255" HPOS="406" VPOS="1232" WIDTH="42" HEIGHT="18" CONTENT="era" WC="0.68" CC="360"/>
						<SP ID="P317_SP00231" HPOS="448" VPOS="1259" WIDTH="15"/>
						<String ID="P317_ST00256" HPOS="463" VPOS="1232" WIDTH="49" HEIGHT="18" CONTENT="suo" WC="0.39" CC="377"/>
						<SP ID="P317_SP00232" HPOS="512" VPOS="1259" WIDTH="15"/>
						<String ID="P317_ST00257" HPOS="527" VPOS="1231" WIDTH="177" HEIGHT="28" CONTENT="governatore" WC="0.60" CC="00004670957"/>
						<SP ID="P317_SP00233" HPOS="704" VPOS="1259" WIDTH="17"/>
						<String ID="P317_ST00258" HPOS="721" VPOS="1232" WIDTH="53" HEIGHT="18" CONTENT="uno" WC="0.73" CC="061"/>
						<SP ID="P317_SP00234" HPOS="774" VPOS="1259" WIDTH="15"/>
						<String ID="P317_ST00259" HPOS="789" VPOS="1223" WIDTH="141" HEIGHT="26" CONTENT="nominato" WC="0.67" CC="13053650"/>
						<SP ID="P317_SP00235" HPOS="930" VPOS="1259" WIDTH="17"/>
						<String ID="P317_ST00260" HPOS="947" VPOS="1222" WIDTH="151" HEIGHT="27" CONTENT="Ravasteno" WC="0.77" CC="000055440"/>
					</TextLine>
					<TextLine ID="P317_TL00025" HPOS="144" VPOS="1269" WIDTH="954" HEIGHT="39">
						<String ID="P317_ST00261" HPOS="144" VPOS="1281" WIDTH="13" HEIGHT="17" CONTENT="e" WC="1.00" CC="0"/>
						<SP ID="P317_SP00236" HPOS="157" VPOS="1298" WIDTH="22"/>
						<String ID="P317_ST00262" HPOS="179" VPOS="1271" WIDTH="27" HEIGHT="27" CONTENT="in" WC="0.51" CC="36"/>
						<SP ID="P317_SP00237" HPOS="206" VPOS="1298" WIDTH="20"/>
						<String ID="P317_ST00263" HPOS="226" VPOS="1281" WIDTH="81" HEIGHT="17" CONTENT="saona" WC="0.98" CC="00000"/>
						<SP ID="P317_SP00238" HPOS="307" VPOS="1298" WIDTH="22"/>
						<String ID="P317_ST00264" HPOS="329" VPOS="1281" WIDTH="44" HEIGHT="17" CONTENT="era" WC="0.89" CC="030"/>
						<SP ID="P317_SP00239" HPOS="373" VPOS="1298" WIDTH="21"/>
						<String ID="P317_ST00265" HPOS="394" VPOS="1281" WIDTH="48" HEIGHT="18" CONTENT="suo" WC="0.79" CC="600"/>
						<SP ID="P317_SP00240" HPOS="442" VPOS="1299" WIDTH="21"/>
						<String ID="P317_ST00266" HPOS="463" VPOS="1271" WIDTH="176" HEIGHT="37" CONTENT="gubernatore" WC="0.59" CC="84040554604"/>
						<SP ID="P317_SP00241" HPOS="639" VPOS="1308" WIDTH="22"/>
						<String ID="P317_ST00267" HPOS="661" VPOS="1282" WIDTH="98" HEIGHT="17" CONTENT="monsu" WC="0.88" CC="00500"/>
						<SP ID="P317_SP00242" HPOS="759" VPOS="1308" WIDTH="21"/>
						<String ID="P317_ST00268" HPOS="780" VPOS="1271" WIDTH="31" HEIGHT="27" CONTENT="de" WC="1.00" CC="00"/>
						<SP ID="P317_SP00243" HPOS="811" VPOS="1308" WIDTH="22"/>
						<String ID="P317_ST00269" HPOS="833" VPOS="1271" WIDTH="89" HEIGHT="37" CONTENT="alegro" WC="0.70" CC="043072"/>
						<SP ID="P317_SP00244" HPOS="922" VPOS="1308" WIDTH="21"/>
						<String ID="P317_ST00270" HPOS="943" VPOS="1281" WIDTH="14" HEIGHT="17" CONTENT="e" WC="0.29" CC="7"/>
						<SP ID="P317_SP00245" HPOS="957" VPOS="1308" WIDTH="28"/>
						<String ID="P317_ST00271" HPOS="985" VPOS="1281" WIDTH="48" HEIGHT="17" CONTENT="suo" WC="0.65" CC="243"/>
						<SP ID="P317_SP00246" HPOS="1033" VPOS="1308" WIDTH="28"/>
						<String ID="P317_ST00272" HPOS="1061" VPOS="1269" WIDTH="37" HEIGHT="28" CONTENT="lo" SUBS_TYPE="HypPart1" SUBS_CONTENT="locotenente" WC="0.72" CC="340"/>
						<HYP CONTENT="-"/>
					</TextLine>
					<TextLine ID="P317_TL00026" HPOS="144" VPOS="1320" WIDTH="954" HEIGHT="35">
						<String ID="P317_ST00273" HPOS="144" VPOS="1327" WIDTH="140" HEIGHT="20" CONTENT="cotenente" SUBS_TYPE="HypPart2" SUBS_CONTENT="locotenente" WC="0.78" CC="502083000"/>
						<SP ID="P317_SP00247" HPOS="284" VPOS="1347" WIDTH="22"/>
						<String ID="P317_ST00274" HPOS="306" VPOS="1331" WIDTH="52" HEIGHT="16" CONTENT="uno" WC="0.44" CC="780"/>
						<SP ID="P317_SP00248" HPOS="358" VPOS="1347" WIDTH="21"/>
						<String ID="P317_ST00275" HPOS="379" VPOS="1320" WIDTH="142" HEIGHT="28" CONTENT="nominato" WC="0.95" CC="02010000"/>
						<SP ID="P317_SP00249" HPOS="521" VPOS="1348" WIDTH="21"/>
						<String ID="P317_ST00276" HPOS="542" VPOS="1331" WIDTH="98" HEIGHT="16" CONTENT="monsu" WC="0.69" CC="00870"/>
						<SP ID="P317_SP00250" HPOS="640" VPOS="1348" WIDTH="23"/>
						<String ID="P317_ST00277" HPOS="663" VPOS="1320" WIDTH="31" HEIGHT="27" CONTENT="de" WC="0.93" CC="01"/>
						<SP ID="P317_SP00251" HPOS="694" VPOS="1348" WIDTH="21"/>
						<String ID="P317_ST00278" HPOS="715" VPOS="1320" WIDTH="127" HEIGHT="28" CONTENT="frasineto" WC="0.82" CC="800060000"/>
						<SP ID="P317_SP00252" HPOS="842" VPOS="1348" WIDTH="22"/>
						<String ID="P317_ST00279" HPOS="864" VPOS="1331" WIDTH="13" HEIGHT="16" CONTENT="e" WC="0.67" CC="3"/>
						<SP ID="P317_SP00253" HPOS="877" VPOS="1348" WIDTH="22"/>
						<String ID="P317_ST00280" HPOS="899" VPOS="1331" WIDTH="13" HEIGHT="16" CONTENT="a" WC="1.00" CC="0"/>
						<SP ID="P317_SP00254" HPOS="912" VPOS="1348" WIDTH="22"/>
						<String ID="P317_ST00281" HPOS="934" VPOS="1320" WIDTH="55" HEIGHT="27" CONTENT="dito" WC="0.68" CC="0560"/>
						<SP ID="P317_SP00255" HPOS="989" VPOS="1348" WIDTH="15"/>
						<String ID="P317_ST00282" HPOS="1004" VPOS="1328" WIDTH="94" HEIGHT="27" CONTENT="tempo" WC="0.61" CC="00909"/>
					</TextLine>
					<TextLine ID="P317_TL00027" HPOS="141" VPOS="1369" WIDTH="955" HEIGHT="37">
						<String ID="P317_ST00283" HPOS="141" VPOS="1369" WIDTH="18" HEIGHT="28" CONTENT="li" WC="0.81" CC="03"/>
						<SP ID="P317_SP00256" HPOS="159" VPOS="1397" WIDTH="21"/>
						<String ID="P317_ST00284" HPOS="180" VPOS="1369" WIDTH="104" HEIGHT="37" CONTENT="signori" WC="0.70" CC="4203433"/>
						<SP ID="P317_SP00257" HPOS="284" VPOS="1406" WIDTH="19"/>
						<String ID="P317_ST00285" HPOS="303" VPOS="1369" WIDTH="112" HEIGHT="37" CONTENT="genoezi" WC="0.72" CC="0500660"/>
						<SP ID="P317_SP00258" HPOS="415" VPOS="1406" WIDTH="21"/>
						<String ID="P317_ST00286" HPOS="436" VPOS="1380" WIDTH="13" HEIGHT="17" CONTENT="e" WC="1.00" CC="0"/>
						<SP ID="P317_SP00259" HPOS="449" VPOS="1406" WIDTH="22"/>
						<String ID="P317_ST00287" HPOS="471" VPOS="1369" WIDTH="23" HEIGHT="28" CONTENT="la" WC="0.69" CC="60"/>
						<SP ID="P317_SP00260" HPOS="494" VPOS="1406" WIDTH="21"/>
						<String ID="P317_ST00288" HPOS="515" VPOS="1371" WIDTH="138" HEIGHT="26" CONTENT="comunità" WC="0.66" CC="60035560"/>
						<SP ID="P317_SP00261" HPOS="653" VPOS="1406" WIDTH="20"/>
						<String ID="P317_ST00289" HPOS="673" VPOS="1369" WIDTH="26" HEIGHT="28" CONTENT="di" WC="0.45" CC="46"/>
						<SP ID="P317_SP00262" HPOS="699" VPOS="1406" WIDTH="15"/>
						<String ID="P317_ST00290" HPOS="714" VPOS="1379" WIDTH="80" HEIGHT="18" CONTENT="saona" WC="0.72" CC="00049"/>
						<SP ID="P317_SP00263" HPOS="794" VPOS="1406" WIDTH="15"/>
						<String ID="P317_ST00291" HPOS="809" VPOS="1369" WIDTH="144" HEIGHT="36" CONTENT="litigavano" WC="0.83" CC="0000900060"/>
						<SP ID="P317_SP00264" HPOS="953" VPOS="1406" WIDTH="16"/>
						<String ID="P317_ST00292" HPOS="969" VPOS="1369" WIDTH="26" HEIGHT="27" CONTENT="in" WC="0.34" CC="57"/>
						<SP ID="P317_SP00265" HPOS="995" VPOS="1406" WIDTH="16"/>
						<String ID="P317_ST00293" HPOS="1011" VPOS="1369" WIDTH="85" HEIGHT="26" CONTENT="sieme" WC="0.77" CC="05320"/>
					</TextLine>
					<TextLine ID="P317_TL00028" HPOS="144" VPOS="1418" WIDTH="954" HEIGHT="37">
						<String ID="P317_ST00294" HPOS="144" VPOS="1418" WIDTH="39" HEIGHT="28" CONTENT="ala" WC="0.20" CC="939"/>
						<SP ID="P317_SP00266" HPOS="183" VPOS="1446" WIDTH="20"/>
						<String ID="P317_ST00295" HPOS="203" VPOS="1425" WIDTH="73" HEIGHT="21" CONTENT="corte" WC="0.87" CC="00005"/>
						<SP ID="P317_SP00267" HPOS="276" VPOS="1446" WIDTH="21"/>
						<String ID="P317_ST00296" HPOS="297" VPOS="1419" WIDTH="32" HEIGHT="27" CONTENT="de" WC="1.00" CC="00"/>
						<SP ID="P317_SP00268" HPOS="329" VPOS="1446" WIDTH="22"/>
						<String ID="P317_ST00297" HPOS="351" VPOS="1418" WIDTH="57" HEIGHT="28" CONTENT="dito" WC="0.71" CC="0560"/>
						<SP ID="P317_SP00269" HPOS="408" VPOS="1446" WIDTH="22"/>
						<String ID="P317_ST00298" HPOS="430" VPOS="1419" WIDTH="39" HEIGHT="28" CONTENT="Re" WC="1.00" CC="00"/>
						<SP ID="P317_SP00270" HPOS="469" VPOS="1447" WIDTH="22"/>
						<String ID="P317_ST00299" HPOS="491" VPOS="1429" WIDTH="14" HEIGHT="17" CONTENT="e" WC="0.55" CC="4"/>
						<SP ID="P317_SP00271" HPOS="505" VPOS="1447" WIDTH="22"/>
						<String ID="P317_ST00300" HPOS="527" VPOS="1419" WIDTH="63" HEIGHT="27" CONTENT="luno" WC="1.00" CC="0000"/>
						<SP ID="P317_SP00272" HPOS="590" VPOS="1447" WIDTH="22"/>
						<String ID="P317_ST00301" HPOS="612" VPOS="1429" WIDTH="13" HEIGHT="17" CONTENT="e" WC="0.95" CC="0"/>
						<SP ID="P317_SP00273" HPOS="625" VPOS="1447" WIDTH="23"/>
						<String ID="P317_ST00302" HPOS="648" VPOS="1419" WIDTH="65" HEIGHT="27" CONTENT="latra" WC="0.86" CC="50000"/>
						<SP ID="P317_SP00274" HPOS="713" VPOS="1447" WIDTH="19"/>
						<String ID="P317_ST00303" HPOS="732" VPOS="1425" WIDTH="73" HEIGHT="30" CONTENT="parte" WC="0.66" CC="09330"/>
						<SP ID="P317_SP00275" HPOS="805" VPOS="1455" WIDTH="22"/>
						<String ID="P317_ST00304" HPOS="827" VPOS="1427" WIDTH="94" HEIGHT="18" CONTENT="teneva" WC="0.89" CC="104000"/>
						<SP ID="P317_SP00276" HPOS="921" VPOS="1455" WIDTH="21"/>
						<String ID="P317_ST00305" HPOS="942" VPOS="1418" WIDTH="17" HEIGHT="27" CONTENT="li" WC="0.45" CC="55"/>
						<SP ID="P317_SP00277" HPOS="959" VPOS="1455" WIDTH="21"/>
						<String ID="P317_ST00306" HPOS="980" VPOS="1418" WIDTH="41" HEIGHT="27" CONTENT="soi" WC="0.87" CC="101"/>
						<SP ID="P317_SP00278" HPOS="1021" VPOS="1455" WIDTH="15"/>
						<String ID="P317_ST00307" HPOS="1036" VPOS="1418" WIDTH="62" HEIGHT="26" CONTENT="Am" SUBS_TYPE="HypPart1" SUBS_CONTENT="Ambasatori" WC="0.90" CC="002"/>
						<HYP CONTENT="-"/>
					</TextLine>
					<TextLine ID="P317_TL00029" HPOS="143" VPOS="1466" WIDTH="953" HEIGHT="37">
						<String ID="P317_ST00308" HPOS="143" VPOS="1467" WIDTH="114" HEIGHT="28" CONTENT="basatori" SUBS_TYPE="HypPart2" SUBS_CONTENT="Ambasatori" WC="0.69" CC="09055010"/>
						<SP ID="P317_SP00279" HPOS="257" VPOS="1495" WIDTH="21"/>
						<String ID="P317_ST00309" HPOS="278" VPOS="1468" WIDTH="28" HEIGHT="28" CONTENT="in" WC="0.80" CC="03"/>
						<SP ID="P317_SP00280" HPOS="306" VPOS="1496" WIDTH="20"/>
						<String ID="P317_ST00310" HPOS="326" VPOS="1467" WIDTH="87" HEIGHT="29" CONTENT="fransa" WC="0.90" CC="000500"/>
						<SP ID="P317_SP00281" HPOS="413" VPOS="1496" WIDTH="20"/>
						<String ID="P317_ST00311" HPOS="433" VPOS="1469" WIDTH="28" HEIGHT="26" CONTENT="in" WC="0.38" CC="57"/>
						<SP ID="P317_SP00282" HPOS="461" VPOS="1496" WIDTH="22"/>
						<String ID="P317_ST00312" HPOS="483" VPOS="1468" WIDTH="23" HEIGHT="28" CONTENT="la" WC="0.50" CC="09"/>
						<SP ID="P317_SP00283" HPOS="506" VPOS="1496" WIDTH="21"/>
						<String ID="P317_ST00313" HPOS="527" VPOS="1475" WIDTH="73" HEIGHT="21" CONTENT="corte" WC="0.86" CC="60000"/>
						<SP ID="P317_SP00284" HPOS="600" VPOS="1496" WIDTH="21"/>
						<String ID="P317_ST00314" HPOS="621" VPOS="1467" WIDTH="33" HEIGHT="28" CONTENT="de" WC="1.00" CC="00"/>
						<SP ID="P317_SP00285" HPOS="654" VPOS="1496" WIDTH="21"/>
						<String ID="P317_ST00315" HPOS="675" VPOS="1468" WIDTH="26" HEIGHT="27" CONTENT="lo" WC="0.67" CC="60"/>
						<SP ID="P317_SP00286" HPOS="701" VPOS="1496" WIDTH="23"/>
						<String ID="P317_ST00316" HPOS="724" VPOS="1468" WIDTH="39" HEIGHT="28" CONTENT="Re" WC="0.95" CC="01"/>
						<SP ID="P317_SP00287" HPOS="763" VPOS="1496" WIDTH="22"/>
						<String ID="P317_ST00317" HPOS="785" VPOS="1477" WIDTH="13" HEIGHT="17" CONTENT="e" WC="0.77" CC="2"/>
						<SP ID="P317_SP00288" HPOS="798" VPOS="1496" WIDTH="27"/>
						<String ID="P317_ST00318" HPOS="825" VPOS="1467" WIDTH="23" HEIGHT="28" CONTENT="la" WC="0.94" CC="10"/>
						<SP ID="P317_SP00289" HPOS="848" VPOS="1496" WIDTH="22"/>
						<String ID="P317_ST00319" HPOS="870" VPOS="1477" WIDTH="77" HEIGHT="17" CONTENT="cauza" WC="0.72" CC="49000"/>
						<SP ID="P317_SP00290" HPOS="947" VPOS="1496" WIDTH="16"/>
						<String ID="P317_ST00320" HPOS="963" VPOS="1466" WIDTH="30" HEIGHT="28" CONTENT="de" WC="0.70" CC="05"/>
						<SP ID="P317_SP00291" HPOS="993" VPOS="1496" WIDTH="15"/>
						<String ID="P317_ST00321" HPOS="1008" VPOS="1474" WIDTH="88" HEIGHT="29" CONTENT="questa" WC="0.81" CC="000037"/>
					</TextLine>
					<TextLine ID="P317_TL00030" HPOS="144" VPOS="1515" WIDTH="954" HEIGHT="39">
						<String ID="P317_ST00322" HPOS="144" VPOS="1517" WIDTH="132" HEIGHT="27" CONTENT="discordia" WC="0.90" CC="010700000"/>
						<SP ID="P317_SP00292" HPOS="276" VPOS="1544" WIDTH="27"/>
						<String ID="P317_ST00323" HPOS="303" VPOS="1526" WIDTH="44" HEIGHT="19" CONTENT="era" WC="0.63" CC="019"/>
						<SP ID="P317_SP00293" HPOS="347" VPOS="1545" WIDTH="24"/>
						<String ID="P317_ST00324" HPOS="371" VPOS="1517" WIDTH="48" HEIGHT="28" CONTENT="che" WC="0.90" CC="020"/>
						<SP ID="P317_SP00294" HPOS="419" VPOS="1545" WIDTH="24"/>
						<String ID="P317_ST00325" HPOS="443" VPOS="1518" WIDTH="17" HEIGHT="27" CONTENT="li" WC="0.33" CC="76"/>
						<SP ID="P317_SP00295" HPOS="460" VPOS="1545" WIDTH="23"/>
						<String ID="P317_ST00326" HPOS="483" VPOS="1518" WIDTH="101" HEIGHT="36" CONTENT="signori" WC="0.81" CC="0082002"/>
						<SP ID="P317_SP00296" HPOS="584" VPOS="1554" WIDTH="27"/>
						<String ID="P317_ST00327" HPOS="611" VPOS="1518" WIDTH="111" HEIGHT="36" CONTENT="genoezi" WC="0.65" CC="9030065"/>
						<SP ID="P317_SP00297" HPOS="722" VPOS="1554" WIDTH="26"/>
						<String ID="P317_ST00328" HPOS="748" VPOS="1517" WIDTH="133" HEIGHT="27" CONTENT="volevano" WC="0.86" CC="00600040"/>
						<SP ID="P317_SP00298" HPOS="881" VPOS="1554" WIDTH="28"/>
						<String ID="P317_ST00329" HPOS="909" VPOS="1516" WIDTH="47" HEIGHT="27" CONTENT="che" WC="0.71" CC="700"/>
						<SP ID="P317_SP00299" HPOS="956" VPOS="1554" WIDTH="24"/>
						<String ID="P317_ST00330" HPOS="980" VPOS="1515" WIDTH="24" HEIGHT="28" CONTENT="le" WC="1.00" CC="00"/>
						<SP ID="P317_SP00300" HPOS="1004" VPOS="1554" WIDTH="26"/>
						<String ID="P317_ST00331" HPOS="1030" VPOS="1524" WIDTH="68" HEIGHT="18" CONTENT="mer" SUBS_TYPE="HypPart1" SUBS_CONTENT="mercancie" WC="0.81" CC="5020"/>
						<HYP CONTENT="-"/>
					</TextLine>
					<TextLine ID="P317_TL00031" HPOS="143" VPOS="1564" WIDTH="955" HEIGHT="39">
						<String ID="P317_ST00332" HPOS="143" VPOS="1567" WIDTH="90" HEIGHT="27" CONTENT="cancie" SUBS_TYPE="HypPart2" SUBS_CONTENT="mercancie" WC="0.65" CC="362620"/>
						<SP ID="P317_SP00301" HPOS="233" VPOS="1594" WIDTH="22"/>
						<String ID="P317_ST00333" HPOS="255" VPOS="1566" WIDTH="32" HEIGHT="28" CONTENT="de" WC="1.00" CC="00"/>
						<SP ID="P317_SP00302" HPOS="287" VPOS="1594" WIDTH="21"/>
						<String ID="P317_ST00334" HPOS="308" VPOS="1567" WIDTH="107" HEIGHT="27" CONTENT="saonezi" WC="0.59" CC="0945250"/>
						<SP ID="P317_SP00303" HPOS="415" VPOS="1594" WIDTH="20"/>
						<String ID="P317_ST00335" HPOS="435" VPOS="1567" WIDTH="128" HEIGHT="36" CONTENT="pagasino" WC="0.79" CC="07000080"/>
						<SP ID="P317_SP00304" HPOS="563" VPOS="1603" WIDTH="23"/>
						<String ID="P317_ST00336" HPOS="586" VPOS="1576" WIDTH="51" HEIGHT="18" CONTENT="una" WC="0.80" CC="410"/>
						<SP ID="P317_SP00305" HPOS="637" VPOS="1603" WIDTH="22"/>
						<String ID="P317_ST00337" HPOS="659" VPOS="1574" WIDTH="68" HEIGHT="19" CONTENT="serta" WC="1.00" CC="00000"/>
						<SP ID="P317_SP00306" HPOS="727" VPOS="1603" WIDTH="21"/>
						<String ID="P317_ST00338" HPOS="748" VPOS="1566" WIDTH="109" HEIGHT="28" CONTENT="Gabella" WC="0.65" CC="0750208"/>
						<SP ID="P317_SP00307" HPOS="857" VPOS="1603" WIDTH="29"/>
						<String ID="P317_ST00339" HPOS="886" VPOS="1564" WIDTH="162" HEIGHT="29" CONTENT="domandata" WC="0.63" CC="030700768"/>
						<SP ID="P317_SP00308" HPOS="1048" VPOS="1603" WIDTH="28"/>
						<String ID="P317_ST00340" HPOS="1076" VPOS="1564" WIDTH="22" HEIGHT="26" CONTENT="la" WC="0.30" CC="67"/>
					</TextLine>
					<TextLine ID="P317_TL00032" HPOS="141" VPOS="1615" WIDTH="956" HEIGHT="38">
						<String ID="P317_ST00341" HPOS="141" VPOS="1616" WIDTH="55" HEIGHT="36" CONTENT="ripa" WC="0.69" CC="2270"/>
						<SP ID="P317_SP00309" HPOS="196" VPOS="1652" WIDTH="20"/>
						<String ID="P317_ST00342" HPOS="216" VPOS="1615" WIDTH="76" HEIGHT="37" CONTENT="quale" WC="0.59" CC="80551"/>
						<SP ID="P317_SP00310" HPOS="292" VPOS="1652" WIDTH="20"/>
						<String ID="P317_ST00343" HPOS="312" VPOS="1625" WIDTH="102" HEIGHT="28" CONTENT="pagava" WC="1.00" CC="000000"/>
						<SP ID="P317_SP00311" HPOS="414" VPOS="1653" WIDTH="21"/>
						<String ID="P317_ST00344" HPOS="435" VPOS="1616" WIDTH="45" HEIGHT="28" CONTENT="doi" WC="0.78" CC="060"/>
						<SP ID="P317_SP00312" HPOS="480" VPOS="1653" WIDTH="21"/>
						<String ID="P317_ST00345" HPOS="501" VPOS="1626" WIDTH="14" HEIGHT="17" CONTENT="e" WC="0.51" CC="4"/>
						<SP ID="P317_SP00313" HPOS="515" VPOS="1653" WIDTH="23"/>
						<String ID="P317_ST00346" HPOS="538" VPOS="1625" WIDTH="77" HEIGHT="19" CONTENT="mezo" WC="0.83" CC="0032"/>
						<SP ID="P317_SP00314" HPOS="615" VPOS="1653" WIDTH="20"/>
						<String ID="P317_ST00347" HPOS="635" VPOS="1625" WIDTH="47" HEIGHT="27" CONTENT="per" WC="0.50" CC="905"/>
						<SP ID="P317_SP00315" HPOS="682" VPOS="1653" WIDTH="21"/>
						<String ID="P317_ST00348" HPOS="703" VPOS="1623" WIDTH="140" HEIGHT="20" CONTENT="sentanaro" WC="0.66" CC="008408403"/>
						<SP ID="P317_SP00316" HPOS="843" VPOS="1653" WIDTH="19"/>
						<String ID="P317_ST00349" HPOS="862" VPOS="1626" WIDTH="13" HEIGHT="16" CONTENT="e" WC="0.25" CC="7"/>
						<SP ID="P317_SP00317" HPOS="875" VPOS="1653" WIDTH="16"/>
						<String ID="P317_ST00350" HPOS="891" VPOS="1615" WIDTH="17" HEIGHT="26" CONTENT="li" WC="0.66" CC="06"/>
						<SP ID="P317_SP00318" HPOS="908" VPOS="1653" WIDTH="15"/>
						<String ID="P317_ST00351" HPOS="923" VPOS="1615" WIDTH="106" HEIGHT="26" CONTENT="saonezi" WC="0.69" CC="0007355"/>
						<SP ID="P317_SP00319" HPOS="1029" VPOS="1653" WIDTH="14"/>
						<String ID="P317_ST00352" HPOS="1043" VPOS="1623" WIDTH="54" HEIGHT="18" CONTENT="non" WC="0.70" CC="620"/>
					</TextLine>
					<TextLine ID="P317_TL00033" HPOS="142" VPOS="1663" WIDTH="956" HEIGHT="38">
						<String ID="P317_ST00353" HPOS="142" VPOS="1664" WIDTH="136" HEIGHT="28" CONTENT="volevano" WC="0.65" CC="60006940"/>
						<SP ID="P317_SP00320" HPOS="278" VPOS="1692" WIDTH="20"/>
						<String ID="P317_ST00354" HPOS="298" VPOS="1674" WIDTH="96" HEIGHT="27" CONTENT="pagare" WC="0.85" CC="006002"/>
						<SP ID="P317_SP00321" HPOS="394" VPOS="1701" WIDTH="21"/>
						<String ID="P317_ST00355" HPOS="415" VPOS="1665" WIDTH="112" HEIGHT="28" CONTENT="disendo" WC="0.61" CC="8508400"/>
						<SP ID="P317_SP00322" HPOS="527" VPOS="1701" WIDTH="22"/>
						<String ID="P317_ST00356" HPOS="549" VPOS="1665" WIDTH="49" HEIGHT="27" CONTENT="che" WC="0.67" CC="720"/>
						<SP ID="P317_SP00323" HPOS="598" VPOS="1701" WIDTH="21"/>
						<String ID="P317_ST00357" HPOS="619" VPOS="1674" WIDTH="46" HEIGHT="27" CONTENT="per" WC="0.80" CC="005"/>
						<SP ID="P317_SP00324" HPOS="665" VPOS="1701" WIDTH="20"/>
						<String ID="P317_ST00358" HPOS="685" VPOS="1665" WIDTH="25" HEIGHT="27" CONTENT="la" WC="0.28" CC="58"/>
						<SP ID="P317_SP00325" HPOS="710" VPOS="1701" WIDTH="21"/>
						<String ID="P317_ST00359" HPOS="731" VPOS="1665" WIDTH="182" HEIGHT="27" CONTENT="convencione" WC="0.70" CC="10000755183"/>
						<SP ID="P317_SP00326" HPOS="913" VPOS="1701" WIDTH="21"/>
						<String ID="P317_ST00360" HPOS="934" VPOS="1663" WIDTH="48" HEIGHT="27" CONTENT="che" WC="0.46" CC="636"/>
						<SP ID="P317_SP00327" HPOS="982" VPOS="1701" WIDTH="21"/>
						<String ID="P317_ST00361" HPOS="1003" VPOS="1663" WIDTH="95" HEIGHT="27" CONTENT="aviano" WC="0.69" CC="005706"/>
					</TextLine>
					<TextLine ID="P317_TL00034" HPOS="140" VPOS="1712" WIDTH="952" HEIGHT="38">
						<String ID="P317_ST00362" HPOS="140" VPOS="1714" WIDTH="28" HEIGHT="28" CONTENT="in" WC="0.46" CC="64"/>
						<SP ID="P317_SP00328" HPOS="168" VPOS="1742" WIDTH="20"/>
						<String ID="P317_ST00363" HPOS="188" VPOS="1715" WIDTH="85" HEIGHT="27" CONTENT="sieme" WC="0.89" CC="00050"/>
						<SP ID="P317_SP00329" HPOS="273" VPOS="1742" WIDTH="20"/>
						<String ID="P317_ST00364" HPOS="293" VPOS="1721" WIDTH="40" HEIGHT="21" CONTENT="tra" WC="0.55" CC="309"/>
						<SP ID="P317_SP00330" HPOS="333" VPOS="1742" WIDTH="19"/>
						<String ID="P317_ST00365" HPOS="352" VPOS="1713" WIDTH="19" HEIGHT="28" CONTENT="li" WC="0.73" CC="50"/>
						<SP ID="P317_SP00331" HPOS="371" VPOS="1742" WIDTH="20"/>
						<String ID="P317_ST00366" HPOS="391" VPOS="1714" WIDTH="102" HEIGHT="36" CONTENT="signori" WC="0.86" CC="0400310"/>
						<SP ID="P317_SP00332" HPOS="493" VPOS="1750" WIDTH="20"/>
						<String ID="P317_ST00367" HPOS="513" VPOS="1714" WIDTH="120" HEIGHT="29" CONTENT="Genoezi" WC="0.83" CC="0051400"/>
						<SP ID="P317_SP00333" HPOS="633" VPOS="1750" WIDTH="27"/>
						<String ID="P317_ST00368" HPOS="660" VPOS="1723" WIDTH="14" HEIGHT="18" CONTENT="e" WC="0.92" CC="0"/>
						<SP ID="P317_SP00334" HPOS="674" VPOS="1750" WIDTH="26"/>
						<String ID="P317_ST00369" HPOS="700" VPOS="1714" WIDTH="107" HEIGHT="29" CONTENT="saonezi" WC="0.69" CC="0407620"/>
						<SP ID="P317_SP00335" HPOS="807" VPOS="1750" WIDTH="26"/>
						<String ID="P317_ST00370" HPOS="833" VPOS="1712" WIDTH="48" HEIGHT="29" CONTENT="che" WC="0.85" CC="400"/>
						<SP ID="P317_SP00336" HPOS="881" VPOS="1750" WIDTH="25"/>
						<String ID="P317_ST00371" HPOS="906" VPOS="1712" WIDTH="107" HEIGHT="29" CONTENT="saonezi" WC="0.85" CC="0022202"/>
						<SP ID="P317_SP00337" HPOS="1013" VPOS="1750" WIDTH="24"/>
						<String ID="P317_ST00372" HPOS="1037" VPOS="1721" WIDTH="55" HEIGHT="19" CONTENT="non" WC="0.46" CC="807"/>
					</TextLine>
				</TextBlock>
			</PrintSpace>
		</Page>
	</Layout>
</alto>
