<?xml version="1.0" encoding="UTF-8"?>
<alto xmlns:xsi="http://www.w3.org/2001/XMLSchema-instance" xsi:noNamespaceSchemaLocation="http://www.bl.uk/schemas/alto/alto-1-4.xsd" xmlns:xlink="http://www.w3.org/1999/xlink">
	<Description>
		<MeasurementUnit>mm10</MeasurementUnit>
		<sourceImageInformation>
			<fileName>//head1/IN/2008-29/A0011808733/000372.jp2</fileName>
		</sourceImageInformation>
		<OCRProcessing ID="OCRPROCESSING_1">
			<preProcessingStep>
				<processingSoftware>
					<softwareCreator>CCS Content Conversion Specialists GmbH, Germany</softwareCreator>
					<softwareName>CCS docWORKS</softwareName>
					<softwareVersion>6.1-0.67</softwareVersion>
				</processingSoftware>
			</preProcessingStep>
			<ocrProcessingStep>
				<processingSoftware>
					<softwareCreator>ABBYY (BIT Software), Russia</softwareCreator>
					<softwareName>Finereader</softwareName>
				</processingSoftware>
			</ocrProcessingStep>
		</OCRProcessing>
	</Description>
	<Styles>
		<TextStyle ID="TXT_0" FONTSIZE="11" FONTFAMILY="Courier New"/>
		<TextStyle ID="TXT_1" FONTSIZE="9" FONTFAMILY="Courier New"/>
		<ParagraphStyle ID="PAR_LEFT" ALIGN="Left"/>
	</Styles>
	<Layout>
		<Page ID="P118" PHYSICAL_IMG_NR="118" HEIGHT="2078" WIDTH="1373" PRINTED_IMG_NR="104" POSITION="Left" ACCURACY="72.21">
			<TopMargin ID="P118_TM00001" HPOS="0" VPOS="0" WIDTH="1373" HEIGHT="54">
				<TextBlock ID="P118_TB00001" HPOS="280" VPOS="19" WIDTH="51" HEIGHT="33" STYLEREFS="TXT_0 PAR_LEFT">
					<TextLine ID="P118_TL00001" HPOS="280" VPOS="19" WIDTH="51" HEIGHT="33">
						<String ID="P118_ST00001" HPOS="280" VPOS="19" WIDTH="51" HEIGHT="33" CONTENT="104" WC="1.00" CC="000"/>
					</TextLine>
				</TextBlock>
			</TopMargin>
			<LeftMargin ID="P118_LM00001" HPOS="0" VPOS="54" WIDTH="275" HEIGHT="1640"/>
			<RightMargin ID="P118_RM00001" HPOS="1230" VPOS="54" WIDTH="143" HEIGHT="1640"/>
			<BottomMargin ID="P118_BM00001" HPOS="0" VPOS="1694" WIDTH="1373" HEIGHT="383"/>
			<PrintSpace ID="P118_PS00001" HPOS="275" VPOS="54" WIDTH="955" HEIGHT="1640">
				<TextBlock ID="P118_TB00002" HPOS="276" VPOS="57" WIDTH="954" HEIGHT="832" STYLEREFS="TXT_1 PAR_LEFT">
					<TextLine ID="P118_TL00002" HPOS="276" VPOS="65" WIDTH="954" HEIGHT="44">
						<String ID="P118_ST00002" HPOS="276" VPOS="86" WIDTH="98" HEIGHT="18" CONTENT="veseno" WC="0.67" CC="900026"/>
						<SP ID="P118_SP00001" HPOS="374" VPOS="104" WIDTH="22"/>
						<String ID="P118_ST00003" HPOS="396" VPOS="76" WIDTH="86" HEIGHT="28" CONTENT="levare" WC="0.68" CC="006047"/>
						<SP ID="P118_SP00002" HPOS="482" VPOS="104" WIDTH="23"/>
						<String ID="P118_ST00004" HPOS="505" VPOS="75" WIDTH="30" HEIGHT="27" CONTENT="da" WC="0.23" CC="59"/>
						<SP ID="P118_SP00003" HPOS="535" VPOS="104" WIDTH="21"/>
						<String ID="P118_ST00005" HPOS="556" VPOS="75" WIDTH="82" HEIGHT="27" CONTENT="lataro" WC="0.60" CC="304725"/>
						<SP ID="P118_SP00004" HPOS="638" VPOS="104" WIDTH="22"/>
						<String ID="P118_ST00006" HPOS="660" VPOS="73" WIDTH="95" HEIGHT="36" CONTENT="perche" WC="0.49" CC="087770"/>
						<SP ID="P118_SP00005" HPOS="755" VPOS="109" WIDTH="22"/>
						<String ID="P118_ST00007" HPOS="777" VPOS="66" WIDTH="66" HEIGHT="32" CONTENT="infra" WC="0.84" CC="61000"/>
						<SP ID="P118_SP00006" HPOS="843" VPOS="109" WIDTH="19"/>
						<String ID="P118_ST00008" HPOS="862" VPOS="65" WIDTH="52" HEIGHT="33" CONTENT="due" WC="0.46" CC="960"/>
						<SP ID="P118_SP00007" HPOS="914" VPOS="109" WIDTH="21"/>
						<String ID="P118_ST00009" HPOS="935" VPOS="78" WIDTH="16" HEIGHT="20" CONTENT="o" WC="0.44" CC="5"/>
						<SP ID="P118_SP00008" HPOS="951" VPOS="109" WIDTH="21"/>
						<String ID="P118_ST00010" HPOS="972" VPOS="76" WIDTH="38" HEIGHT="21" CONTENT="tre" WC="0.82" CC="140"/>
						<SP ID="P118_SP00009" HPOS="1010" VPOS="109" WIDTH="22"/>
						<String ID="P118_ST00011" HPOS="1032" VPOS="76" WIDTH="45" HEIGHT="19" CONTENT="ore" WC="0.31" CC="990"/>
						<SP ID="P118_SP00010" HPOS="1077" VPOS="109" WIDTH="22"/>
						<String ID="P118_ST00012" HPOS="1099" VPOS="76" WIDTH="33" HEIGHT="28" CONTENT="gè" WC="0.72" CC="50"/>
						<SP ID="P118_SP00011" HPOS="1132" VPOS="109" WIDTH="30"/>
						<String ID="P118_ST00013" HPOS="1162" VPOS="76" WIDTH="68" HEIGHT="18" CONTENT="sena" WC="0.58" CC="0079"/>
					</TextLine>
					<TextLine ID="P118_TL00003" HPOS="278" VPOS="115" WIDTH="952" HEIGHT="47">
						<String ID="P118_ST00014" HPOS="278" VPOS="134" WIDTH="71" HEIGHT="28" CONTENT="3000" WC="0.85" CC="4010"/>
						<SP ID="P118_SP00012" HPOS="349" VPOS="162" WIDTH="21"/>
						<String ID="P118_ST00015" HPOS="370" VPOS="124" WIDTH="63" HEIGHT="28" CONTENT="fanti" WC="0.76" CC="07022"/>
						<SP ID="P118_SP00013" HPOS="433" VPOS="162" WIDTH="20"/>
						<String ID="P118_ST00016" HPOS="453" VPOS="123" WIDTH="31" HEIGHT="28" CONTENT="de" WC="1.00" CC="00"/>
						<SP ID="P118_SP00014" HPOS="484" VPOS="162" WIDTH="22"/>
						<String ID="P118_ST00017" HPOS="506" VPOS="123" WIDTH="111" HEIGHT="36" CONTENT="genoezi" WC="0.56" CC="8182071"/>
						<SP ID="P118_SP00015" HPOS="617" VPOS="162" WIDTH="19"/>
						<String ID="P118_ST00018" HPOS="636" VPOS="132" WIDTH="14" HEIGHT="16" CONTENT="e" WC="1.00" CC="0"/>
						<SP ID="P118_SP00016" HPOS="650" VPOS="162" WIDTH="21"/>
						<String ID="P118_ST00019" HPOS="671" VPOS="120" WIDTH="105" HEIGHT="38" CONTENT="quando" WC="0.54" CC="080882"/>
						<SP ID="P118_SP00017" HPOS="776" VPOS="162" WIDTH="21"/>
						<String ID="P118_ST00020" HPOS="797" VPOS="120" WIDTH="136" HEIGHT="27" CONTENT="Ieronimo" WC="0.58" CC="63706360"/>
						<SP ID="P118_SP00018" HPOS="933" VPOS="162" WIDTH="29"/>
						<String ID="P118_ST00021" HPOS="962" VPOS="117" WIDTH="102" HEIGHT="37" CONTENT="Pegolo" WC="0.80" CC="005060"/>
						<SP ID="P118_SP00019" HPOS="1064" VPOS="162" WIDTH="27"/>
						<String ID="P118_ST00022" HPOS="1091" VPOS="125" WIDTH="85" HEIGHT="28" CONTENT="yonse" WC="1.00" CC="00000"/>
						<SP ID="P118_SP00020" HPOS="1176" VPOS="162" WIDTH="27"/>
						<String ID="P118_ST00023" HPOS="1203" VPOS="115" WIDTH="27" HEIGHT="27" CONTENT="in" WC="0.90" CC="01"/>
					</TextLine>
					<TextLine ID="P118_TL00004" HPOS="276" VPOS="164" WIDTH="954" HEIGHT="37">
						<String ID="P118_ST00024" HPOS="276" VPOS="175" WIDTH="83" HEIGHT="26" CONTENT="lataro" WC="0.67" CC="607022"/>
						<SP ID="P118_SP00021" HPOS="359" VPOS="201" WIDTH="22"/>
						<String ID="P118_ST00025" HPOS="381" VPOS="183" WIDTH="43" HEIGHT="17" CONTENT="era" WC="0.49" CC="059"/>
						<SP ID="P118_SP00022" HPOS="424" VPOS="201" WIDTH="19"/>
						<String ID="P118_ST00026" HPOS="443" VPOS="181" WIDTH="52" HEIGHT="18" CONTENT="una" WC="0.66" CC="450"/>
						<SP ID="P118_SP00023" HPOS="495" VPOS="201" WIDTH="21"/>
						<String ID="P118_ST00027" HPOS="516" VPOS="181" WIDTH="45" HEIGHT="17" CONTENT="ora" WC="0.42" CC="079"/>
						<SP ID="P118_SP00024" HPOS="561" VPOS="201" WIDTH="22"/>
						<String ID="P118_ST00028" HPOS="583" VPOS="181" WIDTH="13" HEIGHT="17" CONTENT="e" WC="1.00" CC="0"/>
						<SP ID="P118_SP00025" HPOS="596" VPOS="201" WIDTH="22"/>
						<String ID="P118_ST00029" HPOS="618" VPOS="179" WIDTH="73" HEIGHT="19" CONTENT="meza" WC="0.73" CC="4006"/>
						<SP ID="P118_SP00026" HPOS="691" VPOS="201" WIDTH="21"/>
						<String ID="P118_ST00030" HPOS="712" VPOS="169" WIDTH="32" HEIGHT="27" CONTENT="de" WC="1.00" CC="00"/>
						<SP ID="P118_SP00027" HPOS="744" VPOS="201" WIDTH="20"/>
						<String ID="P118_ST00031" HPOS="764" VPOS="176" WIDTH="63" HEIGHT="20" CONTENT="note" WC="1.00" CC="0000"/>
						<SP ID="P118_SP00028" HPOS="827" VPOS="201" WIDTH="22"/>
						<String ID="P118_ST00032" HPOS="849" VPOS="178" WIDTH="12" HEIGHT="17" CONTENT="e" WC="0.92" CC="0"/>
						<SP ID="P118_SP00029" HPOS="861" VPOS="201" WIDTH="22"/>
						<String ID="P118_ST00033" HPOS="883" VPOS="168" WIDTH="88" HEIGHT="27" CONTENT="subito" WC="0.58" CC="063347"/>
						<SP ID="P118_SP00030" HPOS="971" VPOS="201" WIDTH="22"/>
						<String ID="P118_ST00034" HPOS="993" VPOS="175" WIDTH="80" HEIGHT="19" CONTENT="como" WC="0.82" CC="3101"/>
						<SP ID="P118_SP00031" HPOS="1073" VPOS="201" WIDTH="20"/>
						<String ID="P118_ST00035" HPOS="1093" VPOS="165" WIDTH="19" HEIGHT="27" CONTENT="li" WC="0.48" CC="73"/>
						<SP ID="P118_SP00032" HPOS="1112" VPOS="201" WIDTH="12"/>
						<String ID="P118_ST00036" HPOS="1124" VPOS="164" WIDTH="106" HEIGHT="28" CONTENT="saonezi" WC="0.68" CC="0900066"/>
					</TextLine>
					<TextLine ID="P118_TL00005" HPOS="276" VPOS="213" WIDTH="953" HEIGHT="45">
						<String ID="P118_ST00037" HPOS="276" VPOS="222" WIDTH="80" HEIGHT="27" CONTENT="ebero" WC="0.93" CC="00030"/>
						<SP ID="P118_SP00033" HPOS="356" VPOS="249" WIDTH="21"/>
						<String ID="P118_ST00038" HPOS="377" VPOS="228" WIDTH="90" HEIGHT="30" CONTENT="questa" WC="0.48" CC="075439"/>
						<SP ID="P118_SP00034" HPOS="467" VPOS="258" WIDTH="21"/>
						<String ID="P118_ST00039" HPOS="488" VPOS="229" WIDTH="78" HEIGHT="18" CONTENT="nova-" WC="0.59" CC="60084"/>
						<SP ID="P118_SP00035" HPOS="566" VPOS="258" WIDTH="13"/>
						<String ID="P118_ST00040" HPOS="579" VPOS="229" WIDTH="96" HEIGHT="18" CONTENT="ancora" WC="0.41" CC="766078"/>
						<SP ID="P118_SP00036" HPOS="675" VPOS="258" WIDTH="21"/>
						<String ID="P118_ST00041" HPOS="696" VPOS="218" WIDTH="43" HEIGHT="27" CONTENT="chi" WC="0.42" CC="457"/>
						<SP ID="P118_SP00037" HPOS="739" VPOS="258" WIDTH="21"/>
						<String ID="P118_ST00042" HPOS="760" VPOS="217" WIDTH="56" HEIGHT="27" CONTENT="fuse" WC="0.72" CC="5221"/>
						<SP ID="P118_SP00038" HPOS="816" VPOS="258" WIDTH="21"/>
						<String ID="P118_ST00043" HPOS="837" VPOS="216" WIDTH="31" HEIGHT="28" CONTENT="de" WC="0.72" CC="05"/>
						<SP ID="P118_SP00039" HPOS="868" VPOS="258" WIDTH="21"/>
						<String ID="P118_ST00044" HPOS="889" VPOS="224" WIDTH="62" HEIGHT="19" CONTENT="note" WC="1.00" CC="0000"/>
						<SP ID="P118_SP00040" HPOS="951" VPOS="258" WIDTH="21"/>
						<String ID="P118_ST00045" HPOS="972" VPOS="216" WIDTH="50" HEIGHT="26" CONTENT="tuti" WC="0.69" CC="0057"/>
						<SP ID="P118_SP00041" HPOS="1022" VPOS="258" WIDTH="27"/>
						<String ID="P118_ST00046" HPOS="1049" VPOS="216" WIDTH="46" HEIGHT="26" CONTENT="noi" WC="0.62" CC="703"/>
						<SP ID="P118_SP00042" HPOS="1095" VPOS="258" WIDTH="27"/>
						<String ID="P118_ST00047" HPOS="1122" VPOS="213" WIDTH="107" HEIGHT="28" CONTENT="saonezi" WC="0.96" CC="0000002"/>
					</TextLine>
					<TextLine ID="P118_TL00006" HPOS="276" VPOS="262" WIDTH="954" HEIGHT="35">
						<String ID="P118_ST00048" HPOS="276" VPOS="271" WIDTH="89" HEIGHT="26" CONTENT="usimo" WC="0.50" CC="14594"/>
						<SP ID="P118_SP00043" HPOS="365" VPOS="297" WIDTH="21"/>
						<String ID="P118_ST00049" HPOS="386" VPOS="269" WIDTH="33" HEIGHT="28" CONTENT="de" WC="1.00" CC="00"/>
						<SP ID="P118_SP00044" HPOS="419" VPOS="297" WIDTH="21"/>
						<String ID="P118_ST00050" HPOS="440" VPOS="269" WIDTH="82" HEIGHT="27" CONTENT="lataro" WC="0.43" CC="060898"/>
						<SP ID="P118_SP00045" HPOS="522" VPOS="297" WIDTH="21"/>
						<String ID="P118_ST00051" HPOS="543" VPOS="278" WIDTH="13" HEIGHT="16" CONTENT="e" WC="1.00" CC="0"/>
						<SP ID="P118_SP00046" HPOS="556" VPOS="297" WIDTH="22"/>
						<String ID="P118_ST00052" HPOS="578" VPOS="267" WIDTH="42" HEIGHT="27" CONTENT="chi" WC="0.41" CC="664"/>
						<SP ID="P118_SP00047" HPOS="620" VPOS="297" WIDTH="21"/>
						<String ID="P118_ST00053" HPOS="641" VPOS="266" WIDTH="70" HEIGHT="28" CONTENT="andò" WC="0.56" CC="9700"/>
						<SP ID="P118_SP00048" HPOS="711" VPOS="297" WIDTH="22"/>
						<String ID="P118_ST00054" HPOS="733" VPOS="267" WIDTH="25" HEIGHT="25" CONTENT="in" WC="0.31" CC="58"/>
						<SP ID="P118_SP00049" HPOS="758" VPOS="297" WIDTH="21"/>
						<String ID="P118_ST00055" HPOS="779" VPOS="275" WIDTH="54" HEIGHT="18" CONTENT="uno" WC="0.67" CC="063"/>
						<SP ID="P118_SP00050" HPOS="833" VPOS="297" WIDTH="21"/>
						<String ID="P118_ST00056" HPOS="854" VPOS="266" WIDTH="61" HEIGHT="26" CONTENT="loco" WC="0.93" CC="0101"/>
						<SP ID="P118_SP00051" HPOS="915" VPOS="297" WIDTH="21"/>
						<String ID="P118_ST00057" HPOS="936" VPOS="275" WIDTH="13" HEIGHT="16" CONTENT="e" WC="1.00" CC="0"/>
						<SP ID="P118_SP00052" HPOS="949" VPOS="297" WIDTH="21"/>
						<String ID="P118_ST00058" HPOS="970" VPOS="264" WIDTH="59" HEIGHT="27" CONTENT="altri" WC="0.60" CC="90305"/>
						<SP ID="P118_SP00053" HPOS="1029" VPOS="297" WIDTH="14"/>
						<String ID="P118_ST00059" HPOS="1043" VPOS="264" WIDTH="28" HEIGHT="27" CONTENT="in" WC="0.59" CC="16"/>
						<SP ID="P118_SP00054" HPOS="1071" VPOS="297" WIDTH="14"/>
						<String ID="P118_ST00060" HPOS="1085" VPOS="263" WIDTH="58" HEIGHT="27" CONTENT="altri" WC="0.61" CC="06406"/>
						<SP ID="P118_SP00055" HPOS="1143" VPOS="297" WIDTH="16"/>
						<String ID="P118_ST00061" HPOS="1159" VPOS="262" WIDTH="71" HEIGHT="27" CONTENT="lochi" WC="0.72" CC="60043"/>
					</TextLine>
					<TextLine ID="P118_TL00007" HPOS="277" VPOS="311" WIDTH="953" HEIGHT="45">
						<String ID="P118_ST00062" HPOS="277" VPOS="330" WIDTH="14" HEIGHT="16" CONTENT="e" WC="1.00" CC="0"/>
						<SP ID="P118_SP00056" HPOS="291" VPOS="346" WIDTH="21"/>
						<String ID="P118_ST00063" HPOS="312" VPOS="318" WIDTH="69" HEIGHT="38" CONTENT="queli" WC="0.53" CC="77026"/>
						<SP ID="P118_SP00057" HPOS="381" VPOS="356" WIDTH="22"/>
						<String ID="P118_ST00064" HPOS="403" VPOS="318" WIDTH="27" HEIGHT="27" CONTENT="di" WC="0.99" CC="00"/>
						<SP ID="P118_SP00058" HPOS="430" VPOS="356" WIDTH="20"/>
						<String ID="P118_ST00065" HPOS="450" VPOS="317" WIDTH="82" HEIGHT="27" CONTENT="lataro" WC="0.59" CC="400927"/>
						<SP ID="P118_SP00059" HPOS="532" VPOS="356" WIDTH="21"/>
						<String ID="P118_ST00066" HPOS="553" VPOS="316" WIDTH="88" HEIGHT="27" CONTENT="subito" WC="0.70" CC="514150"/>
						<SP ID="P118_SP00060" HPOS="641" VPOS="356" WIDTH="21"/>
						<String ID="P118_ST00067" HPOS="662" VPOS="323" WIDTH="116" HEIGHT="29" CONTENT="portono" WC="0.79" CC="0200271"/>
						<SP ID="P118_SP00061" HPOS="778" VPOS="356" WIDTH="22"/>
						<String ID="P118_ST00068" HPOS="800" VPOS="314" WIDTH="22" HEIGHT="27" CONTENT="le" WC="0.92" CC="01"/>
						<SP ID="P118_SP00062" HPOS="822" VPOS="356" WIDTH="23"/>
						<String ID="P118_ST00069" HPOS="845" VPOS="324" WIDTH="45" HEIGHT="17" CONTENT="sue" WC="0.72" CC="340"/>
						<SP ID="P118_SP00063" HPOS="890" VPOS="356" WIDTH="21"/>
						<String ID="P118_ST00070" HPOS="911" VPOS="313" WIDTH="65" HEIGHT="28" CONTENT="robe" WC="0.81" CC="0240"/>
						<SP ID="P118_SP00064" HPOS="976" VPOS="356" WIDTH="22"/>
						<String ID="P118_ST00071" HPOS="998" VPOS="314" WIDTH="26" HEIGHT="26" CONTENT="in" WC="0.68" CC="42"/>
						<SP ID="P118_SP00065" HPOS="1024" VPOS="356" WIDTH="21"/>
						<String ID="P118_ST00072" HPOS="1045" VPOS="311" WIDTH="99" HEIGHT="28" CONTENT="castelo" WC="0.79" CC="5026000"/>
						<SP ID="P118_SP00066" HPOS="1144" VPOS="356" WIDTH="21"/>
						<String ID="P118_ST00073" HPOS="1165" VPOS="321" WIDTH="14" HEIGHT="17" CONTENT="e" WC="1.00" CC="0"/>
						<SP ID="P118_SP00067" HPOS="1179" VPOS="356" WIDTH="24"/>
						<String ID="P118_ST00074" HPOS="1203" VPOS="312" WIDTH="27" HEIGHT="26" CONTENT="in" WC="0.94" CC="10"/>
					</TextLine>
					<TextLine ID="P118_TL00008" HPOS="276" VPOS="360" WIDTH="953" HEIGHT="42">
						<String ID="P118_ST00075" HPOS="276" VPOS="377" WIDTH="54" HEIGHT="17" CONTENT="uno" WC="0.73" CC="610"/>
						<SP ID="P118_SP00068" HPOS="330" VPOS="394" WIDTH="21"/>
						<String ID="P118_ST00076" HPOS="351" VPOS="367" WIDTH="113" HEIGHT="27" CONTENT="instante" WC="0.72" CC="27050600"/>
						<SP ID="P118_SP00069" HPOS="464" VPOS="394" WIDTH="20"/>
						<String ID="P118_ST00077" HPOS="484" VPOS="374" WIDTH="84" HEIGHT="28" CONTENT="yonse" WC="1.00" CC="00000"/>
						<SP ID="P118_SP00070" HPOS="568" VPOS="402" WIDTH="28"/>
						<String ID="P118_ST00078" HPOS="596" VPOS="365" WIDTH="22" HEIGHT="27" CONTENT="le" WC="0.42" CC="56"/>
						<SP ID="P118_SP00071" HPOS="618" VPOS="402" WIDTH="28"/>
						<String ID="P118_ST00079" HPOS="646" VPOS="363" WIDTH="110" HEIGHT="28" CONTENT="fantarie" WC="0.83" CC="00200540"/>
						<SP ID="P118_SP00072" HPOS="756" VPOS="402" WIDTH="27"/>
						<String ID="P118_ST00080" HPOS="783" VPOS="373" WIDTH="117" HEIGHT="27" CONTENT="genoeze" WC="0.92" CC="0002020"/>
						<SP ID="P118_SP00073" HPOS="900" VPOS="402" WIDTH="27"/>
						<String ID="P118_ST00081" HPOS="927" VPOS="363" WIDTH="25" HEIGHT="26" CONTENT="in" WC="0.46" CC="37"/>
						<SP ID="P118_SP00074" HPOS="952" VPOS="402" WIDTH="23"/>
						<String ID="P118_ST00082" HPOS="975" VPOS="362" WIDTH="83" HEIGHT="27" CONTENT="lataro" WC="0.80" CC="380000"/>
						<SP ID="P118_SP00075" HPOS="1058" VPOS="402" WIDTH="21"/>
						<String ID="P118_ST00083" HPOS="1079" VPOS="371" WIDTH="14" HEIGHT="17" CONTENT="e" WC="1.00" CC="0"/>
						<SP ID="P118_SP00076" HPOS="1093" VPOS="402" WIDTH="22"/>
						<String ID="P118_ST00084" HPOS="1115" VPOS="370" WIDTH="45" HEIGHT="26" CONTENT="per" WC="0.80" CC="005"/>
						<SP ID="P118_SP00077" HPOS="1160" VPOS="402" WIDTH="21"/>
						<String ID="P118_ST00085" HPOS="1181" VPOS="360" WIDTH="48" HEIGHT="28" CONTENT="che" WC="0.53" CC="067"/>
					</TextLine>
					<TextLine ID="P118_TL00009" HPOS="276" VPOS="409" WIDTH="954" HEIGHT="42">
						<String ID="P118_ST00086" HPOS="276" VPOS="416" WIDTH="56" HEIGHT="27" CONTENT="fora" WC="0.87" CC="0050"/>
						<SP ID="P118_SP00078" HPOS="332" VPOS="443" WIDTH="21"/>
						<String ID="P118_ST00087" HPOS="353" VPOS="415" WIDTH="27" HEIGHT="27" CONTENT="fu" WC="0.77" CC="04"/>
						<SP ID="P118_SP00079" HPOS="380" VPOS="443" WIDTH="20"/>
						<String ID="P118_ST00088" HPOS="400" VPOS="415" WIDTH="79" HEIGHT="27" CONTENT="breve" WC="0.99" CC="00000"/>
						<SP ID="P118_SP00080" HPOS="479" VPOS="443" WIDTH="20"/>
						<String ID="P118_ST00089" HPOS="499" VPOS="413" WIDTH="71" HEIGHT="38" CONTENT="queli" WC="0.42" CC="94545"/>
						<SP ID="P118_SP00081" HPOS="570" VPOS="451" WIDTH="21"/>
						<String ID="P118_ST00090" HPOS="591" VPOS="413" WIDTH="26" HEIGHT="27" CONTENT="di" WC="0.93" CC="01"/>
						<SP ID="P118_SP00082" HPOS="617" VPOS="451" WIDTH="20"/>
						<String ID="P118_ST00091" HPOS="637" VPOS="413" WIDTH="82" HEIGHT="27" CONTENT="lataro" WC="0.64" CC="006094"/>
						<SP ID="P118_SP00083" HPOS="719" VPOS="451" WIDTH="21"/>
						<String ID="P118_ST00092" HPOS="740" VPOS="422" WIDTH="55" HEIGHT="17" CONTENT="non" WC="0.88" CC="003"/>
						<SP ID="P118_SP00084" HPOS="795" VPOS="451" WIDTH="22"/>
						<String ID="P118_ST00093" HPOS="817" VPOS="412" WIDTH="79" HEIGHT="27" CONTENT="ebero" WC="0.92" CC="03000"/>
						<SP ID="P118_SP00085" HPOS="896" VPOS="451" WIDTH="21"/>
						<String ID="P118_ST00094" HPOS="917" VPOS="418" WIDTH="92" HEIGHT="29" CONTENT="tempo" WC="0.85" CC="21003"/>
						<SP ID="P118_SP00086" HPOS="1009" VPOS="451" WIDTH="14"/>
						<String ID="P118_ST00095" HPOS="1023" VPOS="410" WIDTH="31" HEIGHT="28" CONTENT="de" WC="0.85" CC="02"/>
						<SP ID="P118_SP00087" HPOS="1054" VPOS="451" WIDTH="17"/>
						<String ID="P118_ST00096" HPOS="1071" VPOS="409" WIDTH="88" HEIGHT="28" CONTENT="levare" WC="0.84" CC="400050"/>
						<SP ID="P118_SP00088" HPOS="1159" VPOS="451" WIDTH="15"/>
						<String ID="P118_ST00097" HPOS="1174" VPOS="417" WIDTH="56" HEIGHT="19" CONTENT="tute" WC="0.68" CC="5043"/>
					</TextLine>
					<TextLine ID="P118_TL00010" HPOS="277" VPOS="457" WIDTH="952" HEIGHT="39">
						<String ID="P118_ST00098" HPOS="277" VPOS="465" WIDTH="23" HEIGHT="27" CONTENT="le" WC="0.97" CC="00"/>
						<SP ID="P118_SP00089" HPOS="300" VPOS="492" WIDTH="21"/>
						<String ID="P118_ST00099" HPOS="321" VPOS="464" WIDTH="59" HEIGHT="27" CONTENT="loro" WC="0.74" CC="1054"/>
						<SP ID="P118_SP00090" HPOS="380" VPOS="492" WIDTH="20"/>
						<String ID="P118_ST00100" HPOS="400" VPOS="463" WIDTH="64" HEIGHT="27" CONTENT="robe" WC="0.57" CC="5506"/>
						<SP ID="P118_SP00091" HPOS="464" VPOS="492" WIDTH="22"/>
						<String ID="P118_ST00101" HPOS="486" VPOS="473" WIDTH="12" HEIGHT="17" CONTENT="e" WC="0.44" CC="5"/>
						<SP ID="P118_SP00092" HPOS="498" VPOS="492" WIDTH="23"/>
						<String ID="P118_ST00102" HPOS="521" VPOS="462" WIDTH="95" HEIGHT="28" CONTENT="metele" WC="0.91" CC="000040"/>
						<SP ID="P118_SP00093" HPOS="616" VPOS="492" WIDTH="22"/>
						<String ID="P118_ST00103" HPOS="638" VPOS="463" WIDTH="26" HEIGHT="25" CONTENT="in" WC="0.58" CC="34"/>
						<SP ID="P118_SP00094" HPOS="664" VPOS="492" WIDTH="21"/>
						<String ID="P118_ST00104" HPOS="685" VPOS="461" WIDTH="97" HEIGHT="27" CONTENT="castelo" WC="0.72" CC="6700031"/>
						<SP ID="P118_SP00095" HPOS="782" VPOS="492" WIDTH="15"/>
						<String ID="P118_ST00105" HPOS="797" VPOS="461" WIDTH="87" HEIGHT="27" CONTENT="subito" WC="0.79" CC="001730"/>
						<SP ID="P118_SP00096" HPOS="884" VPOS="492" WIDTH="16"/>
						<String ID="P118_ST00106" HPOS="900" VPOS="469" WIDTH="80" HEIGHT="18" CONTENT="como" WC="0.85" CC="5000"/>
						<SP ID="P118_SP00097" HPOS="980" VPOS="492" WIDTH="14"/>
						<String ID="P118_ST00107" HPOS="994" VPOS="459" WIDTH="19" HEIGHT="27" CONTENT="li" WC="0.66" CC="42"/>
						<SP ID="P118_SP00098" HPOS="1013" VPOS="492" WIDTH="14"/>
						<String ID="P118_ST00108" HPOS="1027" VPOS="459" WIDTH="110" HEIGHT="37" CONTENT="genoezi" WC="0.55" CC="9260075"/>
						<SP ID="P118_SP00099" HPOS="1137" VPOS="496" WIDTH="14"/>
						<String ID="P118_ST00109" HPOS="1151" VPOS="457" WIDTH="78" HEIGHT="28" CONTENT="fumo" WC="0.67" CC="0660"/>
					</TextLine>
					<TextLine ID="P118_TL00011" HPOS="277" VPOS="508" WIDTH="953" HEIGHT="41">
						<String ID="P118_ST00110" HPOS="277" VPOS="513" WIDTH="76" HEIGHT="36" CONTENT="yonti" WC="0.64" CC="80134"/>
						<SP ID="P118_SP00100" HPOS="353" VPOS="549" WIDTH="21"/>
						<String ID="P118_ST00111" HPOS="374" VPOS="512" WIDTH="147" HEIGHT="28" CONTENT="sachezono" WC="0.76" CC="076600000"/>
						<SP ID="P118_SP00101" HPOS="521" VPOS="549" WIDTH="20"/>
						<String ID="P118_ST00112" HPOS="541" VPOS="519" WIDTH="58" HEIGHT="20" CONTENT="tuto" WC="0.65" CC="4224"/>
						<SP ID="P118_SP00102" HPOS="599" VPOS="549" WIDTH="20"/>
						<String ID="P118_ST00113" HPOS="619" VPOS="511" WIDTH="82" HEIGHT="27" CONTENT="lataro" WC="0.72" CC="663000"/>
						<SP ID="P118_SP00103" HPOS="701" VPOS="549" WIDTH="22"/>
						<String ID="P118_ST00114" HPOS="723" VPOS="511" WIDTH="44" HEIGHT="36" CONTENT="poi" WC="1.00" CC="000"/>
						<SP ID="P118_SP00104" HPOS="767" VPOS="549" WIDTH="21"/>
						<String ID="P118_ST00115" HPOS="788" VPOS="519" WIDTH="100" HEIGHT="18" CONTENT="venero" WC="0.83" CC="004006"/>
						<SP ID="P118_SP00105" HPOS="888" VPOS="549" WIDTH="21"/>
						<String ID="P118_ST00116" HPOS="909" VPOS="509" WIDTH="53" HEIGHT="27" CONTENT="fino" WC="0.73" CC="4410"/>
						<SP ID="P118_SP00106" HPOS="962" VPOS="549" WIDTH="22"/>
						<String ID="P118_ST00117" HPOS="984" VPOS="508" WIDTH="39" HEIGHT="27" CONTENT="ale" WC="0.79" CC="060"/>
						<SP ID="P118_SP00107" HPOS="1023" VPOS="549" WIDTH="21"/>
						<String ID="P118_ST00118" HPOS="1044" VPOS="518" WIDTH="104" HEIGHT="17" CONTENT="carcare" WC="0.75" CC="0450600"/>
						<SP ID="P118_SP00108" HPOS="1148" VPOS="549" WIDTH="16"/>
						<String ID="P118_ST00119" HPOS="1164" VPOS="518" WIDTH="13" HEIGHT="16" CONTENT="e" WC="1.00" CC="0"/>
						<SP ID="P118_SP00109" HPOS="1177" VPOS="549" WIDTH="15"/>
						<String ID="P118_ST00120" HPOS="1192" VPOS="517" WIDTH="38" HEIGHT="17" CONTENT="sa" SUBS_TYPE="HypPart1" SUBS_CONTENT="sachezono" WC="0.83" CC="400"/>
						<HYP CONTENT="-"/>
					</TextLine>
					<TextLine ID="P118_TL00012" HPOS="277" VPOS="556" WIDTH="952" HEIGHT="41">
						<String ID="P118_ST00121" HPOS="277" VPOS="562" WIDTH="118" HEIGHT="27" CONTENT="chezono" SUBS_TYPE="HypPart2" SUBS_CONTENT="sachezono" WC="0.69" CC="3400606"/>
						<SP ID="P118_SP00110" HPOS="395" VPOS="589" WIDTH="20"/>
						<String ID="P118_ST00122" HPOS="415" VPOS="561" WIDTH="24" HEIGHT="27" CONTENT="la" WC="0.68" CC="14"/>
						<SP ID="P118_SP00111" HPOS="439" VPOS="589" WIDTH="20"/>
						<String ID="P118_ST00123" HPOS="459" VPOS="560" WIDTH="103" HEIGHT="37" CONTENT="gabella" WC="0.69" CC="0050708"/>
						<SP ID="P118_SP00112" HPOS="562" VPOS="597" WIDTH="21"/>
						<String ID="P118_ST00124" HPOS="583" VPOS="559" WIDTH="31" HEIGHT="28" CONTENT="de" WC="1.00" CC="00"/>
						<SP ID="P118_SP00113" HPOS="614" VPOS="597" WIDTH="21"/>
						<String ID="P118_ST00125" HPOS="635" VPOS="560" WIDTH="26" HEIGHT="27" CONTENT="lo" WC="0.53" CC="45"/>
						<SP ID="P118_SP00114" HPOS="661" VPOS="597" WIDTH="22"/>
						<String ID="P118_ST00126" HPOS="683" VPOS="559" WIDTH="52" HEIGHT="27" CONTENT="sale" WC="0.63" CC="0616"/>
						<SP ID="P118_SP00115" HPOS="735" VPOS="597" WIDTH="22"/>
						<String ID="P118_ST00127" HPOS="757" VPOS="566" WIDTH="24" HEIGHT="20" CONTENT="et" WC="0.68" CC="60"/>
						<SP ID="P118_SP00116" HPOS="781" VPOS="597" WIDTH="21"/>
						<String ID="P118_ST00128" HPOS="802" VPOS="559" WIDTH="83" HEIGHT="26" CONTENT="molte" WC="0.84" CC="04003"/>
						<SP ID="P118_SP00117" HPOS="885" VPOS="597" WIDTH="22"/>
						<String ID="P118_ST00129" HPOS="907" VPOS="557" WIDTH="64" HEIGHT="28" CONTENT="altre" WC="0.77" CC="90000"/>
						<SP ID="P118_SP00118" HPOS="971" VPOS="597" WIDTH="20"/>
						<String ID="P118_ST00130" HPOS="991" VPOS="567" WIDTH="59" HEIGHT="17" CONTENT="case" WC="0.61" CC="6062"/>
						<SP ID="P118_SP00119" HPOS="1050" VPOS="597" WIDTH="26"/>
						<String ID="P118_ST00131" HPOS="1076" VPOS="567" WIDTH="13" HEIGHT="17" CONTENT="e" WC="1.00" CC="0"/>
						<SP ID="P118_SP00120" HPOS="1089" VPOS="597" WIDTH="22"/>
						<String ID="P118_ST00132" HPOS="1111" VPOS="556" WIDTH="25" HEIGHT="28" CONTENT="lo" WC="0.59" CC="43"/>
						<SP ID="P118_SP00121" HPOS="1136" VPOS="597" WIDTH="21"/>
						<String ID="P118_ST00133" HPOS="1157" VPOS="563" WIDTH="72" HEIGHT="21" CONTENT="resto" WC="0.66" CC="90060"/>
					</TextLine>
					<TextLine ID="P118_TL00013" HPOS="278" VPOS="606" WIDTH="951" HEIGHT="38">
						<String ID="P118_ST00134" HPOS="278" VPOS="610" WIDTH="34" HEIGHT="27" CONTENT="do" WC="0.78" CC="04"/>
						<SP ID="P118_SP00122" HPOS="312" VPOS="637" WIDTH="21"/>
						<String ID="P118_ST00135" HPOS="333" VPOS="609" WIDTH="97" HEIGHT="28" CONTENT="castelo" WC="0.70" CC="5900014"/>
						<SP ID="P118_SP00123" HPOS="430" VPOS="637" WIDTH="21"/>
						<String ID="P118_ST00136" HPOS="451" VPOS="609" WIDTH="31" HEIGHT="28" CONTENT="de" WC="1.00" CC="00"/>
						<SP ID="P118_SP00124" HPOS="482" VPOS="637" WIDTH="22"/>
						<String ID="P118_ST00137" HPOS="504" VPOS="609" WIDTH="23" HEIGHT="27" CONTENT="le" WC="0.79" CC="30"/>
						<SP ID="P118_SP00125" HPOS="527" VPOS="637" WIDTH="20"/>
						<String ID="P118_ST00138" HPOS="547" VPOS="618" WIDTH="104" HEIGHT="18" CONTENT="carcare" WC="0.48" CC="5677530"/>
						<SP ID="P118_SP00126" HPOS="651" VPOS="637" WIDTH="21"/>
						<String ID="P118_ST00139" HPOS="672" VPOS="608" WIDTH="23" HEIGHT="27" CONTENT="le" WC="0.93" CC="10"/>
						<SP ID="P118_SP00127" HPOS="695" VPOS="637" WIDTH="22"/>
						<String ID="P118_ST00140" HPOS="717" VPOS="607" WIDTH="88" HEIGHT="28" CONTENT="defeze" WC="0.78" CC="030009"/>
						<SP ID="P118_SP00128" HPOS="805" VPOS="637" WIDTH="21"/>
						<String ID="P118_ST00141" HPOS="826" VPOS="608" WIDTH="44" HEIGHT="36" CONTENT="poi" WC="0.78" CC="006"/>
						<SP ID="P118_SP00129" HPOS="870" VPOS="644" WIDTH="20"/>
						<String ID="P118_ST00142" HPOS="890" VPOS="606" WIDTH="18" HEIGHT="28" CONTENT="li" WC="0.66" CC="33"/>
						<SP ID="P118_SP00130" HPOS="908" VPOS="644" WIDTH="14"/>
						<String ID="P118_ST00143" HPOS="922" VPOS="606" WIDTH="110" HEIGHT="37" CONTENT="genoezi" WC="0.84" CC="0000037"/>
						<SP ID="P118_SP00131" HPOS="1032" VPOS="644" WIDTH="16"/>
						<String ID="P118_ST00144" HPOS="1048" VPOS="606" WIDTH="139" HEIGHT="27" CONTENT="ritornono" WC="0.80" CC="200170060"/>
						<SP ID="P118_SP00132" HPOS="1187" VPOS="644" WIDTH="15"/>
						<String ID="P118_ST00145" HPOS="1202" VPOS="606" WIDTH="27" HEIGHT="26" CONTENT="in" WC="0.78" CC="40"/>
					</TextLine>
					<TextLine ID="P118_TL00014" HPOS="276" VPOS="654" WIDTH="951" HEIGHT="40">
						<String ID="P118_ST00146" HPOS="276" VPOS="659" WIDTH="24" HEIGHT="27" CONTENT="le" WC="0.78" CC="40"/>
						<SP ID="P118_SP00133" HPOS="300" VPOS="686" WIDTH="25"/>
						<String ID="P118_ST00147" HPOS="325" VPOS="659" WIDTH="51" HEIGHT="27" CONTENT="vile" WC="0.83" CC="0060"/>
						<SP ID="P118_SP00134" HPOS="376" VPOS="686" WIDTH="24"/>
						<String ID="P118_ST00148" HPOS="400" VPOS="658" WIDTH="31" HEIGHT="27" CONTENT="de" WC="0.48" CC="45"/>
						<SP ID="P118_SP00135" HPOS="431" VPOS="686" WIDTH="27"/>
						<String ID="P118_ST00149" HPOS="458" VPOS="659" WIDTH="87" HEIGHT="27" CONTENT="Saona" WC="0.67" CC="06009"/>
						<SP ID="P118_SP00136" HPOS="545" VPOS="686" WIDTH="22"/>
						<String ID="P118_ST00150" HPOS="567" VPOS="668" WIDTH="11" HEIGHT="16" CONTENT="e" WC="0.24" CC="7"/>
						<SP ID="P118_SP00137" HPOS="578" VPOS="686" WIDTH="23"/>
						<String ID="P118_ST00151" HPOS="601" VPOS="657" WIDTH="26" HEIGHT="27" CONTENT="lo" WC="0.31" CC="85"/>
						<SP ID="P118_SP00138" HPOS="627" VPOS="686" WIDTH="21"/>
						<String ID="P118_ST00152" HPOS="648" VPOS="656" WIDTH="176" HEIGHT="38" CONTENT="gubernatore" WC="0.74" CC="00636160300"/>
						<SP ID="P118_SP00139" HPOS="824" VPOS="694" WIDTH="21"/>
						<String ID="P118_ST00153" HPOS="845" VPOS="656" WIDTH="32" HEIGHT="27" CONTENT="de" WC="1.00" CC="00"/>
						<SP ID="P118_SP00140" HPOS="877" VPOS="694" WIDTH="22"/>
						<String ID="P118_ST00154" HPOS="899" VPOS="656" WIDTH="85" HEIGHT="27" CONTENT="Saona" WC="0.76" CC="00047"/>
						<SP ID="P118_SP00141" HPOS="984" VPOS="694" WIDTH="22"/>
						<String ID="P118_ST00155" HPOS="1006" VPOS="656" WIDTH="112" HEIGHT="26" CONTENT="insieme" WC="0.86" CC="4000400"/>
						<SP ID="P118_SP00142" HPOS="1118" VPOS="694" WIDTH="21"/>
						<String ID="P118_ST00156" HPOS="1139" VPOS="664" WIDTH="51" HEIGHT="17" CONTENT="con" WC="0.88" CC="300"/>
						<SP ID="P118_SP00143" HPOS="1190" VPOS="694" WIDTH="20"/>
						<String ID="P118_ST00157" HPOS="1210" VPOS="654" WIDTH="17" HEIGHT="27" CONTENT="li" WC="0.80" CC="30"/>
					</TextLine>
					<TextLine ID="P118_TL00015" HPOS="278" VPOS="702" WIDTH="950" HEIGHT="39">
						<String ID="P118_ST00158" HPOS="278" VPOS="706" WIDTH="108" HEIGHT="28" CONTENT="citadini" WC="0.71" CC="61600403"/>
						<SP ID="P118_SP00144" HPOS="386" VPOS="734" WIDTH="21"/>
						<String ID="P118_ST00159" HPOS="407" VPOS="707" WIDTH="104" HEIGHT="27" CONTENT="saonezi" WC="0.81" CC="0006050"/>
						<SP ID="P118_SP00145" HPOS="511" VPOS="734" WIDTH="22"/>
						<String ID="P118_ST00160" HPOS="533" VPOS="708" WIDTH="70" HEIGHT="25" CONTENT="visto" WC="0.89" CC="00022"/>
						<SP ID="P118_SP00146" HPOS="603" VPOS="734" WIDTH="26"/>
						<String ID="P118_ST00161" HPOS="629" VPOS="706" WIDTH="49" HEIGHT="27" CONTENT="che" WC="0.75" CC="700"/>
						<SP ID="P118_SP00147" HPOS="678" VPOS="734" WIDTH="27"/>
						<String ID="P118_ST00162" HPOS="705" VPOS="716" WIDTH="57" HEIGHT="17" CONTENT="sam" WC="0.84" CC="103"/>
						<SP ID="P118_SP00148" HPOS="762" VPOS="734" WIDTH="27"/>
						<String ID="P118_ST00163" HPOS="789" VPOS="706" WIDTH="83" HEIGHT="27" CONTENT="Paulo" WC="0.83" CC="00402"/>
						<SP ID="P118_SP00149" HPOS="872" VPOS="734" WIDTH="28"/>
						<String ID="P118_ST00164" HPOS="900" VPOS="714" WIDTH="54" HEIGHT="18" CONTENT="non" WC="0.81" CC="500"/>
						<SP ID="P118_SP00150" HPOS="954" VPOS="734" WIDTH="29"/>
						<String ID="P118_ST00165" HPOS="983" VPOS="714" WIDTH="33" HEIGHT="27" CONTENT="gè" WC="1.00" CC="00"/>
						<SP ID="P118_SP00151" HPOS="1016" VPOS="741" WIDTH="31"/>
						<String ID="P118_ST00166" HPOS="1047" VPOS="705" WIDTH="57" HEIGHT="26" CONTENT="avia" WC="0.97" CC="0010"/>
						<SP ID="P118_SP00152" HPOS="1104" VPOS="741" WIDTH="31"/>
						<String ID="P118_ST00167" HPOS="1135" VPOS="702" WIDTH="93" HEIGHT="28" CONTENT="voluto" WC="0.80" CC="005302"/>
					</TextLine>
					<TextLine ID="P118_TL00016" HPOS="278" VPOS="751" WIDTH="950" HEIGHT="39">
						<String ID="P118_ST00168" HPOS="278" VPOS="756" WIDTH="60" HEIGHT="27" CONTENT="dare" WC="0.67" CC="0750"/>
						<SP ID="P118_SP00153" HPOS="338" VPOS="783" WIDTH="21"/>
						<String ID="P118_ST00169" HPOS="359" VPOS="766" WIDTH="110" HEIGHT="17" CONTENT="socorso" WC="0.91" CC="0060000"/>
						<SP ID="P118_SP00154" HPOS="469" VPOS="783" WIDTH="21"/>
						<String ID="P118_ST00170" HPOS="490" VPOS="762" WIDTH="105" HEIGHT="21" CONTENT="tratono" WC="0.75" CC="0005380"/>
						<SP ID="P118_SP00155" HPOS="595" VPOS="783" WIDTH="21"/>
						<String ID="P118_ST00171" HPOS="616" VPOS="755" WIDTH="25" HEIGHT="27" CONTENT="lo" WC="0.60" CC="61"/>
						<SP ID="P118_SP00156" HPOS="641" VPOS="783" WIDTH="21"/>
						<String ID="P118_ST00172" HPOS="662" VPOS="754" WIDTH="109" HEIGHT="28" CONTENT="acordio" WC="0.69" CC="9000055"/>
						<SP ID="P118_SP00157" HPOS="771" VPOS="783" WIDTH="21"/>
						<String ID="P118_ST00173" HPOS="792" VPOS="764" WIDTH="49" HEIGHT="17" CONTENT="con" WC="0.66" CC="630"/>
						<SP ID="P118_SP00158" HPOS="841" VPOS="783" WIDTH="22"/>
						<String ID="P118_ST00174" HPOS="863" VPOS="753" WIDTH="18" HEIGHT="28" CONTENT="li" WC="0.51" CC="63"/>
						<SP ID="P118_SP00159" HPOS="881" VPOS="783" WIDTH="19"/>
						<String ID="P118_ST00175" HPOS="900" VPOS="754" WIDTH="111" HEIGHT="36" CONTENT="genoezi" WC="0.90" CC="0005001"/>
						<SP ID="P118_SP00160" HPOS="1011" VPOS="790" WIDTH="14"/>
						<String ID="P118_ST00176" HPOS="1025" VPOS="762" WIDTH="81" HEIGHT="18" CONTENT="como" WC="0.94" CC="0002"/>
						<SP ID="P118_SP00161" HPOS="1106" VPOS="790" WIDTH="15"/>
						<String ID="P118_ST00177" HPOS="1121" VPOS="751" WIDTH="107" HEIGHT="37" CONTENT="disopra" WC="0.52" CC="8540058"/>
					</TextLine>
					<TextLine ID="P118_TL00017" HPOS="278" VPOS="799" WIDTH="948" HEIGHT="39">
						<String ID="P118_ST00178" HPOS="278" VPOS="805" WIDTH="43" HEIGHT="28" CONTENT="hai" WC="0.66" CC="504"/>
						<SP ID="P118_SP00162" HPOS="321" VPOS="833" WIDTH="21"/>
						<String ID="P118_ST00179" HPOS="342" VPOS="806" WIDTH="87" HEIGHT="27" CONTENT="intezo" WC="0.54" CC="580066"/>
						<SP ID="P118_SP00163" HPOS="429" VPOS="833" WIDTH="20"/>
						<String ID="P118_ST00180" HPOS="449" VPOS="815" WIDTH="14" HEIGHT="17" CONTENT="e" WC="1.00" CC="0"/>
						<SP ID="P118_SP00164" HPOS="463" VPOS="833" WIDTH="21"/>
						<String ID="P118_ST00181" HPOS="484" VPOS="804" WIDTH="24" HEIGHT="29" CONTENT="la" WC="0.83" CC="30"/>
						<SP ID="P118_SP00165" HPOS="508" VPOS="833" WIDTH="21"/>
						<String ID="P118_ST00182" HPOS="529" VPOS="805" WIDTH="50" HEIGHT="27" CONTENT="cita" WC="0.63" CC="4630"/>
						<SP ID="P118_SP00166" HPOS="579" VPOS="833" WIDTH="22"/>
						<String ID="P118_ST00183" HPOS="601" VPOS="803" WIDTH="30" HEIGHT="28" CONTENT="de" WC="0.73" CC="05"/>
						<SP ID="P118_SP00167" HPOS="631" VPOS="833" WIDTH="22"/>
						<String ID="P118_ST00184" HPOS="653" VPOS="804" WIDTH="88" HEIGHT="27" CONTENT="Saona" WC="0.68" CC="06054"/>
						<SP ID="P118_SP00168" HPOS="741" VPOS="833" WIDTH="20"/>
						<String ID="P118_ST00185" HPOS="761" VPOS="811" WIDTH="71" HEIGHT="19" CONTENT="resto" WC="0.75" CC="30800"/>
						<SP ID="P118_SP00169" HPOS="832" VPOS="833" WIDTH="22"/>
						<String ID="P118_ST00186" HPOS="854" VPOS="804" WIDTH="27" HEIGHT="25" CONTENT="in" WC="0.66" CC="06"/>
						<SP ID="P118_SP00170" HPOS="881" VPOS="833" WIDTH="20"/>
						<String ID="P118_ST00187" HPOS="901" VPOS="812" WIDTH="78" HEIGHT="17" CONTENT="mane" WC="0.54" CC="5930"/>
						<SP ID="P118_SP00171" HPOS="979" VPOS="833" WIDTH="27"/>
						<String ID="P118_ST00188" HPOS="1006" VPOS="801" WIDTH="32" HEIGHT="28" CONTENT="de" WC="1.00" CC="00"/>
						<SP ID="P118_SP00172" HPOS="1038" VPOS="833" WIDTH="24"/>
						<String ID="P118_ST00189" HPOS="1062" VPOS="801" WIDTH="110" HEIGHT="37" CONTENT="genoezi" WC="0.81" CC="2051030"/>
						<SP ID="P118_SP00173" HPOS="1172" VPOS="838" WIDTH="23"/>
						<String ID="P118_ST00190" HPOS="1195" VPOS="799" WIDTH="31" HEIGHT="28" CONTENT="de" WC="1.00" CC="00"/>
					</TextLine>
					<TextLine ID="P118_TL00018" HPOS="278" VPOS="852" WIDTH="430" HEIGHT="37">
						<String ID="P118_ST00191" HPOS="278" VPOS="854" WIDTH="61" HEIGHT="27" CONTENT="lano" WC="1.00" CC="0000"/>
						<SP ID="P118_SP00174" HPOS="339" VPOS="881" WIDTH="25"/>
						<String ID="P118_ST00192" HPOS="364" VPOS="855" WIDTH="67" HEIGHT="34" CONTENT="1528" WC="0.78" CC="0404"/>
						<SP ID="P118_SP00175" HPOS="431" VPOS="889" WIDTH="22"/>
						<String ID="P118_ST00193" HPOS="453" VPOS="853" WIDTH="33" HEIGHT="28" CONTENT="ali" WC="0.81" CC="032"/>
						<SP ID="P118_SP00176" HPOS="486" VPOS="889" WIDTH="22"/>
						<String ID="P118_ST00194" HPOS="508" VPOS="854" WIDTH="33" HEIGHT="27" CONTENT="28" WC="0.51" CC="53"/>
						<SP ID="P118_SP00177" HPOS="541" VPOS="889" WIDTH="22"/>
						<String ID="P118_ST00195" HPOS="563" VPOS="853" WIDTH="30" HEIGHT="27" CONTENT="de" WC="0.11" CC="98"/>
						<SP ID="P118_SP00178" HPOS="593" VPOS="889" WIDTH="22"/>
						<String ID="P118_ST00196" HPOS="615" VPOS="852" WIDTH="93" HEIGHT="28" CONTENT="otobre" WC="0.74" CC="010724"/>
					</TextLine>
				</TextBlock>
				<TextBlock ID="P118_TB00003" HPOS="283" VPOS="945" WIDTH="943" HEIGHT="74" STYLEREFS="TXT_1 PAR_LEFT">
					<TextLine ID="P118_TL00019" HPOS="284" VPOS="946" WIDTH="60" HEIGHT="62">
						<String ID="P118_ST00197" HPOS="284" VPOS="946" WIDTH="60" HEIGHT="62" CONTENT="c" WC="0.27" CC="7"/>
					</TextLine>
					<TextLine ID="P118_TL00020" HPOS="284" VPOS="989" WIDTH="942" HEIGHT="30">
						<String ID="P118_ST00198" HPOS="284" VPOS="989" WIDTH="135" HEIGHT="29" CONTENT="V^ARLO" WC="0.49" CC="980660"/>
						<SP ID="P118_SP00179" HPOS="419" VPOS="1018" WIDTH="28"/>
						<String ID="P118_ST00199" HPOS="447" VPOS="998" WIDTH="105" HEIGHT="21" CONTENT="QUINTO" WC="0.77" CC="008005"/>
						<SP ID="P118_SP00180" HPOS="552" VPOS="1019" WIDTH="28"/>
						<String ID="P118_ST00200" HPOS="580" VPOS="997" WIDTH="171" HEIGHT="19" CONTENT="IMPERATORE" WC="0.72" CC="7700040070"/>
						<SP ID="P118_SP00181" HPOS="751" VPOS="1019" WIDTH="20"/>
						<String ID="P118_ST00201" HPOS="771" VPOS="997" WIDTH="20" HEIGHT="18" CONTENT="SI" WC="0.14" CC="98"/>
						<SP ID="P118_SP00182" HPOS="791" VPOS="1019" WIDTH="21"/>
						<String ID="P118_ST00202" HPOS="812" VPOS="996" WIDTH="91" HEIGHT="19" CONTENT="TROVA" WC="0.56" CC="80291"/>
						<SP ID="P118_SP00183" HPOS="903" VPOS="1019" WIDTH="21"/>
						<String ID="P118_ST00203" HPOS="924" VPOS="996" WIDTH="26" HEIGHT="18" CONTENT="IN" WC="0.44" CC="37"/>
						<SP ID="P118_SP00184" HPOS="950" VPOS="1019" WIDTH="22"/>
						<String ID="P118_ST00204" HPOS="972" VPOS="995" WIDTH="87" HEIGHT="19" CONTENT="SAONA" WC="1.00" CC="00000"/>
						<SP ID="P118_SP00185" HPOS="1059" VPOS="1019" WIDTH="21"/>
						<String ID="P118_ST00205" HPOS="1080" VPOS="994" WIDTH="43" HEIGHT="19" CONTENT="ALI" WC="0.64" CC="063"/>
						<SP ID="P118_SP00186" HPOS="1123" VPOS="1019" WIDTH="26"/>
						<String ID="P118_ST00206" HPOS="1149" VPOS="993" WIDTH="16" HEIGHT="26" CONTENT="J" WC="0.01" CC="9"/>
						<SP ID="P118_SP00187" HPOS="1165" VPOS="1019" WIDTH="27"/>
						<String ID="P118_ST00207" HPOS="1192" VPOS="994" WIDTH="34" HEIGHT="18" CONTENT="DE" WC="0.77" CC="40"/>
					</TextLine>
				</TextBlock>
				<TextBlock ID="P118_TB00004" HPOS="335" VPOS="1045" WIDTH="254" HEIGHT="26" STYLEREFS="TXT_1 PAR_LEFT">
					<TextLine ID="P118_TL00021" HPOS="335" VPOS="1046" WIDTH="254" HEIGHT="25">
						<String ID="P118_ST00208" HPOS="335" VPOS="1047" WIDTH="106" HEIGHT="19" CONTENT="AGOSTO" WC="0.54" CC="834090"/>
						<SP ID="P118_SP00188" HPOS="441" VPOS="1066" WIDTH="23"/>
						<String ID="P118_ST00209" HPOS="464" VPOS="1048" WIDTH="33" HEIGHT="17" CONTENT="DE" WC="0.39" CC="56"/>
						<SP ID="P118_SP00189" HPOS="497" VPOS="1066" WIDTH="26"/>
						<String ID="P118_ST00210" HPOS="523" VPOS="1046" WIDTH="66" HEIGHT="25" CONTENT="I529" WC="0.76" CC="3500"/>
					</TextLine>
				</TextBlock>
				<TextBlock ID="P118_TB00005" HPOS="275" VPOS="1120" WIDTH="950" HEIGHT="574" STYLEREFS="TXT_1 PAR_LEFT">
					<TextLine ID="P118_TL00022" HPOS="335" VPOS="1120" WIDTH="890" HEIGHT="40">
						<String ID="P118_ST00211" HPOS="335" VPOS="1125" WIDTH="73" HEIGHT="27" CONTENT="Lano" WC="0.27" CC="4986"/>
						<SP ID="P118_SP00190" HPOS="408" VPOS="1152" WIDTH="22"/>
						<String ID="P118_ST00212" HPOS="430" VPOS="1124" WIDTH="31" HEIGHT="28" CONTENT="de" WC="1.00" CC="00"/>
						<SP ID="P118_SP00191" HPOS="461" VPOS="1152" WIDTH="25"/>
						<String ID="P118_ST00213" HPOS="486" VPOS="1132" WIDTH="66" HEIGHT="28" CONTENT="1529" WC="0.89" CC="0120"/>
						<SP ID="P118_SP00192" HPOS="552" VPOS="1160" WIDTH="22"/>
						<String ID="P118_ST00214" HPOS="574" VPOS="1123" WIDTH="42" HEIGHT="27" CONTENT="del" WC="1.00" CC="000"/>
						<SP ID="P118_SP00193" HPOS="616" VPOS="1160" WIDTH="21"/>
						<String ID="P118_ST00215" HPOS="637" VPOS="1132" WIDTH="72" HEIGHT="18" CONTENT="meze" WC="0.64" CC="4072"/>
						<SP ID="P118_SP00194" HPOS="709" VPOS="1160" WIDTH="21"/>
						<String ID="P118_ST00216" HPOS="730" VPOS="1122" WIDTH="32" HEIGHT="28" CONTENT="de" WC="0.83" CC="03"/>
						<SP ID="P118_SP00195" HPOS="762" VPOS="1160" WIDTH="22"/>
						<String ID="P118_ST00217" HPOS="784" VPOS="1122" WIDTH="72" HEIGHT="36" CONTENT="lugio" WC="0.75" CC="36020"/>
						<SP ID="P118_SP00196" HPOS="856" VPOS="1160" WIDTH="20"/>
						<String ID="P118_ST00218" HPOS="876" VPOS="1121" WIDTH="27" HEIGHT="27" CONTENT="lo" WC="0.79" CC="40"/>
						<SP ID="P118_SP00197" HPOS="903" VPOS="1160" WIDTH="21"/>
						<String ID="P118_ST00219" HPOS="924" VPOS="1122" WIDTH="124" HEIGHT="36" CONTENT="prencipe" WC="0.79" CC="02423300"/>
						<SP ID="P118_SP00198" HPOS="1048" VPOS="1160" WIDTH="24"/>
						<String ID="P118_ST00220" HPOS="1072" VPOS="1120" WIDTH="75" HEIGHT="27" CONTENT="doria" WC="0.57" CC="86140"/>
						<SP ID="P118_SP00199" HPOS="1147" VPOS="1160" WIDTH="28"/>
						<String ID="P118_ST00221" HPOS="1175" VPOS="1130" WIDTH="50" HEIGHT="17" CONTENT="con" WC="0.50" CC="607"/>
					</TextLine>
					<TextLine ID="P118_TL00023" HPOS="277" VPOS="1170" WIDTH="948" HEIGHT="39">
						<String ID="P118_ST00222" HPOS="277" VPOS="1181" WIDTH="54" HEIGHT="20" CONTENT="tute" WC="0.81" CC="0204"/>
						<SP ID="P118_SP00200" HPOS="331" VPOS="1201" WIDTH="21"/>
						<String ID="P118_ST00223" HPOS="352" VPOS="1174" WIDTH="23" HEIGHT="27" CONTENT="le" WC="0.94" CC="10"/>
						<SP ID="P118_SP00201" HPOS="375" VPOS="1201" WIDTH="21"/>
						<String ID="P118_ST00224" HPOS="396" VPOS="1183" WIDTH="45" HEIGHT="17" CONTENT="sue" WC="0.77" CC="060"/>
						<SP ID="P118_SP00202" HPOS="441" VPOS="1201" WIDTH="20"/>
						<String ID="P118_ST00225" HPOS="461" VPOS="1173" WIDTH="87" HEIGHT="36" CONTENT="galere" WC="0.90" CC="014000"/>
						<SP ID="P118_SP00203" HPOS="548" VPOS="1209" WIDTH="21"/>
						<String ID="P118_ST00226" HPOS="569" VPOS="1182" WIDTH="66" HEIGHT="17" CONTENT="vene" WC="0.74" CC="0063"/>
						<SP ID="P118_SP00204" HPOS="635" VPOS="1209" WIDTH="21"/>
						<String ID="P118_ST00227" HPOS="656" VPOS="1173" WIDTH="26" HEIGHT="26" CONTENT="in" WC="0.42" CC="38"/>
						<SP ID="P118_SP00205" HPOS="682" VPOS="1209" WIDTH="21"/>
						<String ID="P118_ST00228" HPOS="703" VPOS="1172" WIDTH="88" HEIGHT="28" CONTENT="Saona" WC="0.63" CC="00259"/>
						<SP ID="P118_SP00206" HPOS="791" VPOS="1209" WIDTH="19"/>
						<String ID="P118_ST00229" HPOS="810" VPOS="1180" WIDTH="46" HEIGHT="28" CONTENT="per" WC="0.79" CC="006"/>
						<SP ID="P118_SP00207" HPOS="856" VPOS="1209" WIDTH="23"/>
						<String ID="P118_ST00230" HPOS="879" VPOS="1180" WIDTH="91" HEIGHT="27" CONTENT="pasare" WC="0.50" CC="996003"/>
						<SP ID="P118_SP00208" HPOS="970" VPOS="1209" WIDTH="24"/>
						<String ID="P118_ST00231" HPOS="994" VPOS="1170" WIDTH="28" HEIGHT="27" CONTENT="in" WC="0.52" CC="27"/>
						<SP ID="P118_SP00209" HPOS="1022" VPOS="1209" WIDTH="27"/>
						<String ID="P118_ST00232" HPOS="1049" VPOS="1170" WIDTH="104" HEIGHT="36" CONTENT="Spagna" WC="0.74" CC="090060"/>
						<SP ID="P118_SP00210" HPOS="1153" VPOS="1209" WIDTH="27"/>
						<String ID="P118_ST00233" HPOS="1180" VPOS="1179" WIDTH="45" HEIGHT="27" CONTENT="per" WC="0.88" CC="003"/>
					</TextLine>
					<TextLine ID="P118_TL00024" HPOS="276" VPOS="1217" WIDTH="948" HEIGHT="41">
						<String ID="P118_ST00234" HPOS="276" VPOS="1222" WIDTH="133" HEIGHT="27" CONTENT="conducre" WC="0.56" CC="63597020"/>
						<SP ID="P118_SP00211" HPOS="409" VPOS="1249" WIDTH="21"/>
						<String ID="P118_ST00235" HPOS="430" VPOS="1221" WIDTH="26" HEIGHT="27" CONTENT="lo" WC="1.00" CC="00"/>
						<SP ID="P118_SP00212" HPOS="456" VPOS="1249" WIDTH="21"/>
						<String ID="P118_ST00236" HPOS="477" VPOS="1223" WIDTH="159" HEIGHT="35" CONTENT="imperatore" WC="0.82" CC="4000003322"/>
						<SP ID="P118_SP00213" HPOS="636" VPOS="1258" WIDTH="21"/>
						<String ID="P118_ST00237" HPOS="657" VPOS="1221" WIDTH="27" HEIGHT="26" CONTENT="in" WC="0.68" CC="23"/>
						<SP ID="P118_SP00214" HPOS="684" VPOS="1258" WIDTH="21"/>
						<String ID="P118_ST00238" HPOS="705" VPOS="1220" WIDTH="73" HEIGHT="27" CONTENT="Italia" WC="0.74" CC="040370"/>
						<SP ID="P118_SP00215" HPOS="778" VPOS="1258" WIDTH="21"/>
						<String ID="P118_ST00239" HPOS="799" VPOS="1219" WIDTH="74" HEIGHT="37" CONTENT="quale" WC="1.00" CC="00000"/>
						<SP ID="P118_SP00216" HPOS="873" VPOS="1258" WIDTH="21"/>
						<String ID="P118_ST00240" HPOS="894" VPOS="1219" WIDTH="61" HEIGHT="28" CONTENT="vole" WC="0.92" CC="0030"/>
						<SP ID="P118_SP00217" HPOS="955" VPOS="1258" WIDTH="22"/>
						<String ID="P118_ST00241" HPOS="977" VPOS="1219" WIDTH="90" HEIGHT="27" CONTENT="venire" WC="0.66" CC="007154"/>
						<SP ID="P118_SP00218" HPOS="1067" VPOS="1258" WIDTH="26"/>
						<String ID="P118_ST00242" HPOS="1093" VPOS="1228" WIDTH="13" HEIGHT="17" CONTENT="a" WC="1.00" CC="0"/>
						<SP ID="P118_SP00219" HPOS="1106" VPOS="1258" WIDTH="20"/>
						<String ID="P118_ST00243" HPOS="1126" VPOS="1217" WIDTH="98" HEIGHT="38" CONTENT="prende" WC="0.83" CC="040005"/>
					</TextLine>
					<TextLine ID="P118_TL00025" HPOS="277" VPOS="1270" WIDTH="948" HEIGHT="35">
						<String ID="P118_ST00244" HPOS="277" VPOS="1271" WIDTH="23" HEIGHT="27" CONTENT="la" WC="0.66" CC="14"/>
						<SP ID="P118_SP00220" HPOS="300" VPOS="1298" WIDTH="21"/>
						<String ID="P118_ST00245" HPOS="321" VPOS="1280" WIDTH="98" HEIGHT="18" CONTENT="corona" WC="0.54" CC="510369"/>
						<SP ID="P118_SP00221" HPOS="419" VPOS="1298" WIDTH="20"/>
						<String ID="P118_ST00246" HPOS="439" VPOS="1271" WIDTH="25" HEIGHT="26" CONTENT="in" WC="0.71" CC="05"/>
						<SP ID="P118_SP00222" HPOS="464" VPOS="1298" WIDTH="23"/>
						<String ID="P118_ST00247" HPOS="487" VPOS="1270" WIDTH="87" HEIGHT="28" CONTENT="Roma" WC="0.54" CC="5750"/>
						<SP ID="P118_SP00223" HPOS="574" VPOS="1298" WIDTH="28"/>
						<String ID="P118_ST00248" HPOS="602" VPOS="1280" WIDTH="13" HEIGHT="16" CONTENT="e" WC="1.00" CC="0"/>
						<SP ID="P118_SP00224" HPOS="615" VPOS="1298" WIDTH="25"/>
						<String ID="P118_ST00249" HPOS="640" VPOS="1279" WIDTH="44" HEIGHT="17" CONTENT="sua" WC="0.61" CC="470"/>
						<SP ID="P118_SP00225" HPOS="684" VPOS="1298" WIDTH="31"/>
						<String ID="P118_ST00250" HPOS="715" VPOS="1277" WIDTH="117" HEIGHT="28" CONTENT="magesta" WC="0.54" CC="9007447"/>
						<SP ID="P118_SP00226" HPOS="832" VPOS="1305" WIDTH="30"/>
						<String ID="P118_ST00251" HPOS="862" VPOS="1278" WIDTH="46" HEIGHT="27" CONTENT="per" WC="0.99" CC="000"/>
						<SP ID="P118_SP00227" HPOS="908" VPOS="1305" WIDTH="30"/>
						<String ID="P118_ST00252" HPOS="938" VPOS="1277" WIDTH="91" HEIGHT="27" CONTENT="pasare" WC="0.41" CC="796901"/>
						<SP ID="P118_SP00228" HPOS="1029" VPOS="1305" WIDTH="31"/>
						<String ID="P118_ST00253" HPOS="1060" VPOS="1273" WIDTH="165" HEIGHT="21" CONTENT="cautamente" WC="0.65" CC="6064705030"/>
					</TextLine>
					<TextLine ID="P118_TL00026" HPOS="278" VPOS="1315" WIDTH="947" HEIGHT="39">
						<String ID="P118_ST00254" HPOS="278" VPOS="1320" WIDTH="67" HEIGHT="26" CONTENT="mise" WC="0.66" CC="6600"/>
						<SP ID="P118_SP00229" HPOS="345" VPOS="1346" WIDTH="21"/>
						<String ID="P118_ST00255" HPOS="366" VPOS="1320" WIDTH="111" HEIGHT="26" CONTENT="insieme" WC="0.78" CC="0703040"/>
						<SP ID="P118_SP00230" HPOS="477" VPOS="1346" WIDTH="20"/>
						<String ID="P118_ST00256" HPOS="497" VPOS="1328" WIDTH="51" HEIGHT="18" CONTENT="una" WC="0.61" CC="109"/>
						<SP ID="P118_SP00231" HPOS="548" VPOS="1346" WIDTH="20"/>
						<String ID="P118_ST00257" HPOS="568" VPOS="1318" WIDTH="117" HEIGHT="36" CONTENT="quantità" WC="0.52" CC="97089200"/>
						<SP ID="P118_SP00232" HPOS="685" VPOS="1354" WIDTH="22"/>
						<String ID="P118_ST00258" HPOS="707" VPOS="1318" WIDTH="30" HEIGHT="27" CONTENT="de" WC="0.95" CC="01"/>
						<SP ID="P118_SP00233" HPOS="737" VPOS="1354" WIDTH="21"/>
						<String ID="P118_ST00259" HPOS="758" VPOS="1327" WIDTH="67" HEIGHT="17" CONTENT="nave" WC="0.69" CC="6005"/>
						<SP ID="P118_SP00234" HPOS="825" VPOS="1354" WIDTH="21"/>
						<String ID="P118_ST00260" HPOS="846" VPOS="1318" WIDTH="26" HEIGHT="26" CONTENT="in" WC="0.58" CC="25"/>
						<SP ID="P118_SP00235" HPOS="872" VPOS="1354" WIDTH="22"/>
						<String ID="P118_ST00261" HPOS="894" VPOS="1315" WIDTH="141" HEIGHT="29" CONTENT="barcelona" WC="0.59" CC="690004096"/>
						<SP ID="P118_SP00236" HPOS="1035" VPOS="1354" WIDTH="22"/>
						<String ID="P118_ST00262" HPOS="1057" VPOS="1326" WIDTH="13" HEIGHT="17" CONTENT="e" WC="1.00" CC="0"/>
						<SP ID="P118_SP00237" HPOS="1070" VPOS="1354" WIDTH="29"/>
						<String ID="P118_ST00263" HPOS="1099" VPOS="1325" WIDTH="77" HEIGHT="27" CONTENT="sopra" WC="0.80" CC="00009"/>
						<SP ID="P118_SP00238" HPOS="1176" VPOS="1354" WIDTH="27"/>
						<String ID="P118_ST00264" HPOS="1203" VPOS="1315" WIDTH="22" HEIGHT="27" CONTENT="le" WC="0.98" CC="00"/>
					</TextLine>
					<TextLine ID="P118_TL00027" HPOS="277" VPOS="1363" WIDTH="948" HEIGHT="38">
						<String ID="P118_ST00265" HPOS="277" VPOS="1368" WIDTH="54" HEIGHT="28" CONTENT="dite" WC="0.88" CC="0310"/>
						<SP ID="P118_SP00239" HPOS="331" VPOS="1396" WIDTH="20"/>
						<String ID="P118_ST00266" HPOS="351" VPOS="1378" WIDTH="67" HEIGHT="17" CONTENT="nave" WC="0.98" CC="0000"/>
						<SP ID="P118_SP00240" HPOS="418" VPOS="1396" WIDTH="20"/>
						<String ID="P118_ST00267" HPOS="438" VPOS="1367" WIDTH="56" HEIGHT="28" CONTENT="fece" WC="0.76" CC="0053"/>
						<SP ID="P118_SP00241" HPOS="494" VPOS="1396" WIDTH="20"/>
						<String ID="P118_ST00268" HPOS="514" VPOS="1367" WIDTH="146" HEIGHT="27" CONTENT="imbarcare" WC="0.63" CC="340027950"/>
						<SP ID="P118_SP00242" HPOS="660" VPOS="1396" WIDTH="21"/>
						<String ID="P118_ST00269" HPOS="681" VPOS="1366" WIDTH="32" HEIGHT="27" CONTENT="da" WC="0.83" CC="30"/>
						<SP ID="P118_SP00243" HPOS="713" VPOS="1396" WIDTH="25"/>
						<String ID="P118_ST00270" HPOS="738" VPOS="1374" WIDTH="29" HEIGHT="27" CONTENT="15" WC="1.00" CC="00"/>
						<SP ID="P118_SP00244" HPOS="767" VPOS="1401" WIDTH="23"/>
						<String ID="P118_ST00271" HPOS="790" VPOS="1367" WIDTH="27" HEIGHT="25" CONTENT="in" WC="0.62" CC="51"/>
						<SP ID="P118_SP00245" HPOS="817" VPOS="1401" WIDTH="24"/>
						<String ID="P118_ST00272" HPOS="841" VPOS="1367" WIDTH="30" HEIGHT="25" CONTENT="16" WC="0.55" CC="08"/>
						<SP ID="P118_SP00246" HPOS="871" VPOS="1401" WIDTH="23"/>
						<String ID="P118_ST00273" HPOS="894" VPOS="1365" WIDTH="72" HEIGHT="28" CONTENT="milia" WC="0.71" CC="72003"/>
						<SP ID="P118_SP00247" HPOS="966" VPOS="1401" WIDTH="22"/>
						<String ID="P118_ST00274" HPOS="988" VPOS="1364" WIDTH="63" HEIGHT="27" CONTENT="fanti" WC="0.34" CC="99606"/>
						<SP ID="P118_SP00248" HPOS="1051" VPOS="1401" WIDTH="21"/>
						<String ID="P118_ST00275" HPOS="1072" VPOS="1374" WIDTH="15" HEIGHT="18" CONTENT="e" WC="1.00" CC="0"/>
						<SP ID="P118_SP00249" HPOS="1087" VPOS="1401" WIDTH="12"/>
						<String ID="P118_ST00276" HPOS="1099" VPOS="1371" WIDTH="87" HEIGHT="30" CONTENT="yonto" WC="0.85" CC="70000"/>
						<SP ID="P118_SP00250" HPOS="1186" VPOS="1401" WIDTH="13"/>
						<String ID="P118_ST00277" HPOS="1199" VPOS="1363" WIDTH="26" HEIGHT="28" CONTENT="lo" WC="1.00" CC="00"/>
					</TextLine>
					<TextLine ID="P118_TL00028" HPOS="276" VPOS="1412" WIDTH="949" HEIGHT="41">
						<String ID="P118_ST00278" HPOS="276" VPOS="1418" WIDTH="122" HEIGHT="35" CONTENT="prencipe" WC="0.83" CC="90000300"/>
						<SP ID="P118_SP00251" HPOS="398" VPOS="1453" WIDTH="21"/>
						<String ID="P118_ST00279" HPOS="419" VPOS="1416" WIDTH="74" HEIGHT="27" CONTENT="doria" WC="0.70" CC="90050"/>
						<SP ID="P118_SP00252" HPOS="493" VPOS="1453" WIDTH="21"/>
						<String ID="P118_ST00280" HPOS="514" VPOS="1416" WIDTH="27" HEIGHT="26" CONTENT="in" WC="0.91" CC="10"/>
						<SP ID="P118_SP00253" HPOS="541" VPOS="1453" WIDTH="20"/>
						<String ID="P118_ST00281" HPOS="561" VPOS="1415" WIDTH="136" HEIGHT="27" CONTENT="barseiona" WC="0.76" CC="002005209"/>
						<SP ID="P118_SP00254" HPOS="697" VPOS="1453" WIDTH="24"/>
						<String ID="P118_ST00282" HPOS="721" VPOS="1414" WIDTH="26" HEIGHT="27" CONTENT="fu" WC="0.65" CC="07"/>
						<SP ID="P118_SP00255" HPOS="747" VPOS="1453" WIDTH="27"/>
						<String ID="P118_ST00283" HPOS="774" VPOS="1414" WIDTH="32" HEIGHT="27" CONTENT="da" WC="0.50" CC="09"/>
						<SP ID="P118_SP00256" HPOS="806" VPOS="1453" WIDTH="27"/>
						<String ID="P118_ST00284" HPOS="833" VPOS="1423" WIDTH="45" HEIGHT="17" CONTENT="sua" WC="0.67" CC="090"/>
						<SP ID="P118_SP00257" HPOS="878" VPOS="1453" WIDTH="25"/>
						<String ID="P118_ST00285" HPOS="903" VPOS="1422" WIDTH="119" HEIGHT="28" CONTENT="magesta" WC="0.62" CC="2000949"/>
						<SP ID="P118_SP00258" HPOS="1022" VPOS="1453" WIDTH="25"/>
						<String ID="P118_ST00286" HPOS="1047" VPOS="1412" WIDTH="178" HEIGHT="28" CONTENT="honorevole" SUBS_TYPE="HypPart1" SUBS_CONTENT="honorevolementi" WC="0.68" CC="64060005604"/>
						<HYP CONTENT="-"/>
					</TextLine>
					<TextLine ID="P118_TL00029" HPOS="276" VPOS="1461" WIDTH="949" HEIGHT="40">
						<String ID="P118_ST00287" HPOS="276" VPOS="1466" WIDTH="83" HEIGHT="27" CONTENT="menti" SUBS_TYPE="HypPart2" SUBS_CONTENT="honorevolementi" WC="0.52" CC="50665"/>
						<SP ID="P118_SP00259" HPOS="359" VPOS="1493" WIDTH="20"/>
						<String ID="P118_ST00288" HPOS="379" VPOS="1472" WIDTH="123" HEIGHT="29" CONTENT="reseputo" WC="0.78" CC="00007440"/>
						<SP ID="P118_SP00260" HPOS="502" VPOS="1501" WIDTH="21"/>
						<String ID="P118_ST00289" HPOS="523" VPOS="1473" WIDTH="13" HEIGHT="18" CONTENT="e" WC="0.80" CC="1"/>
						<SP ID="P118_SP00261" HPOS="536" VPOS="1501" WIDTH="16"/>
						<String ID="P118_ST00290" HPOS="552" VPOS="1472" WIDTH="118" HEIGHT="19" CONTENT="carezato" WC="0.75" CC="30600064"/>
						<SP ID="P118_SP00262" HPOS="670" VPOS="1501" WIDTH="14"/>
						<String ID="P118_ST00291" HPOS="684" VPOS="1473" WIDTH="15" HEIGHT="17" CONTENT="e" WC="0.96" CC="0"/>
						<SP ID="P118_SP00263" HPOS="699" VPOS="1501" WIDTH="13"/>
						<String ID="P118_ST00292" HPOS="712" VPOS="1462" WIDTH="88" HEIGHT="28" CONTENT="subito" WC="0.65" CC="074440"/>
						<SP ID="P118_SP00264" HPOS="800" VPOS="1501" WIDTH="16"/>
						<String ID="P118_ST00293" HPOS="816" VPOS="1472" WIDTH="45" HEIGHT="18" CONTENT="sua" WC="0.74" CC="160"/>
						<SP ID="P118_SP00265" HPOS="861" VPOS="1501" WIDTH="16"/>
						<String ID="P118_ST00294" HPOS="877" VPOS="1470" WIDTH="117" HEIGHT="29" CONTENT="magesta" WC="0.71" CC="2060037"/>
						<SP ID="P118_SP00266" HPOS="994" VPOS="1501" WIDTH="20"/>
						<String ID="P118_ST00295" HPOS="1014" VPOS="1461" WIDTH="56" HEIGHT="29" CONTENT="fece" WC="0.90" CC="0110"/>
						<SP ID="P118_SP00267" HPOS="1070" VPOS="1501" WIDTH="21"/>
						<String ID="P118_ST00296" HPOS="1091" VPOS="1461" WIDTH="134" HEIGHT="28" CONTENT="inbarcare" WC="0.56" CC="414806930"/>
					</TextLine>
					<TextLine ID="P118_TL00030" HPOS="275" VPOS="1510" WIDTH="947" HEIGHT="39">
						<String ID="P118_ST00297" HPOS="275" VPOS="1522" WIDTH="55" HEIGHT="19" CONTENT="tuta" WC="0.47" CC="6418"/>
						<SP ID="P118_SP00268" HPOS="330" VPOS="1541" WIDTH="13"/>
						<String ID="P118_ST00298" HPOS="343" VPOS="1514" WIDTH="24" HEIGHT="26" CONTENT="la" WC="0.81" CC="30"/>
						<SP ID="P118_SP00269" HPOS="367" VPOS="1541" WIDTH="19"/>
						<String ID="P118_ST00299" HPOS="386" VPOS="1521" WIDTH="72" HEIGHT="19" CONTENT="corte" WC="0.53" CC="60950"/>
						<SP ID="P118_SP00270" HPOS="458" VPOS="1541" WIDTH="15"/>
						<String ID="P118_ST00300" HPOS="473" VPOS="1523" WIDTH="13" HEIGHT="16" CONTENT="e" WC="0.67" CC="3"/>
						<SP ID="P118_SP00271" HPOS="486" VPOS="1541" WIDTH="12"/>
						<String ID="P118_ST00301" HPOS="498" VPOS="1523" WIDTH="46" HEIGHT="16" CONTENT="sua" WC="0.64" CC="009"/>
						<SP ID="P118_SP00272" HPOS="544" VPOS="1541" WIDTH="20"/>
						<String ID="P118_ST00302" HPOS="564" VPOS="1519" WIDTH="119" HEIGHT="30" CONTENT="magesta" WC="0.81" CC="7000050"/>
						<SP ID="P118_SP00273" HPOS="683" VPOS="1549" WIDTH="12"/>
						<String ID="P118_ST00303" HPOS="695" VPOS="1522" WIDTH="28" HEIGHT="17" CONTENT="se" WC="0.59" CC="08"/>
						<SP ID="P118_SP00274" HPOS="723" VPOS="1549" WIDTH="14"/>
						<String ID="P118_ST00304" HPOS="737" VPOS="1512" WIDTH="108" HEIGHT="27" CONTENT="inbarco" WC="0.85" CC="0600300"/>
						<SP ID="P118_SP00275" HPOS="845" VPOS="1549" WIDTH="16"/>
						<String ID="P118_ST00305" HPOS="861" VPOS="1521" WIDTH="77" HEIGHT="27" CONTENT="sopra" WC="0.54" CC="05079"/>
						<SP ID="P118_SP00276" HPOS="938" VPOS="1549" WIDTH="13"/>
						<String ID="P118_ST00306" HPOS="951" VPOS="1511" WIDTH="24" HEIGHT="27" CONTENT="la" WC="1.00" CC="00"/>
						<SP ID="P118_SP00277" HPOS="975" VPOS="1549" WIDTH="14"/>
						<String ID="P118_ST00307" HPOS="989" VPOS="1512" WIDTH="131" HEIGHT="36" CONTENT="capitania" WC="0.52" CC="090669540"/>
						<SP ID="P118_SP00278" HPOS="1120" VPOS="1549" WIDTH="15"/>
						<String ID="P118_ST00308" HPOS="1135" VPOS="1510" WIDTH="87" HEIGHT="37" CONTENT="galera" WC="0.51" CC="996210"/>
					</TextLine>
					<TextLine ID="P118_TL00031" HPOS="275" VPOS="1558" WIDTH="948" HEIGHT="40">
						<String ID="P118_ST00309" HPOS="275" VPOS="1562" WIDTH="31" HEIGHT="27" CONTENT="de" WC="1.00" CC="00"/>
						<SP ID="P118_SP00279" HPOS="306" VPOS="1589" WIDTH="20"/>
						<String ID="P118_ST00310" HPOS="326" VPOS="1562" WIDTH="26" HEIGHT="27" CONTENT="lo" WC="0.90" CC="02"/>
						<SP ID="P118_SP00280" HPOS="352" VPOS="1589" WIDTH="22"/>
						<String ID="P118_ST00311" HPOS="374" VPOS="1562" WIDTH="121" HEIGHT="36" CONTENT="prencipe" WC="0.76" CC="04025700"/>
						<SP ID="P118_SP00281" HPOS="495" VPOS="1598" WIDTH="20"/>
						<String ID="P118_ST00312" HPOS="515" VPOS="1561" WIDTH="75" HEIGHT="28" CONTENT="doria" WC="0.69" CC="03560"/>
						<SP ID="P118_SP00282" HPOS="590" VPOS="1598" WIDTH="20"/>
						<String ID="P118_ST00313" HPOS="610" VPOS="1570" WIDTH="52" HEIGHT="18" CONTENT="con" WC="0.51" CC="724"/>
						<SP ID="P118_SP00283" HPOS="662" VPOS="1598" WIDTH="20"/>
						<String ID="P118_ST00314" HPOS="682" VPOS="1561" WIDTH="83" HEIGHT="27" CONTENT="molta" WC="0.72" CC="00219"/>
						<SP ID="P118_SP00284" HPOS="765" VPOS="1598" WIDTH="21"/>
						<String ID="P118_ST00315" HPOS="786" VPOS="1569" WIDTH="76" HEIGHT="18" CONTENT="soma" WC="0.75" CC="1160"/>
						<SP ID="P118_SP00285" HPOS="862" VPOS="1598" WIDTH="21"/>
						<String ID="P118_ST00316" HPOS="883" VPOS="1560" WIDTH="32" HEIGHT="26" CONTENT="de" WC="0.41" CC="82"/>
						<SP ID="P118_SP00286" HPOS="915" VPOS="1598" WIDTH="20"/>
						<String ID="P118_ST00317" HPOS="935" VPOS="1559" WIDTH="94" HEIGHT="28" CONTENT="baroni" WC="0.81" CC="002026"/>
						<SP ID="P118_SP00287" HPOS="1029" VPOS="1598" WIDTH="21"/>
						<String ID="P118_ST00318" HPOS="1050" VPOS="1558" WIDTH="32" HEIGHT="29" CONTENT="de" WC="0.50" CC="90"/>
						<SP ID="P118_SP00288" HPOS="1082" VPOS="1598" WIDTH="21"/>
						<String ID="P118_ST00319" HPOS="1103" VPOS="1559" WIDTH="19" HEIGHT="27" CONTENT="li" WC="0.35" CC="75"/>
						<SP ID="P118_SP00289" HPOS="1122" VPOS="1598" WIDTH="21"/>
						<String ID="P118_ST00320" HPOS="1143" VPOS="1559" WIDTH="80" HEIGHT="36" CONTENT="primi" WC="0.64" CC="04705"/>
					</TextLine>
					<TextLine ID="P118_TL00032" HPOS="276" VPOS="1607" WIDTH="949" HEIGHT="41">
						<String ID="P118_ST00321" HPOS="276" VPOS="1611" WIDTH="32" HEIGHT="28" CONTENT="de" WC="1.00" CC="00"/>
						<SP ID="P118_SP00290" HPOS="308" VPOS="1639" WIDTH="21"/>
						<String ID="P118_ST00322" HPOS="329" VPOS="1611" WIDTH="104" HEIGHT="37" CONTENT="Spagna" WC="0.64" CC="049060"/>
						<SP ID="P118_SP00291" HPOS="433" VPOS="1648" WIDTH="20"/>
						<String ID="P118_ST00323" HPOS="453" VPOS="1620" WIDTH="13" HEIGHT="17" CONTENT="e" WC="1.00" CC="0"/>
						<SP ID="P118_SP00292" HPOS="466" VPOS="1648" WIDTH="21"/>
						<String ID="P118_ST00324" HPOS="487" VPOS="1618" WIDTH="80" HEIGHT="19" CONTENT="como" WC="0.92" CC="1001"/>
						<SP ID="P118_SP00293" HPOS="567" VPOS="1648" WIDTH="20"/>
						<String ID="P118_ST00325" HPOS="587" VPOS="1611" WIDTH="77" HEIGHT="25" CONTENT="turno" WC="0.47" CC="86560"/>
						<SP ID="P118_SP00294" HPOS="664" VPOS="1648" WIDTH="21"/>
						<String ID="P118_ST00326" HPOS="685" VPOS="1608" WIDTH="126" HEIGHT="28" CONTENT="inbarcati" WC="0.58" CC="507067064"/>
						<SP ID="P118_SP00295" HPOS="811" VPOS="1648" WIDTH="20"/>
						<String ID="P118_ST00327" HPOS="831" VPOS="1608" WIDTH="24" HEIGHT="27" CONTENT="le" WC="0.61" CC="16"/>
						<SP ID="P118_SP00296" HPOS="855" VPOS="1648" WIDTH="20"/>
						<String ID="P118_ST00328" HPOS="875" VPOS="1617" WIDTH="68" HEIGHT="18" CONTENT="nave" WC="0.92" CC="3000"/>
						<SP ID="P118_SP00297" HPOS="943" VPOS="1648" WIDTH="17"/>
						<String ID="P118_ST00329" HPOS="960" VPOS="1617" WIDTH="14" HEIGHT="18" CONTENT="e" WC="1.00" CC="0"/>
						<SP ID="P118_SP00298" HPOS="974" VPOS="1648" WIDTH="14"/>
						<String ID="P118_ST00330" HPOS="988" VPOS="1608" WIDTH="23" HEIGHT="27" CONTENT="le" WC="1.00" CC="00"/>
						<SP ID="P118_SP00299" HPOS="1011" VPOS="1648" WIDTH="13"/>
						<String ID="P118_ST00331" HPOS="1024" VPOS="1610" WIDTH="89" HEIGHT="35" CONTENT="galere" WC="0.81" CC="060040"/>
						<SP ID="P118_SP00300" HPOS="1113" VPOS="1648" WIDTH="15"/>
						<String ID="P118_ST00332" HPOS="1128" VPOS="1607" WIDTH="97" HEIGHT="28" CONTENT="deteno" WC="0.81" CC="005032"/>
					</TextLine>
					<TextLine ID="P118_TL00033" HPOS="276" VPOS="1656" WIDTH="949" HEIGHT="38">
						<String ID="P118_ST00333" HPOS="276" VPOS="1660" WIDTH="23" HEIGHT="31" CONTENT="le" WC="0.47" CC="54"/>
						<SP ID="P118_SP00301" HPOS="299" VPOS="1691" WIDTH="20"/>
						<String ID="P118_ST00334" HPOS="319" VPOS="1659" WIDTH="57" HEIGHT="29" CONTENT="vele" WC="0.62" CC="0733"/>
						<SP ID="P118_SP00302" HPOS="376" VPOS="1691" WIDTH="22"/>
						<String ID="P118_ST00335" HPOS="398" VPOS="1659" WIDTH="24" HEIGHT="28" CONTENT="al" WC="0.80" CC="04"/>
						<SP ID="P118_SP00303" HPOS="422" VPOS="1691" WIDTH="20"/>
						<String ID="P118_ST00336" HPOS="442" VPOS="1666" WIDTH="81" HEIGHT="21" CONTENT="vento" WC="0.71" CC="02705"/>
						<SP ID="P118_SP00304" HPOS="523" VPOS="1691" WIDTH="20"/>
						<String ID="P118_ST00337" HPOS="543" VPOS="1657" WIDTH="149" HEIGHT="29" CONTENT="navicando" WC="0.63" CC="500458044"/>
						<SP ID="P118_SP00305" HPOS="692" VPOS="1691" WIDTH="22"/>
						<String ID="P118_ST00338" HPOS="714" VPOS="1667" WIDTH="77" HEIGHT="18" CONTENT="verso" WC="0.67" CC="00761"/>
						<SP ID="P118_SP00306" HPOS="791" VPOS="1691" WIDTH="20"/>
						<String ID="P118_ST00339" HPOS="811" VPOS="1667" WIDTH="88" HEIGHT="27" CONTENT="genoa" WC="0.61" CC="44009"/>
						<SP ID="P118_SP00307" HPOS="899" VPOS="1694" WIDTH="21"/>
						<String ID="P118_ST00340" HPOS="920" VPOS="1667" WIDTH="14" HEIGHT="19" CONTENT="e" WC="0.84" CC="1"/>
						<SP ID="P118_SP00308" HPOS="934" VPOS="1694" WIDTH="21"/>
						<String ID="P118_ST00341" HPOS="955" VPOS="1666" WIDTH="52" HEIGHT="19" CONTENT="con" WC="0.48" CC="635"/>
						<SP ID="P118_SP00309" HPOS="1007" VPOS="1694" WIDTH="27"/>
						<String ID="P118_ST00342" HPOS="1034" VPOS="1656" WIDTH="73" HEIGHT="29" CONTENT="bono" WC="0.57" CC="5352"/>
						<SP ID="P118_SP00310" HPOS="1107" VPOS="1694" WIDTH="27"/>
						<String ID="P118_ST00343" HPOS="1134" VPOS="1663" WIDTH="91" HEIGHT="31" CONTENT="tempo" WC="0.75" CC="50600"/>
					</TextLine>
				</TextBlock>
			</PrintSpace>
		</Page>
	</Layout>
</alto>
