<?xml version="1.0" encoding="UTF-8"?>
<alto xmlns:xsi="http://www.w3.org/2001/XMLSchema-instance" xsi:noNamespaceSchemaLocation="http://www.bl.uk/schemas/alto/alto-1-4.xsd" xmlns:xlink="http://www.w3.org/1999/xlink">
	<Description>
		<MeasurementUnit>mm10</MeasurementUnit>
		<sourceImageInformation>
			<fileName>//head1/IN/2008-29/A0011808733/000629.jp2</fileName>
		</sourceImageInformation>
		<OCRProcessing ID="OCRPROCESSING_1">
			<preProcessingStep>
				<processingSoftware>
					<softwareCreator>CCS Content Conversion Specialists GmbH, Germany</softwareCreator>
					<softwareName>CCS docWORKS</softwareName>
					<softwareVersion>6.1-0.67</softwareVersion>
				</processingSoftware>
			</preProcessingStep>
			<ocrProcessingStep>
				<processingSoftware>
					<softwareCreator>ABBYY (BIT Software), Russia</softwareCreator>
					<softwareName>Finereader</softwareName>
				</processingSoftware>
			</ocrProcessingStep>
		</OCRProcessing>
	</Description>
	<Styles/>
	<Layout>
		<Page ID="P375" PHYSICAL_IMG_NR="375" HEIGHT="2078" WIDTH="1373" POSITION="Right">
			<TopMargin ID="P375_TM00001" HPOS="0" VPOS="0" WIDTH="1373" HEIGHT="0"/>
			<LeftMargin ID="P375_LM00001" HPOS="0" VPOS="0" WIDTH="0" HEIGHT="2077"/>
			<RightMargin ID="P375_RM00001" HPOS="1373" VPOS="0" WIDTH="0" HEIGHT="2077"/>
			<BottomMargin ID="P375_BM00001" HPOS="0" VPOS="2077" WIDTH="1373" HEIGHT="0"/>
			<PrintSpace ID="P375_PS00001" HPOS="0" VPOS="0" WIDTH="1373" HEIGHT="2077"/>
		</Page>
	</Layout>
</alto>
