<?xml version="1.0" encoding="UTF-8"?>
<alto xmlns:xsi="http://www.w3.org/2001/XMLSchema-instance" xsi:noNamespaceSchemaLocation="http://www.bl.uk/schemas/alto/alto-1-4.xsd" xmlns:xlink="http://www.w3.org/1999/xlink">
	<Description>
		<MeasurementUnit>mm10</MeasurementUnit>
		<sourceImageInformation>
			<fileName>//head1/IN/2008-29/A0011808733/000288.jp2</fileName>
		</sourceImageInformation>
		<OCRProcessing ID="OCRPROCESSING_1">
			<preProcessingStep>
				<processingSoftware>
					<softwareCreator>CCS Content Conversion Specialists GmbH, Germany</softwareCreator>
					<softwareName>CCS docWORKS</softwareName>
					<softwareVersion>6.1-0.67</softwareVersion>
				</processingSoftware>
			</preProcessingStep>
			<ocrProcessingStep>
				<processingSoftware>
					<softwareCreator>ABBYY (BIT Software), Russia</softwareCreator>
					<softwareName>Finereader</softwareName>
				</processingSoftware>
			</ocrProcessingStep>
		</OCRProcessing>
	</Description>
	<Styles>
		<TextStyle ID="TXT_0" FONTSIZE="11" FONTFAMILY="Courier New"/>
		<TextStyle ID="TXT_1" FONTSIZE="9" FONTFAMILY="Courier New"/>
		<ParagraphStyle ID="PAR_LEFT" ALIGN="Left"/>
		<ParagraphStyle ID="PAR_RIGHT" ALIGN="Right"/>
	</Styles>
	<Layout>
		<Page ID="P34" PHYSICAL_IMG_NR="34" HEIGHT="2078" WIDTH="1373" PRINTED_IMG_NR="20" POSITION="Left" ACCURACY="61.42">
			<TopMargin ID="P34_TM00001" HPOS="0" VPOS="0" WIDTH="1373" HEIGHT="113">
				<TextBlock ID="P34_TB00001" HPOS="299" VPOS="93" WIDTH="33" HEIGHT="18" STYLEREFS="TXT_0 PAR_LEFT">
					<TextLine ID="P34_TL00001" HPOS="299" VPOS="93" WIDTH="33" HEIGHT="18">
						<String ID="P34_ST00001" HPOS="299" VPOS="93" WIDTH="33" HEIGHT="18" CONTENT="20" WC="1.00" CC="00"/>
					</TextLine>
				</TextBlock>
			</TopMargin>
			<LeftMargin ID="P34_LM00001" HPOS="0" VPOS="113" WIDTH="291" HEIGHT="1632"/>
			<RightMargin ID="P34_RM00001" HPOS="1257" VPOS="113" WIDTH="116" HEIGHT="1632"/>
			<BottomMargin ID="P34_BM00001" HPOS="0" VPOS="1745" WIDTH="1373" HEIGHT="332"/>
			<PrintSpace ID="P34_PS00001" HPOS="291" VPOS="113" WIDTH="966" HEIGHT="1632">
				<TextBlock ID="P34_TB00002" HPOS="295" VPOS="135" WIDTH="962" HEIGHT="339" STYLEREFS="TXT_1 PAR_LEFT">
					<TextLine ID="P34_TL00002" HPOS="296" VPOS="136" WIDTH="961" HEIGHT="45">
						<String ID="P34_ST00002" HPOS="296" VPOS="145" WIDTH="67" HEIGHT="28" CONTENT="richi" WC="0.67" CC="26330"/>
						<SP ID="P34_SP00001" HPOS="363" VPOS="173" WIDTH="20"/>
						<String ID="P34_ST00003" HPOS="383" VPOS="144" WIDTH="26" HEIGHT="27" CONTENT="di" WC="0.77" CC="04"/>
						<SP ID="P34_SP00002" HPOS="409" VPOS="173" WIDTH="21"/>
						<String ID="P34_ST00004" HPOS="430" VPOS="150" WIDTH="73" HEIGHT="31" CONTENT="peste" WC="0.93" CC="01100"/>
						<SP ID="P34_SP00003" HPOS="503" VPOS="181" WIDTH="21"/>
						<String ID="P34_ST00005" HPOS="524" VPOS="143" WIDTH="23" HEIGHT="27" CONTENT="la" WC="0.27" CC="77"/>
						<SP ID="P34_SP00004" HPOS="547" VPOS="181" WIDTH="21"/>
						<String ID="P34_ST00006" HPOS="568" VPOS="142" WIDTH="75" HEIGHT="37" CONTENT="quale" WC="0.58" CC="03970"/>
						<SP ID="P34_SP00005" HPOS="643" VPOS="181" WIDTH="22"/>
						<String ID="P34_ST00007" HPOS="665" VPOS="150" WIDTH="27" HEIGHT="18" CONTENT="se" WC="1.00" CC="00"/>
						<SP ID="P34_SP00006" HPOS="692" VPOS="181" WIDTH="22"/>
						<String ID="P34_ST00008" HPOS="714" VPOS="139" WIDTH="92" HEIGHT="28" CONTENT="diceva" WC="0.65" CC="025109"/>
						<SP ID="P34_SP00007" HPOS="806" VPOS="181" WIDTH="22"/>
						<String ID="P34_ST00009" HPOS="828" VPOS="138" WIDTH="47" HEIGHT="28" CONTENT="che" WC="0.60" CC="650"/>
						<SP ID="P34_SP00008" HPOS="875" VPOS="181" WIDTH="16"/>
						<String ID="P34_ST00010" HPOS="891" VPOS="148" WIDTH="42" HEIGHT="18" CONTENT="era" WC="0.65" CC="207"/>
						<SP ID="P34_SP00009" HPOS="933" VPOS="181" WIDTH="16"/>
						<String ID="P34_ST00011" HPOS="949" VPOS="138" WIDTH="68" HEIGHT="27" CONTENT="uzita" WC="0.62" CC="14750"/>
						<SP ID="P34_SP00010" HPOS="1017" VPOS="181" WIDTH="22"/>
						<String ID="P34_ST00012" HPOS="1039" VPOS="136" WIDTH="30" HEIGHT="27" CONTENT="da" WC="0.94" CC="01"/>
						<SP ID="P34_SP00011" HPOS="1069" VPOS="181" WIDTH="23"/>
						<String ID="P34_ST00013" HPOS="1092" VPOS="144" WIDTH="51" HEIGHT="18" CONTENT="una" WC="0.40" CC="169"/>
						<SP ID="P34_SP00012" HPOS="1143" VPOS="181" WIDTH="22"/>
						<String ID="P34_ST00014" HPOS="1165" VPOS="143" WIDTH="92" HEIGHT="18" CONTENT="caraca" WC="0.65" CC="502660"/>
					</TextLine>
					<TextLine ID="P34_TL00003" HPOS="298" VPOS="183" WIDTH="959" HEIGHT="43">
						<String ID="P34_ST00015" HPOS="298" VPOS="204" WIDTH="13" HEIGHT="17" CONTENT="e" WC="0.22" CC="7"/>
						<SP ID="P34_SP00013" HPOS="311" VPOS="221" WIDTH="21"/>
						<String ID="P34_ST00016" HPOS="332" VPOS="204" WIDTH="53" HEIGHT="17" CONTENT="uno" WC="0.74" CC="141"/>
						<SP ID="P34_SP00014" HPOS="385" VPOS="221" WIDTH="16"/>
						<String ID="P34_ST00017" HPOS="401" VPOS="202" WIDTH="128" HEIGHT="19" CONTENT="caracone" WC="0.64" CC="46060260"/>
						<SP ID="P34_SP00015" HPOS="529" VPOS="221" WIDTH="14"/>
						<String ID="P34_ST00018" HPOS="543" VPOS="191" WIDTH="92" HEIGHT="28" CONTENT="venuti" WC="0.86" CC="000104"/>
						<SP ID="P34_SP00016" HPOS="635" VPOS="221" WIDTH="14"/>
						<String ID="P34_ST00019" HPOS="649" VPOS="189" WIDTH="32" HEIGHT="28" CONTENT="da" WC="1.00" CC="00"/>
						<SP ID="P34_SP00017" HPOS="681" VPOS="221" WIDTH="14"/>
						<String ID="P34_ST00020" HPOS="695" VPOS="188" WIDTH="98" HEIGHT="38" CONTENT="Napoli" WC="0.81" CC="035200"/>
						<SP ID="P34_SP00018" HPOS="793" VPOS="226" WIDTH="15"/>
						<String ID="P34_ST00021" HPOS="808" VPOS="188" WIDTH="94" HEIGHT="27" CONTENT="carche" WC="0.68" CC="403550"/>
						<SP ID="P34_SP00019" HPOS="902" VPOS="226" WIDTH="13"/>
						<String ID="P34_ST00022" HPOS="915" VPOS="187" WIDTH="32" HEIGHT="28" CONTENT="de" WC="1.00" CC="00"/>
						<SP ID="P34_SP00020" HPOS="947" VPOS="226" WIDTH="15"/>
						<String ID="P34_ST00023" HPOS="962" VPOS="187" WIDTH="124" HEIGHT="28" CONTENT="Fransezi" WC="0.77" CC="03072040"/>
						<SP ID="P34_SP00021" HPOS="1086" VPOS="226" WIDTH="21"/>
						<String ID="P34_ST00024" HPOS="1107" VPOS="194" WIDTH="13" HEIGHT="17" CONTENT="e" WC="1.00" CC="0"/>
						<SP ID="P34_SP00022" HPOS="1120" VPOS="226" WIDTH="16"/>
						<String ID="P34_ST00025" HPOS="1136" VPOS="185" WIDTH="27" HEIGHT="26" CONTENT="in" WC="0.42" CC="55"/>
						<SP ID="P34_SP00023" HPOS="1163" VPOS="226" WIDTH="14"/>
						<String ID="P34_ST00026" HPOS="1177" VPOS="183" WIDTH="80" HEIGHT="27" CONTENT="breve" WC="0.90" CC="05000"/>
					</TextLine>
					<TextLine ID="P34_TL00004" HPOS="298" VPOS="235" WIDTH="959" HEIGHT="42">
						<String ID="P34_ST00027" HPOS="298" VPOS="243" WIDTH="78" HEIGHT="30" CONTENT="yorni" WC="0.46" CC="83077"/>
						<SP ID="P34_SP00024" HPOS="376" VPOS="273" WIDTH="21"/>
						<String ID="P34_ST00028" HPOS="397" VPOS="253" WIDTH="27" HEIGHT="17" CONTENT="se" WC="0.62" CC="42"/>
						<SP ID="P34_SP00025" HPOS="424" VPOS="273" WIDTH="29"/>
						<String ID="P34_ST00029" HPOS="453" VPOS="241" WIDTH="78" HEIGHT="36" CONTENT="afogo" WC="0.81" CC="00602"/>
						<SP ID="P34_SP00026" HPOS="531" VPOS="277" WIDTH="21"/>
						<String ID="P34_ST00030" HPOS="552" VPOS="241" WIDTH="35" HEIGHT="27" CONTENT="tal" WC="0.15" CC="896"/>
						<SP ID="P34_SP00027" HPOS="587" VPOS="277" WIDTH="21"/>
						<String ID="P34_ST00031" HPOS="608" VPOS="239" WIDTH="84" HEIGHT="28" CONTENT="menti" WC="0.56" CC="46423"/>
						<SP ID="P34_SP00028" HPOS="692" VPOS="277" WIDTH="21"/>
						<String ID="P34_ST00032" HPOS="713" VPOS="238" WIDTH="49" HEIGHT="27" CONTENT="che" WC="0.59" CC="560"/>
						<SP ID="P34_SP00029" HPOS="762" VPOS="277" WIDTH="23"/>
						<String ID="P34_ST00033" HPOS="785" VPOS="237" WIDTH="106" HEIGHT="28" CONTENT="moriva" WC="0.92" CC="000400"/>
						<SP ID="P34_SP00030" HPOS="891" VPOS="277" WIDTH="23"/>
						<String ID="P34_ST00034" HPOS="914" VPOS="237" WIDTH="46" HEIGHT="36" CONTENT="più" WC="0.72" CC="034"/>
						<SP ID="P34_SP00031" HPOS="960" VPOS="277" WIDTH="28"/>
						<String ID="P34_ST00035" HPOS="988" VPOS="235" WIDTH="32" HEIGHT="27" CONTENT="de" WC="1.00" CC="00"/>
						<SP ID="P34_SP00032" HPOS="1020" VPOS="277" WIDTH="27"/>
						<String ID="P34_ST00036" HPOS="1047" VPOS="242" WIDTH="76" HEIGHT="20" CONTENT="sento" WC="0.49" CC="73445"/>
						<SP ID="P34_SP00033" HPOS="1123" VPOS="277" WIDTH="20"/>
						<String ID="P34_ST00037" HPOS="1143" VPOS="242" WIDTH="114" HEIGHT="29" CONTENT="persone" WC="0.88" CC="0040030"/>
					</TextLine>
					<TextLine ID="P34_TL00005" HPOS="297" VPOS="282" WIDTH="960" HEIGHT="45">
						<String ID="P34_ST00038" HPOS="297" VPOS="293" WIDTH="26" HEIGHT="27" CONTENT="lo" WC="0.42" CC="37"/>
						<SP ID="P34_SP00034" HPOS="323" VPOS="320" WIDTH="20"/>
						<String ID="P34_ST00039" HPOS="343" VPOS="300" WIDTH="87" HEIGHT="27" CONTENT="yorno" WC="0.68" CC="25080"/>
						<SP ID="P34_SP00035" HPOS="430" VPOS="327" WIDTH="15"/>
						<String ID="P34_ST00040" HPOS="445" VPOS="300" WIDTH="13" HEIGHT="17" CONTENT="e" WC="1.00" CC="0"/>
						<SP ID="P34_SP00036" HPOS="458" VPOS="327" WIDTH="16"/>
						<String ID="P34_ST00041" HPOS="474" VPOS="290" WIDTH="66" HEIGHT="27" CONTENT="assai" WC="0.58" CC="00676"/>
						<SP ID="P34_SP00037" HPOS="540" VPOS="327" WIDTH="21"/>
						<String ID="P34_ST00042" HPOS="561" VPOS="297" WIDTH="90" HEIGHT="29" CONTENT="presto" WC="0.82" CC="001009"/>
						<SP ID="P34_SP00038" HPOS="651" VPOS="327" WIDTH="21"/>
						<String ID="P34_ST00043" HPOS="672" VPOS="288" WIDTH="49" HEIGHT="27" CONTENT="tuti" WC="0.69" CC="4043"/>
						<SP ID="P34_SP00039" HPOS="721" VPOS="327" WIDTH="21"/>
						<String ID="P34_ST00044" HPOS="742" VPOS="287" WIDTH="17" HEIGHT="28" CONTENT="li" WC="0.63" CC="52"/>
						<SP ID="P34_SP00040" HPOS="759" VPOS="327" WIDTH="22"/>
						<String ID="P34_ST00045" HPOS="781" VPOS="286" WIDTH="108" HEIGHT="29" CONTENT="citadini" WC="0.70" CC="42090015"/>
						<SP ID="P34_SP00041" HPOS="889" VPOS="327" WIDTH="22"/>
						<String ID="P34_ST00046" HPOS="911" VPOS="295" WIDTH="27" HEIGHT="17" CONTENT="se" WC="0.75" CC="40"/>
						<SP ID="P34_SP00042" HPOS="938" VPOS="327" WIDTH="16"/>
						<String ID="P34_ST00047" HPOS="954" VPOS="286" WIDTH="89" HEIGHT="26" CONTENT="tirono" WC="0.70" CC="650040"/>
						<SP ID="P34_SP00043" HPOS="1043" VPOS="327" WIDTH="15"/>
						<String ID="P34_ST00048" HPOS="1058" VPOS="286" WIDTH="58" HEIGHT="25" CONTENT="fora" WC="0.73" CC="8020"/>
						<SP ID="P34_SP00044" HPOS="1116" VPOS="327" WIDTH="14"/>
						<String ID="P34_ST00049" HPOS="1130" VPOS="293" WIDTH="13" HEIGHT="17" CONTENT="a" WC="1.00" CC="0"/>
						<SP ID="P34_SP00045" HPOS="1143" VPOS="327" WIDTH="14"/>
						<String ID="P34_ST00050" HPOS="1157" VPOS="282" WIDTH="24" HEIGHT="27" CONTENT="le" WC="1.00" CC="00"/>
						<SP ID="P34_SP00046" HPOS="1181" VPOS="327" WIDTH="15"/>
						<String ID="P34_ST00051" HPOS="1196" VPOS="282" WIDTH="61" HEIGHT="27" CONTENT="ville" WC="0.78" CC="01620"/>
					</TextLine>
					<TextLine ID="P34_TL00006" HPOS="298" VPOS="331" WIDTH="959" HEIGHT="43">
						<String ID="P34_ST00052" HPOS="298" VPOS="351" WIDTH="12" HEIGHT="17" CONTENT="e" WC="0.74" CC="2"/>
						<SP ID="P34_SP00047" HPOS="310" VPOS="368" WIDTH="21"/>
						<String ID="P34_ST00053" HPOS="331" VPOS="342" WIDTH="28" HEIGHT="26" CONTENT="in" WC="0.96" CC="00"/>
						<SP ID="P34_SP00048" HPOS="359" VPOS="368" WIDTH="21"/>
						<String ID="P34_ST00054" HPOS="380" VPOS="340" WIDTH="78" HEIGHT="28" CONTENT="breve" WC="0.76" CC="10009"/>
						<SP ID="P34_SP00049" HPOS="458" VPOS="368" WIDTH="23"/>
						<String ID="P34_ST00055" HPOS="481" VPOS="341" WIDTH="21" HEIGHT="26" CONTENT="la" WC="1.00" CC="00"/>
						<SP ID="P34_SP00050" HPOS="502" VPOS="368" WIDTH="22"/>
						<String ID="P34_ST00056" HPOS="524" VPOS="340" WIDTH="50" HEIGHT="26" CONTENT="cita" WC="0.36" CC="7638"/>
						<SP ID="P34_SP00051" HPOS="574" VPOS="368" WIDTH="21"/>
						<String ID="P34_ST00057" HPOS="595" VPOS="348" WIDTH="27" HEIGHT="17" CONTENT="se" WC="0.83" CC="03"/>
						<SP ID="P34_SP00052" HPOS="622" VPOS="368" WIDTH="21"/>
						<String ID="P34_ST00058" HPOS="643" VPOS="337" WIDTH="109" HEIGHT="37" CONTENT="spachio" WC="0.75" CC="0005650"/>
						<SP ID="P34_SP00053" HPOS="752" VPOS="374" WIDTH="15"/>
						<String ID="P34_ST00059" HPOS="767" VPOS="337" WIDTH="92" HEIGHT="36" CONTENT="poveri" WC="0.94" CC="300000"/>
						<SP ID="P34_SP00054" HPOS="859" VPOS="374" WIDTH="15"/>
						<String ID="P34_ST00060" HPOS="874" VPOS="345" WIDTH="14" HEIGHT="18" CONTENT="e" WC="1.00" CC="0"/>
						<SP ID="P34_SP00055" HPOS="888" VPOS="374" WIDTH="16"/>
						<String ID="P34_ST00061" HPOS="904" VPOS="334" WIDTH="63" HEIGHT="28" CONTENT="richi" WC="0.58" CC="02665"/>
						<SP ID="P34_SP00056" HPOS="967" VPOS="374" WIDTH="17"/>
						<String ID="P34_ST00062" HPOS="984" VPOS="344" WIDTH="14" HEIGHT="17" CONTENT="e" WC="1.00" CC="0"/>
						<SP ID="P34_SP00057" HPOS="998" VPOS="374" WIDTH="15"/>
						<String ID="P34_ST00063" HPOS="1013" VPOS="333" WIDTH="31" HEIGHT="28" CONTENT="da" WC="0.66" CC="06"/>
						<SP ID="P34_SP00058" HPOS="1044" VPOS="374" WIDTH="15"/>
						<String ID="P34_ST00064" HPOS="1059" VPOS="342" WIDTH="57" HEIGHT="18" CONTENT="tute" WC="0.77" CC="0260"/>
						<SP ID="P34_SP00059" HPOS="1116" VPOS="374" WIDTH="15"/>
						<String ID="P34_ST00065" HPOS="1131" VPOS="331" WIDTH="84" HEIGHT="28" CONTENT="bande" WC="0.57" CC="76700"/>
						<SP ID="P34_SP00060" HPOS="1215" VPOS="374" WIDTH="15"/>
						<String ID="P34_ST00066" HPOS="1230" VPOS="341" WIDTH="27" HEIGHT="18" CONTENT="se" WC="1.00" CC="00"/>
					</TextLine>
					<TextLine ID="P34_TL00007" HPOS="298" VPOS="381" WIDTH="959" HEIGHT="44">
						<String ID="P34_ST00067" HPOS="298" VPOS="389" WIDTH="63" HEIGHT="29" CONTENT="sazia" WC="0.60" CC="26640"/>
						<SP ID="P34_SP00061" HPOS="361" VPOS="418" WIDTH="20"/>
						<String ID="P34_ST00068" HPOS="381" VPOS="387" WIDTH="98" HEIGHT="31" CONTENT="cabane" WC="0.47" CC="077960"/>
						<SP ID="P34_SP00062" HPOS="479" VPOS="418" WIDTH="21"/>
						<String ID="P34_ST00069" HPOS="500" VPOS="398" WIDTH="46" HEIGHT="27" CONTENT="per" WC="0.87" CC="003"/>
						<SP ID="P34_SP00063" HPOS="546" VPOS="425" WIDTH="22"/>
						<String ID="P34_ST00070" HPOS="568" VPOS="386" WIDTH="97" HEIGHT="28" CONTENT="abitare" WC="0.69" CC="6056030"/>
						<SP ID="P34_SP00064" HPOS="665" VPOS="425" WIDTH="20"/>
						<String ID="P34_ST00071" HPOS="685" VPOS="386" WIDTH="25" HEIGHT="28" CONTENT="la" WC="0.71" CC="05"/>
						<SP ID="P34_SP00065" HPOS="710" VPOS="425" WIDTH="20"/>
						<String ID="P34_ST00072" HPOS="730" VPOS="386" WIDTH="143" HEIGHT="37" CONTENT="poveragia" WC="0.52" CC="405059079"/>
						<SP ID="P34_SP00066" HPOS="873" VPOS="425" WIDTH="21"/>
						<String ID="P34_ST00073" HPOS="894" VPOS="395" WIDTH="13" HEIGHT="17" CONTENT="e" WC="1.00" CC="0"/>
						<SP ID="P34_SP00067" HPOS="907" VPOS="425" WIDTH="21"/>
						<String ID="P34_ST00074" HPOS="928" VPOS="385" WIDTH="50" HEIGHT="27" CONTENT="tuti" WC="0.90" CC="0040"/>
						<SP ID="P34_SP00068" HPOS="978" VPOS="425" WIDTH="21"/>
						<String ID="P34_ST00075" HPOS="999" VPOS="384" WIDTH="17" HEIGHT="26" CONTENT="li" WC="0.60" CC="42"/>
						<SP ID="P34_SP00069" HPOS="1016" VPOS="425" WIDTH="15"/>
						<String ID="P34_ST00076" HPOS="1031" VPOS="382" WIDTH="95" HEIGHT="28" CONTENT="boschi" WC="0.81" CC="200511"/>
						<SP ID="P34_SP00070" HPOS="1126" VPOS="425" WIDTH="14"/>
						<String ID="P34_ST00077" HPOS="1140" VPOS="381" WIDTH="86" HEIGHT="29" CONTENT="verini" WC="0.49" CC="307738"/>
						<SP ID="P34_SP00071" HPOS="1226" VPOS="425" WIDTH="17"/>
						<String ID="P34_ST00078" HPOS="1243" VPOS="391" WIDTH="14" HEIGHT="17" CONTENT="a" WC="1.00" CC="0"/>
					</TextLine>
					<TextLine ID="P34_TL00008" HPOS="297" VPOS="431" WIDTH="959" HEIGHT="43">
						<String ID="P34_ST00079" HPOS="297" VPOS="439" WIDTH="23" HEIGHT="28" CONTENT="ia" WC="0.22" CC="87"/>
						<SP ID="P34_SP00072" HPOS="320" VPOS="467" WIDTH="22"/>
						<String ID="P34_ST00080" HPOS="342" VPOS="440" WIDTH="50" HEIGHT="26" CONTENT="cita" WC="0.82" CC="7000"/>
						<SP ID="P34_SP00073" HPOS="392" VPOS="467" WIDTH="20"/>
						<String ID="P34_ST00081" HPOS="412" VPOS="447" WIDTH="81" HEIGHT="18" CONTENT="erano" WC="0.77" CC="05032"/>
						<SP ID="P34_SP00074" HPOS="493" VPOS="467" WIDTH="21"/>
						<String ID="P34_ST00082" HPOS="514" VPOS="438" WIDTH="71" HEIGHT="36" CONTENT="pieni" WC="0.55" CC="55144"/>
						<SP ID="P34_SP00075" HPOS="585" VPOS="474" WIDTH="23"/>
						<String ID="P34_ST00083" HPOS="608" VPOS="436" WIDTH="31" HEIGHT="28" CONTENT="de" WC="0.79" CC="04"/>
						<SP ID="P34_SP00076" HPOS="639" VPOS="474" WIDTH="20"/>
						<String ID="P34_ST00084" HPOS="659" VPOS="436" WIDTH="98" HEIGHT="28" CONTENT="cabane" WC="0.67" CC="705420"/>
						<SP ID="P34_SP00077" HPOS="757" VPOS="474" WIDTH="22"/>
						<String ID="P34_ST00085" HPOS="779" VPOS="445" WIDTH="12" HEIGHT="18" CONTENT="e" WC="0.45" CC="5"/>
						<SP ID="P34_SP00078" HPOS="791" VPOS="474" WIDTH="23"/>
						<String ID="P34_ST00086" HPOS="814" VPOS="445" WIDTH="32" HEIGHT="17" CONTENT="ne" WC="0.37" CC="57"/>
						<SP ID="P34_SP00079" HPOS="846" VPOS="474" WIDTH="22"/>
						<String ID="P34_ST00087" HPOS="868" VPOS="434" WIDTH="107" HEIGHT="27" CONTENT="moriva" WC="0.56" CC="405249"/>
						<SP ID="P34_SP00080" HPOS="975" VPOS="474" WIDTH="19"/>
						<String ID="P34_ST00088" HPOS="994" VPOS="433" WIDTH="66" HEIGHT="27" CONTENT="tanti" WC="0.49" CC="46831"/>
						<SP ID="P34_SP00081" HPOS="1060" VPOS="474" WIDTH="22"/>
						<String ID="P34_ST00089" HPOS="1082" VPOS="431" WIDTH="48" HEIGHT="28" CONTENT="che" WC="0.63" CC="531"/>
						<SP ID="P34_SP00082" HPOS="1130" VPOS="474" WIDTH="14"/>
						<String ID="P34_ST00090" HPOS="1144" VPOS="441" WIDTH="43" HEIGHT="18" CONTENT="era" WC="0.35" CC="458"/>
						<SP ID="P34_SP00083" HPOS="1187" VPOS="474" WIDTH="14"/>
						<String ID="P34_ST00091" HPOS="1201" VPOS="440" WIDTH="55" HEIGHT="18" CONTENT="uno" WC="0.74" CC="340"/>
					</TextLine>
				</TextBlock>
				<TextBlock ID="P34_TB00003" HPOS="292" VPOS="600" WIDTH="964" HEIGHT="197" STYLEREFS="TXT_1 PAR_LEFT">
					<TextLine ID="P34_TL00009" HPOS="338" VPOS="600" WIDTH="918" HEIGHT="29">
						<String ID="P34_ST00092" HPOS="338" VPOS="605" WIDTH="146" HEIGHT="22" CONTENT="Produciamo" WC="0.68" CC="5050422046"/>
						<SP ID="P34_SP00084" HPOS="484" VPOS="627" WIDTH="16"/>
						<String ID="P34_ST00093" HPOS="500" VPOS="605" WIDTH="41" HEIGHT="20" CONTENT="due" WC="0.57" CC="471"/>
						<SP ID="P34_SP00085" HPOS="541" VPOS="627" WIDTH="18"/>
						<String ID="P34_ST00094" HPOS="559" VPOS="603" WIDTH="66" HEIGHT="23" CONTENT="Brevi" WC="0.56" CC="80706"/>
						<SP ID="P34_SP00086" HPOS="625" VPOS="627" WIDTH="23"/>
						<String ID="P34_ST00095" HPOS="648" VPOS="603" WIDTH="20" HEIGHT="21" CONTENT="di" WC="1.00" CC="00"/>
						<SP ID="P34_SP00087" HPOS="668" VPOS="627" WIDTH="19"/>
						<String ID="P34_ST00096" HPOS="687" VPOS="602" WIDTH="77" HEIGHT="22" CONTENT="Giulio" WC="0.53" CC="055554"/>
						<SP ID="P34_SP00088" HPOS="764" VPOS="627" WIDTH="12"/>
						<String ID="P34_ST00097" HPOS="776" VPOS="602" WIDTH="19" HEIGHT="22" CONTENT="II" WC="0.26" CC="86"/>
						<SP ID="P34_SP00089" HPOS="795" VPOS="627" WIDTH="22"/>
						<String ID="P34_ST00098" HPOS="817" VPOS="602" WIDTH="86" HEIGHT="22" CONTENT="estratti" WC="0.66" CC="70008405"/>
						<SP ID="P34_SP00090" HPOS="903" VPOS="627" WIDTH="22"/>
						<String ID="P34_ST00099" HPOS="925" VPOS="601" WIDTH="162" HEIGHT="21" CONTENT="dall'Archivio" WC="0.66" CC="7808300500064"/>
						<SP ID="P34_SP00091" HPOS="1087" VPOS="627" WIDTH="19"/>
						<String ID="P34_ST00100" HPOS="1106" VPOS="600" WIDTH="62" HEIGHT="29" CONTENT="Segr." WC="0.90" CC="03010"/>
						<SP ID="P34_SP00092" HPOS="1168" VPOS="629" WIDTH="19"/>
						<String ID="P34_ST00101" HPOS="1187" VPOS="600" WIDTH="69" HEIGHT="22" CONTENT="Vatic." WC="0.61" CC="073570"/>
					</TextLine>
					<TextLine ID="P34_TL00010" HPOS="293" VPOS="640" WIDTH="961" HEIGHT="34">
						<String ID="P34_ST00102" HPOS="293" VPOS="646" WIDTH="42" HEIGHT="22" CONTENT="Col" WC="0.68" CC="054"/>
						<SP ID="P34_SP00093" HPOS="335" VPOS="668" WIDTH="17"/>
						<String ID="P34_ST00103" HPOS="352" VPOS="646" WIDTH="72" HEIGHT="28" CONTENT="primo" WC="0.88" CC="00041"/>
						<SP ID="P34_SP00094" HPOS="424" VPOS="674" WIDTH="16"/>
						<String ID="P34_ST00104" HPOS="440" VPOS="646" WIDTH="76" HEIGHT="21" CONTENT="chiede" WC="0.45" CC="667650"/>
						<SP ID="P34_SP00095" HPOS="516" VPOS="674" WIDTH="18"/>
						<String ID="P34_ST00105" HPOS="534" VPOS="645" WIDTH="42" HEIGHT="29" CONTENT="agli" WC="0.62" CC="6071"/>
						<SP ID="P34_SP00096" HPOS="576" VPOS="674" WIDTH="20"/>
						<String ID="P34_ST00106" HPOS="596" VPOS="645" WIDTH="93" HEIGHT="21" CONTENT="Anziani" WC="0.42" CC="9770870"/>
						<SP ID="P34_SP00097" HPOS="689" VPOS="674" WIDTH="16"/>
						<String ID="P34_ST00107" HPOS="705" VPOS="644" WIDTH="41" HEIGHT="22" CONTENT="che" WC="0.57" CC="560"/>
						<SP ID="P34_SP00098" HPOS="746" VPOS="674" WIDTH="17"/>
						<String ID="P34_ST00108" HPOS="763" VPOS="651" WIDTH="45" HEIGHT="14" CONTENT="non" WC="0.45" CC="457"/>
						<SP ID="P34_SP00099" HPOS="808" VPOS="674" WIDTH="18"/>
						<String ID="P34_ST00109" HPOS="826" VPOS="644" WIDTH="31" HEIGHT="21" CONTENT="sia" WC="0.50" CC="517"/>
						<SP ID="P34_SP00100" HPOS="857" VPOS="674" WIDTH="22"/>
						<String ID="P34_ST00110" HPOS="879" VPOS="649" WIDTH="114" HEIGHT="23" CONTENT="permesso" WC="0.70" CC="04002646"/>
						<SP ID="P34_SP00101" HPOS="993" VPOS="674" WIDTH="21"/>
						<String ID="P34_ST00111" HPOS="1014" VPOS="642" WIDTH="19" HEIGHT="21" CONTENT="ai" WC="0.30" CC="76"/>
						<SP ID="P34_SP00102" HPOS="1033" VPOS="674" WIDTH="23"/>
						<String ID="P34_ST00112" HPOS="1056" VPOS="641" WIDTH="101" HEIGHT="22" CONTENT="cittadini" WC="0.65" CC="025075360"/>
						<SP ID="P34_SP00103" HPOS="1157" VPOS="674" WIDTH="23"/>
						<String ID="P34_ST00113" HPOS="1180" VPOS="640" WIDTH="74" HEIGHT="23" CONTENT="infetti" WC="0.65" CC="5007407"/>
					</TextLine>
					<TextLine ID="P34_TL00011" HPOS="293" VPOS="682" WIDTH="963" HEIGHT="35">
						<String ID="P34_ST00114" HPOS="293" VPOS="696" WIDTH="13" HEIGHT="14" CONTENT="o" WC="0.52" CC="4"/>
						<SP ID="P34_SP00104" HPOS="306" VPOS="710" WIDTH="16"/>
						<String ID="P34_ST00115" HPOS="322" VPOS="688" WIDTH="92" HEIGHT="29" CONTENT="sospetti" WC="0.68" CC="03304650"/>
						<SP ID="P34_SP00105" HPOS="414" VPOS="717" WIDTH="17"/>
						<String ID="P34_ST00116" HPOS="431" VPOS="688" WIDTH="20" HEIGHT="21" CONTENT="di" WC="0.74" CC="05"/>
						<SP ID="P34_SP00106" HPOS="451" VPOS="717" WIDTH="18"/>
						<String ID="P34_ST00117" HPOS="469" VPOS="692" WIDTH="68" HEIGHT="24" CONTENT="peste," WC="0.76" CC="005250"/>
						<SP ID="P34_SP00107" HPOS="537" VPOS="717" WIDTH="17"/>
						<String ID="P34_ST00118" HPOS="554" VPOS="687" WIDTH="21" HEIGHT="21" CONTENT="di" WC="0.18" CC="87"/>
						<SP ID="P34_SP00108" HPOS="575" VPOS="717" WIDTH="17"/>
						<String ID="P34_ST00119" HPOS="592" VPOS="686" WIDTH="143" HEIGHT="28" CONTENT="accamparsi," WC="0.65" CC="71406070740"/>
						<SP ID="P34_SP00109" HPOS="735" VPOS="717" WIDTH="17"/>
						<String ID="P34_ST00120" HPOS="752" VPOS="693" WIDTH="64" HEIGHT="14" CONTENT="come" WC="0.34" CC="6477"/>
						<SP ID="P34_SP00110" HPOS="816" VPOS="717" WIDTH="18"/>
						<String ID="P34_ST00121" HPOS="834" VPOS="685" WIDTH="69" HEIGHT="22" CONTENT="allora" WC="0.63" CC="800409"/>
						<SP ID="P34_SP00111" HPOS="903" VPOS="717" WIDTH="17"/>
						<String ID="P34_ST00122" HPOS="920" VPOS="685" WIDTH="17" HEIGHT="22" CONTENT="si" WC="0.61" CC="51"/>
						<SP ID="P34_SP00112" HPOS="937" VPOS="717" WIDTH="18"/>
						<String ID="P34_ST00123" HPOS="955" VPOS="684" WIDTH="75" HEIGHT="22" CONTENT="faceva" WC="0.30" CC="177599"/>
						<SP ID="P34_SP00113" HPOS="1030" VPOS="717" WIDTH="11"/>
						<String ID="P34_ST00124" HPOS="1041" VPOS="683" WIDTH="58" HEIGHT="30" CONTENT="negli" WC="0.74" CC="03800"/>
						<SP ID="P34_SP00114" HPOS="1099" VPOS="717" WIDTH="11"/>
						<String ID="P34_ST00125" HPOS="1110" VPOS="682" WIDTH="50" HEIGHT="24" CONTENT="altri" WC="0.56" CC="65305"/>
						<SP ID="P34_SP00115" HPOS="1160" VPOS="717" WIDTH="14"/>
						<String ID="P34_ST00126" HPOS="1174" VPOS="683" WIDTH="82" HEIGHT="26" CONTENT="boschi," WC="0.79" CC="0036002"/>
					</TextLine>
					<TextLine ID="P34_TL00012" HPOS="293" VPOS="724" WIDTH="963" HEIGHT="33">
						<String ID="P34_ST00127" HPOS="293" VPOS="730" WIDTH="34" HEIGHT="21" CONTENT="nei" WC="0.61" CC="560"/>
						<SP ID="P34_SP00116" HPOS="327" VPOS="751" WIDTH="18"/>
						<String ID="P34_ST00128" HPOS="345" VPOS="729" WIDTH="68" HEIGHT="28" CONTENT="pressi" WC="0.69" CC="013246"/>
						<SP ID="P34_SP00117" HPOS="413" VPOS="757" WIDTH="17"/>
						<String ID="P34_ST00129" HPOS="430" VPOS="729" WIDTH="21" HEIGHT="22" CONTENT="di" WC="1.00" CC="00"/>
						<SP ID="P34_SP00118" HPOS="451" VPOS="757" WIDTH="17"/>
						<String ID="P34_ST00130" HPOS="468" VPOS="728" WIDTH="19" HEIGHT="23" CONTENT="S." WC="0.52" CC="81"/>
						<SP ID="P34_SP00119" HPOS="487" VPOS="757" WIDTH="18"/>
						<String ID="P34_ST00131" HPOS="505" VPOS="728" WIDTH="118" HEIGHT="26" CONTENT="Giacomo," WC="0.62" CC="00709560"/>
						<SP ID="P34_SP00120" HPOS="623" VPOS="757" WIDTH="18"/>
						<String ID="P34_ST00132" HPOS="641" VPOS="727" WIDTH="94" HEIGHT="22" CONTENT="affinchè" WC="0.34" CC="69745666"/>
						<SP ID="P34_SP00121" HPOS="735" VPOS="757" WIDTH="17"/>
						<String ID="P34_ST00133" HPOS="752" VPOS="726" WIDTH="6" HEIGHT="21" CONTENT="i" WC="0.42" CC="5"/>
						<SP ID="P34_SP00122" HPOS="758" VPOS="757" WIDTH="17"/>
						<String ID="P34_ST00134" HPOS="775" VPOS="725" WIDTH="50" HEIGHT="23" CONTENT="frati" WC="0.71" CC="00724"/>
						<SP ID="P34_SP00123" HPOS="825" VPOS="757" WIDTH="18"/>
						<String ID="P34_ST00135" HPOS="843" VPOS="727" WIDTH="25" HEIGHT="21" CONTENT="da" WC="1.00" CC="00"/>
						<SP ID="P34_SP00124" HPOS="868" VPOS="757" WIDTH="18"/>
						<String ID="P34_ST00136" HPOS="886" VPOS="726" WIDTH="70" HEIGHT="30" CONTENT="questi" WC="0.61" CC="655600"/>
						<SP ID="P34_SP00125" HPOS="956" VPOS="757" WIDTH="19"/>
						<String ID="P34_ST00137" HPOS="975" VPOS="724" WIDTH="176" HEIGHT="30" CONTENT="accampamenti" WC="0.53" CC="753790796000"/>
						<SP ID="P34_SP00126" HPOS="1151" VPOS="757" WIDTH="19"/>
						<String ID="P34_ST00138" HPOS="1170" VPOS="731" WIDTH="45" HEIGHT="15" CONTENT="non" WC="0.31" CC="847"/>
						<SP ID="P34_SP00127" HPOS="1215" VPOS="757" WIDTH="14"/>
						<String ID="P34_ST00139" HPOS="1229" VPOS="731" WIDTH="27" HEIGHT="14" CONTENT="ne" WC="1.00" CC="00"/>
					</TextLine>
					<TextLine ID="P34_TL00013" HPOS="293" VPOS="769" WIDTH="226" HEIGHT="28">
						<String ID="P34_ST00140" HPOS="293" VPOS="777" WIDTH="102" HEIGHT="15" CONTENT="avessero" WC="0.60" CC="70564007"/>
						<SP ID="P34_SP00128" HPOS="395" VPOS="792" WIDTH="17"/>
						<String ID="P34_ST00141" HPOS="412" VPOS="778" WIDTH="12" HEIGHT="13" CONTENT="a" WC="0.27" CC="7"/>
						<SP ID="P34_SP00129" HPOS="424" VPOS="792" WIDTH="18"/>
						<String ID="P34_ST00142" HPOS="442" VPOS="769" WIDTH="77" HEIGHT="28" CONTENT="patire." WC="0.72" CC="9024030"/>
					</TextLine>
				</TextBlock>
				<TextBlock ID="P34_TB00004" HPOS="291" VPOS="807" WIDTH="964" HEIGHT="116" STYLEREFS="TXT_1 PAR_LEFT">
					<TextLine ID="P34_TL00014" HPOS="353" VPOS="807" WIDTH="902" HEIGHT="29">
						<String ID="P34_ST00143" HPOS="353" VPOS="811" WIDTH="89" HEIGHT="22" CONTENT="L'altro" WC="0.74" CC="5460100"/>
						<SP ID="P34_SP00130" HPOS="442" VPOS="833" WIDTH="16"/>
						<String ID="P34_ST00144" HPOS="458" VPOS="811" WIDTH="34" HEIGHT="21" CONTENT="del" WC="0.54" CC="462"/>
						<SP ID="P34_SP00131" HPOS="492" VPOS="833" WIDTH="22"/>
						<String ID="P34_ST00145" HPOS="514" VPOS="817" WIDTH="22" HEIGHT="19" CONTENT="13" WC="0.56" CC="08"/>
						<SP ID="P34_SP00132" HPOS="536" VPOS="836" WIDTH="20"/>
						<String ID="P34_ST00146" HPOS="556" VPOS="810" WIDTH="118" HEIGHT="22" CONTENT="Dicembre" WC="0.51" CC="52756505"/>
						<SP ID="P34_SP00133" HPOS="674" VPOS="836" WIDTH="17"/>
						<String ID="P34_ST00147" HPOS="691" VPOS="815" WIDTH="69" HEIGHT="17" CONTENT="stesso" WC="0.33" CC="866557"/>
						<SP ID="P34_SP00134" HPOS="760" VPOS="836" WIDTH="11"/>
						<String ID="P34_ST00148" HPOS="771" VPOS="817" WIDTH="66" HEIGHT="19" CONTENT="anno," WC="0.38" CC="78770"/>
						<SP ID="P34_SP00135" HPOS="837" VPOS="836" WIDTH="9"/>
						<String ID="P34_ST00149" HPOS="846" VPOS="809" WIDTH="82" HEIGHT="22" CONTENT="diretto" WC="0.56" CC="0704467"/>
						<SP ID="P34_SP00136" HPOS="928" VPOS="836" WIDTH="11"/>
						<String ID="P34_ST00150" HPOS="939" VPOS="816" WIDTH="11" HEIGHT="14" CONTENT="a" WC="0.34" CC="6"/>
						<SP ID="P34_SP00137" HPOS="950" VPOS="836" WIDTH="12"/>
						<String ID="P34_ST00151" HPOS="962" VPOS="808" WIDTH="114" HEIGHT="22" CONTENT="Lodovico" WC="0.77" CC="04000760"/>
						<SP ID="P34_SP00138" HPOS="1076" VPOS="836" WIDTH="8"/>
						<String ID="P34_ST00152" HPOS="1084" VPOS="807" WIDTH="32" HEIGHT="22" CONTENT="Re" WC="0.48" CC="36"/>
						<SP ID="P34_SP00139" HPOS="1116" VPOS="836" WIDTH="11"/>
						<String ID="P34_ST00153" HPOS="1127" VPOS="807" WIDTH="20" HEIGHT="22" CONTENT="di" WC="0.85" CC="02"/>
						<SP ID="P34_SP00140" HPOS="1147" VPOS="836" WIDTH="11"/>
						<String ID="P34_ST00154" HPOS="1158" VPOS="807" WIDTH="97" HEIGHT="27" CONTENT="Francia," WC="0.57" CC="00666571"/>
					</TextLine>
					<TextLine ID="P34_TL00015" HPOS="292" VPOS="849" WIDTH="963" HEIGHT="31">
						<String ID="P34_ST00155" HPOS="292" VPOS="852" WIDTH="95" HEIGHT="23" CONTENT="affinchè" WC="0.58" CC="61117174"/>
						<SP ID="P34_SP00141" HPOS="387" VPOS="875" WIDTH="16"/>
						<String ID="P34_ST00156" HPOS="403" VPOS="852" WIDTH="96" HEIGHT="22" CONTENT="conceda" WC="0.31" CC="4667697"/>
						<SP ID="P34_SP00142" HPOS="499" VPOS="875" WIDTH="18"/>
						<String ID="P34_ST00157" HPOS="517" VPOS="852" WIDTH="19" HEIGHT="21" CONTENT="ai" WC="0.27" CC="86"/>
						<SP ID="P34_SP00143" HPOS="536" VPOS="875" WIDTH="17"/>
						<String ID="P34_ST00158" HPOS="553" VPOS="853" WIDTH="105" HEIGHT="20" CONTENT="Savonesi" WC="0.32" CC="97966652"/>
						<SP ID="P34_SP00144" HPOS="658" VPOS="875" WIDTH="14"/>
						<String ID="P34_ST00159" HPOS="672" VPOS="851" WIDTH="21" HEIGHT="21" CONTENT="di" WC="0.91" CC="01"/>
						<SP ID="P34_SP00145" HPOS="693" VPOS="875" WIDTH="18"/>
						<String ID="P34_ST00160" HPOS="711" VPOS="856" WIDTH="94" HEIGHT="17" CONTENT="estrarre" WC="0.55" CC="65707603"/>
						<SP ID="P34_SP00146" HPOS="805" VPOS="875" WIDTH="16"/>
						<String ID="P34_ST00161" HPOS="821" VPOS="857" WIDTH="71" HEIGHT="23" CONTENT="grano" WC="0.73" CC="70005"/>
						<SP ID="P34_SP00147" HPOS="892" VPOS="880" WIDTH="16"/>
						<String ID="P34_ST00162" HPOS="908" VPOS="850" WIDTH="58" HEIGHT="22" CONTENT="dalla" WC="0.55" CC="05627"/>
						<SP ID="P34_SP00148" HPOS="966" VPOS="880" WIDTH="18"/>
						<String ID="P34_ST00163" HPOS="984" VPOS="850" WIDTH="113" HEIGHT="21" CONTENT="Provenza" WC="0.70" CC="06300157"/>
						<SP ID="P34_SP00149" HPOS="1097" VPOS="880" WIDTH="12"/>
						<String ID="P34_ST00164" HPOS="1109" VPOS="849" WIDTH="94" HEIGHT="22" CONTENT="essendo" WC="0.56" CC="2655702"/>
						<SP ID="P34_SP00150" HPOS="1203" VPOS="880" WIDTH="12"/>
						<String ID="P34_ST00165" HPOS="1215" VPOS="849" WIDTH="40" HEIGHT="21" CONTENT="essi" WC="0.74" CC="3420"/>
					</TextLine>
					<TextLine ID="P34_TL00016" HPOS="292" VPOS="890" WIDTH="873" HEIGHT="33">
						<String ID="P34_ST00166" HPOS="292" VPOS="894" WIDTH="23" HEIGHT="22" CONTENT="in" WC="0.74" CC="50"/>
						<SP ID="P34_SP00151" HPOS="315" VPOS="916" WIDTH="16"/>
						<String ID="P34_ST00167" HPOS="331" VPOS="901" WIDTH="67" HEIGHT="22" CONTENT="grave" WC="0.52" CC="52509"/>
						<SP ID="P34_SP00152" HPOS="398" VPOS="923" WIDTH="16"/>
						<String ID="P34_ST00168" HPOS="414" VPOS="894" WIDTH="92" HEIGHT="28" CONTENT="penuria" WC="0.56" CC="0567507"/>
						<SP ID="P34_SP00153" HPOS="506" VPOS="923" WIDTH="17"/>
						<String ID="P34_ST00169" HPOS="523" VPOS="900" WIDTH="11" HEIGHT="15" CONTENT="e" WC="0.72" CC="2"/>
						<SP ID="P34_SP00154" HPOS="534" VPOS="923" WIDTH="17"/>
						<String ID="P34_ST00170" HPOS="551" VPOS="894" WIDTH="26" HEIGHT="21" CONTENT="da" WC="0.50" CC="90"/>
						<SP ID="P34_SP00155" HPOS="577" VPOS="923" WIDTH="17"/>
						<String ID="P34_ST00171" HPOS="594" VPOS="900" WIDTH="56" HEIGHT="22" CONTENT="poco" WC="0.32" CC="9655"/>
						<SP ID="P34_SP00156" HPOS="650" VPOS="923" WIDTH="17"/>
						<String ID="P34_ST00172" HPOS="667" VPOS="893" WIDTH="63" HEIGHT="21" CONTENT="usciti" WC="0.66" CC="147033"/>
						<SP ID="P34_SP00157" HPOS="730" VPOS="923" WIDTH="17"/>
						<String ID="P34_ST00173" HPOS="747" VPOS="893" WIDTH="20" HEIGHT="21" CONTENT="di" WC="1.00" CC="00"/>
						<SP ID="P34_SP00158" HPOS="767" VPOS="923" WIDTH="17"/>
						<String ID="P34_ST00174" HPOS="784" VPOS="891" WIDTH="111" HEIGHT="31" CONTENT="travaglio" WC="0.73" CC="400079012"/>
						<SP ID="P34_SP00159" HPOS="895" VPOS="923" WIDTH="16"/>
						<String ID="P34_ST00175" HPOS="911" VPOS="899" WIDTH="39" HEIGHT="22" CONTENT="per" WC="0.88" CC="021"/>
						<SP ID="P34_SP00160" HPOS="950" VPOS="923" WIDTH="17"/>
						<String ID="P34_ST00176" HPOS="967" VPOS="890" WIDTH="52" HEIGHT="23" CONTENT="fiera" WC="0.76" CC="00360"/>
						<SP ID="P34_SP00161" HPOS="1019" VPOS="923" WIDTH="18"/>
						<String ID="P34_ST00177" HPOS="1037" VPOS="890" WIDTH="128" HEIGHT="30" CONTENT="pestilenza." WC="0.56" CC="07521880670"/>
					</TextLine>
				</TextBlock>
				<TextBlock ID="P34_TB00005" HPOS="336" VPOS="934" WIDTH="230" HEIGHT="22" STYLEREFS="TXT_1 PAR_LEFT">
					<TextLine ID="P34_TL00017" HPOS="337" VPOS="934" WIDTH="229" HEIGHT="22">
						<String ID="P34_ST00178" HPOS="337" VPOS="935" WIDTH="67" HEIGHT="21" CONTENT="Arch." WC="0.96" CC="00100"/>
						<SP ID="P34_SP00162" HPOS="404" VPOS="956" WIDTH="17"/>
						<String ID="P34_ST00179" HPOS="421" VPOS="935" WIDTH="58" HEIGHT="21" CONTENT="Secr." WC="0.64" CC="45700"/>
						<SP ID="P34_SP00163" HPOS="479" VPOS="956" WIDTH="20"/>
						<String ID="P34_ST00180" HPOS="499" VPOS="934" WIDTH="67" HEIGHT="22" CONTENT="Vatic." WC="0.57" CC="075570"/>
					</TextLine>
				</TextBlock>
				<TextBlock ID="P34_TB00006" HPOS="336" VPOS="975" WIDTH="344" HEIGHT="23" STYLEREFS="TXT_1 PAR_LEFT">
					<TextLine ID="P34_TL00018" HPOS="337" VPOS="975" WIDTH="343" HEIGHT="23">
						<String ID="P34_ST00181" HPOS="337" VPOS="977" WIDTH="63" HEIGHT="21" CONTENT="Brev." WC="0.80" CC="26000"/>
						<SP ID="P34_SP00164" HPOS="400" VPOS="998" WIDTH="18"/>
						<String ID="P34_ST00182" HPOS="418" VPOS="976" WIDTH="48" HEIGHT="22" CONTENT="Iulii" WC="0.65" CC="05506"/>
						<SP ID="P34_SP00165" HPOS="466" VPOS="998" WIDTH="16"/>
						<String ID="P34_ST00183" HPOS="482" VPOS="977" WIDTH="25" HEIGHT="21" CONTENT="II." WC="1.00" CC="000"/>
						<SP ID="P34_SP00166" HPOS="507" VPOS="998" WIDTH="17"/>
						<String ID="P34_ST00184" HPOS="524" VPOS="975" WIDTH="26" HEIGHT="22" CONTENT="T." WC="1.00" CC="00"/>
						<SP ID="P34_SP00167" HPOS="550" VPOS="998" WIDTH="19"/>
						<String ID="P34_ST00185" HPOS="569" VPOS="975" WIDTH="15" HEIGHT="22" CONTENT="I." WC="0.86" CC="20"/>
						<SP ID="P34_SP00168" HPOS="584" VPOS="998" WIDTH="17"/>
						<String ID="P34_ST00186" HPOS="601" VPOS="976" WIDTH="28" HEIGHT="21" CONTENT="N." WC="0.39" CC="83"/>
						<SP ID="P34_SP00169" HPOS="629" VPOS="998" WIDTH="17"/>
						<String ID="P34_ST00187" HPOS="646" VPOS="982" WIDTH="34" HEIGHT="15" CONTENT="22." WC="0.75" CC="600"/>
					</TextLine>
				</TextBlock>
				<TextBlock ID="P34_TB00007" HPOS="336" VPOS="1016" WIDTH="304" HEIGHT="29" STYLEREFS="TXT_1 PAR_LEFT">
					<TextLine ID="P34_TL00019" HPOS="337" VPOS="1016" WIDTH="303" HEIGHT="29">
						<String ID="P34_ST00188" HPOS="337" VPOS="1017" WIDTH="46" HEIGHT="23" CONTENT="Fol." WC="0.68" CC="1460"/>
						<SP ID="P34_SP00170" HPOS="383" VPOS="1040" WIDTH="22"/>
						<String ID="P34_ST00189" HPOS="405" VPOS="1024" WIDTH="4" HEIGHT="14" CONTENT="1" WC="0.25" CC="7"/>
						<String ID="P34_ST00190" HPOS="416" VPOS="1016" WIDTH="38" HEIGHT="29" CONTENT="45°" WC="0.29" CC="884"/>
						<SP ID="P34_SP00171" HPOS="454" VPOS="1045" WIDTH="19"/>
						<String ID="P34_ST00191" HPOS="473" VPOS="1023" WIDTH="10" HEIGHT="15" CONTENT="2" WC="0.26" CC="7"/>
						<SP ID="P34_SP00172" HPOS="483" VPOS="1045" WIDTH="19"/>
						<String ID="P34_ST00192" HPOS="502" VPOS="1018" WIDTH="57" HEIGHT="27" CONTENT="Aug." WC="0.94" CC="0200"/>
						<SP ID="P34_SP00173" HPOS="559" VPOS="1045" WIDTH="22"/>
						<String ID="P34_ST00193" HPOS="581" VPOS="1023" WIDTH="59" HEIGHT="21" CONTENT="1504." WC="0.71" CC="08050"/>
					</TextLine>
				</TextBlock>
				<TextBlock ID="P34_TB00008" HPOS="426" VPOS="1056" WIDTH="828" HEIGHT="29" STYLEREFS="TXT_1 PAR_RIGHT">
					<TextLine ID="P34_TL00020" HPOS="427" VPOS="1056" WIDTH="827" HEIGHT="29">
						<String ID="P34_ST00194" HPOS="427" VPOS="1059" WIDTH="103" HEIGHT="21" CONTENT="Antianis" WC="0.64" CC="06030565"/>
						<SP ID="P34_SP00174" HPOS="530" VPOS="1080" WIDTH="17"/>
						<String ID="P34_ST00195" HPOS="547" VPOS="1058" WIDTH="48" HEIGHT="21" CONTENT="Civ." WC="0.75" CC="0603"/>
						<SP ID="P34_SP00175" HPOS="595" VPOS="1080" WIDTH="17"/>
						<String ID="P34_ST00196" HPOS="612" VPOS="1057" WIDTH="87" HEIGHT="22" CONTENT="Saonae" WC="0.36" CC="696087"/>
						<SP ID="P34_SP00176" HPOS="699" VPOS="1080" WIDTH="18"/>
						<String ID="P34_ST00197" HPOS="717" VPOS="1062" WIDTH="23" HEIGHT="16" CONTENT="ut" WC="0.55" CC="44"/>
						<SP ID="P34_SP00177" HPOS="740" VPOS="1080" WIDTH="17"/>
						<String ID="P34_ST00198" HPOS="757" VPOS="1065" WIDTH="46" HEIGHT="14" CONTENT="non" WC="0.18" CC="797"/>
						<SP ID="P34_SP00178" HPOS="803" VPOS="1080" WIDTH="18"/>
						<String ID="P34_ST00199" HPOS="821" VPOS="1057" WIDTH="131" HEIGHT="28" CONTENT="permittant" WC="0.74" CC="0526000065"/>
						<SP ID="P34_SP00179" HPOS="952" VPOS="1085" WIDTH="18"/>
						<String ID="P34_ST00200" HPOS="970" VPOS="1056" WIDTH="96" HEIGHT="29" CONTENT="aliquem" WC="0.40" CC="7260499"/>
						<SP ID="P34_SP00180" HPOS="1066" VPOS="1085" WIDTH="14"/>
						<String ID="P34_ST00201" HPOS="1080" VPOS="1056" WIDTH="112" HEIGHT="26" CONTENT="accedere," WC="0.42" CC="579706644"/>
						<SP ID="P34_SP00181" HPOS="1192" VPOS="1085" WIDTH="12"/>
						<String ID="P34_ST00202" HPOS="1204" VPOS="1061" WIDTH="50" HEIGHT="16" CONTENT="tem-" WC="0.49" CC="6390"/>
					</TextLine>
				</TextBlock>
				<TextBlock ID="P34_TB00009" HPOS="367" VPOS="1097" WIDTH="887" HEIGHT="31" STYLEREFS="TXT_1 PAR_RIGHT">
					<TextLine ID="P34_TL00021" HPOS="368" VPOS="1097" WIDTH="886" HEIGHT="31">
						<String ID="P34_ST00203" HPOS="368" VPOS="1106" WIDTH="52" HEIGHT="22" CONTENT="pore" WC="0.91" CC="0200"/>
						<SP ID="P34_SP00182" HPOS="420" VPOS="1128" WIDTH="17"/>
						<String ID="P34_ST00204" HPOS="437" VPOS="1099" WIDTH="76" HEIGHT="28" CONTENT="pestis," WC="0.70" CC="0411065"/>
						<SP ID="P34_SP00183" HPOS="513" VPOS="1128" WIDTH="17"/>
						<String ID="P34_ST00205" HPOS="530" VPOS="1104" WIDTH="37" HEIGHT="16" CONTENT="aut" WC="0.43" CC="753"/>
						<SP ID="P34_SP00184" HPOS="567" VPOS="1128" WIDTH="18"/>
						<String ID="P34_ST00206" HPOS="585" VPOS="1099" WIDTH="119" HEIGHT="21" CONTENT="consistere" WC="0.51" CC="7734370256"/>
						<SP ID="P34_SP00185" HPOS="704" VPOS="1128" WIDTH="18"/>
						<String ID="P34_ST00207" HPOS="722" VPOS="1099" WIDTH="21" HEIGHT="20" CONTENT="in" WC="1.00" CC="00"/>
						<SP ID="P34_SP00186" HPOS="743" VPOS="1128" WIDTH="19"/>
						<String ID="P34_ST00208" HPOS="762" VPOS="1098" WIDTH="50" HEIGHT="22" CONTENT="loco" WC="0.54" CC="2554"/>
						<SP ID="P34_SP00187" HPOS="812" VPOS="1128" WIDTH="16"/>
						<String ID="P34_ST00209" HPOS="828" VPOS="1105" WIDTH="17" HEIGHT="15" CONTENT="s." WC="0.68" CC="60"/>
						<SP ID="P34_SP00188" HPOS="845" VPOS="1128" WIDTH="13"/>
						<String ID="P34_ST00210" HPOS="858" VPOS="1098" WIDTH="74" HEIGHT="22" CONTENT="Iacobi" WC="0.48" CC="807762"/>
						<SP ID="P34_SP00189" HPOS="932" VPOS="1128" WIDTH="19"/>
						<String ID="P34_ST00211" HPOS="951" VPOS="1097" WIDTH="71" HEIGHT="22" CONTENT="Fratr." WC="0.90" CC="410000"/>
						<SP ID="P34_SP00190" HPOS="1022" VPOS="1128" WIDTH="11"/>
						<String ID="P34_ST00212" HPOS="1033" VPOS="1097" WIDTH="55" HEIGHT="22" CONTENT="Min." WC="0.80" CC="0070"/>
						<SP ID="P34_SP00191" HPOS="1088" VPOS="1128" WIDTH="10"/>
						<String ID="P34_ST00213" HPOS="1098" VPOS="1102" WIDTH="62" HEIGHT="16" CONTENT="extra" WC="0.58" CC="03609"/>
						<SP ID="P34_SP00192" HPOS="1160" VPOS="1128" WIDTH="21"/>
						<String ID="P34_ST00214" HPOS="1181" VPOS="1104" WIDTH="73" HEIGHT="15" CONTENT="muros" WC="0.40" CC="97075"/>
					</TextLine>
				</TextBlock>
				<TextBlock ID="P34_TB00010" HPOS="366" VPOS="1139" WIDTH="196" HEIGHT="21" STYLEREFS="TXT_1 PAR_LEFT">
					<TextLine ID="P34_TL00022" HPOS="367" VPOS="1139" WIDTH="195" HEIGHT="21">
						<String ID="P34_ST00215" HPOS="367" VPOS="1140" WIDTH="70" HEIGHT="20" CONTENT="dictae" WC="0.56" CC="074463"/>
						<SP ID="P34_SP00193" HPOS="437" VPOS="1160" WIDTH="18"/>
						<String ID="P34_ST00216" HPOS="455" VPOS="1139" WIDTH="107" HEIGHT="21" CONTENT="Civitatis." WC="0.72" CC="0370070250"/>
					</TextLine>
				</TextBlock>
				<TextBlock ID="P34_TB00011" HPOS="325" VPOS="1177" WIDTH="503" HEIGHT="25" STYLEREFS="TXT_1 PAR_LEFT">
					<TextLine ID="P34_TL00023" HPOS="337" VPOS="1179" WIDTH="491" HEIGHT="23">
						<String ID="P34_ST00217" HPOS="337" VPOS="1181" WIDTH="92" HEIGHT="21" CONTENT="Dilectis" WC="0.57" CC="05216565"/>
						<SP ID="P34_SP00194" HPOS="429" VPOS="1202" WIDTH="17"/>
						<String ID="P34_ST00218" HPOS="446" VPOS="1180" WIDTH="50" HEIGHT="22" CONTENT="liliis" WC="0.62" CC="671204"/>
						<SP ID="P34_SP00195" HPOS="496" VPOS="1202" WIDTH="17"/>
						<String ID="P34_ST00219" HPOS="513" VPOS="1181" WIDTH="103" HEIGHT="21" CONTENT="Antianis" WC="0.55" CC="07057257"/>
						<SP ID="P34_SP00196" HPOS="616" VPOS="1202" WIDTH="16"/>
						<String ID="P34_ST00220" HPOS="632" VPOS="1179" WIDTH="103" HEIGHT="23" CONTENT="Civitatis" WC="0.67" CC="360207405"/>
						<SP ID="P34_SP00197" HPOS="735" VPOS="1202" WIDTH="17"/>
						<String ID="P34_ST00221" HPOS="752" VPOS="1180" WIDTH="76" HEIGHT="22" CONTENT="Saone." WC="0.67" CC="045710"/>
					</TextLine>
				</TextBlock>
				<TextBlock ID="P34_TB00012" HPOS="292" VPOS="1220" WIDTH="962" HEIGHT="525" STYLEREFS="TXT_1 PAR_LEFT">
					<TextLine ID="P34_TL00024" HPOS="337" VPOS="1220" WIDTH="917" HEIGHT="30">
						<String ID="P34_ST00222" HPOS="337" VPOS="1221" WIDTH="81" HEIGHT="22" CONTENT="Dilecti" WC="0.65" CC="2730064"/>
						<SP ID="P34_SP00198" HPOS="418" VPOS="1243" WIDTH="17"/>
						<String ID="P34_ST00223" HPOS="435" VPOS="1220" WIDTH="39" HEIGHT="23" CONTENT="silii" WC="0.63" CC="88020"/>
						<SP ID="P34_SP00199" HPOS="474" VPOS="1243" WIDTH="17"/>
						<String ID="P34_ST00224" HPOS="491" VPOS="1221" WIDTH="94" HEIGHT="22" CONTENT="salutem" WC="0.50" CC="2757046"/>
						<SP ID="P34_SP00200" HPOS="585" VPOS="1243" WIDTH="17"/>
						<String ID="P34_ST00225" HPOS="602" VPOS="1226" WIDTH="42" HEIGHT="17" CONTENT="etc." WC="0.57" CC="5470"/>
						<SP ID="P34_SP00201" HPOS="644" VPOS="1243" WIDTH="17"/>
						<String ID="P34_ST00226" HPOS="661" VPOS="1220" WIDTH="57" HEIGHT="22" CONTENT="Cum" WC="0.63" CC="046"/>
						<SP ID="P34_SP00202" HPOS="718" VPOS="1243" WIDTH="17"/>
						<String ID="P34_ST00227" HPOS="735" VPOS="1221" WIDTH="55" HEIGHT="21" CONTENT="sicut" WC="0.51" CC="44950"/>
						<SP ID="P34_SP00203" HPOS="790" VPOS="1243" WIDTH="18"/>
						<String ID="P34_ST00228" HPOS="808" VPOS="1229" WIDTH="12" HEIGHT="13" CONTENT="a" WC="1.00" CC="0"/>
						<SP ID="P34_SP00204" HPOS="820" VPOS="1243" WIDTH="17"/>
						<String ID="P34_ST00229" HPOS="837" VPOS="1220" WIDTH="115" HEIGHT="30" CONTENT="fidedignis" WC="0.82" CC="2203000107"/>
						<SP ID="P34_SP00205" HPOS="952" VPOS="1250" WIDTH="17"/>
						<String ID="P34_ST00230" HPOS="969" VPOS="1221" WIDTH="127" HEIGHT="27" CONTENT="accepimus" WC="0.61" CC="026408434"/>
						<SP ID="P34_SP00206" HPOS="1096" VPOS="1250" WIDTH="24"/>
						<String ID="P34_ST00231" HPOS="1120" VPOS="1220" WIDTH="74" HEIGHT="22" CONTENT="dilecti" WC="0.58" CC="0156744"/>
						<SP ID="P34_SP00207" HPOS="1194" VPOS="1250" WIDTH="22"/>
						<String ID="P34_ST00232" HPOS="1216" VPOS="1220" WIDTH="38" HEIGHT="22" CONTENT="tìlii" WC="0.75" CC="44003"/>
					</TextLine>
					<TextLine ID="P34_TL00025" HPOS="293" VPOS="1262" WIDTH="961" HEIGHT="23">
						<String ID="P34_ST00233" HPOS="293" VPOS="1264" WIDTH="139" HEIGHT="21" CONTENT="Guardianus" WC="0.63" CC="0780065026"/>
						<SP ID="P34_SP00208" HPOS="432" VPOS="1285" WIDTH="17"/>
						<String ID="P34_ST00234" HPOS="449" VPOS="1269" WIDTH="21" HEIGHT="15" CONTENT="et" WC="0.75" CC="50"/>
						<SP ID="P34_SP00209" HPOS="470" VPOS="1285" WIDTH="17"/>
						<String ID="P34_ST00235" HPOS="487" VPOS="1262" WIDTH="78" HEIGHT="22" CONTENT="fratres" WC="0.50" CC="4374165"/>
						<SP ID="P34_SP00210" HPOS="565" VPOS="1285" WIDTH="17"/>
						<String ID="P34_ST00236" HPOS="582" VPOS="1262" WIDTH="42" HEIGHT="22" CONTENT="loci" WC="0.41" CC="6574"/>
						<SP ID="P34_SP00211" HPOS="624" VPOS="1285" WIDTH="17"/>
						<String ID="P34_ST00237" HPOS="641" VPOS="1263" WIDTH="70" HEIGHT="21" CONTENT="sancti" WC="0.40" CC="574646"/>
						<SP ID="P34_SP00212" HPOS="711" VPOS="1285" WIDTH="16"/>
						<String ID="P34_ST00238" HPOS="727" VPOS="1263" WIDTH="72" HEIGHT="22" CONTENT="Iacobi" WC="0.56" CC="070566"/>
						<SP ID="P34_SP00213" HPOS="799" VPOS="1285" WIDTH="13"/>
						<String ID="P34_ST00239" HPOS="812" VPOS="1268" WIDTH="61" HEIGHT="16" CONTENT="extra" WC="0.43" CC="54647"/>
						<SP ID="P34_SP00214" HPOS="873" VPOS="1285" WIDTH="13"/>
						<String ID="P34_ST00240" HPOS="886" VPOS="1269" WIDTH="75" HEIGHT="15" CONTENT="muros" WC="0.58" CC="25066"/>
						<SP ID="P34_SP00215" HPOS="961" VPOS="1285" WIDTH="12"/>
						<String ID="P34_ST00241" HPOS="973" VPOS="1262" WIDTH="104" HEIGHT="21" CONTENT="Civitatis" WC="0.69" CC="050637004"/>
						<SP ID="P34_SP00216" HPOS="1077" VPOS="1285" WIDTH="9"/>
						<String ID="P34_ST00242" HPOS="1086" VPOS="1267" WIDTH="73" HEIGHT="16" CONTENT="vestre" WC="0.62" CC="045326"/>
						<SP ID="P34_SP00217" HPOS="1159" VPOS="1285" WIDTH="12"/>
						<String ID="P34_ST00243" HPOS="1171" VPOS="1262" WIDTH="83" HEIGHT="22" CONTENT="ordinis" WC="0.56" CC="5403465"/>
					</TextLine>
					<TextLine ID="P34_TL00026" HPOS="293" VPOS="1303" WIDTH="961" HEIGHT="29">
						<String ID="P34_ST00244" HPOS="293" VPOS="1306" WIDTH="111" HEIGHT="20" CONTENT="ruinorum" WC="0.45" CC="98786012"/>
						<SP ID="P34_SP00218" HPOS="404" VPOS="1326" WIDTH="18"/>
						<String ID="P34_ST00245" HPOS="422" VPOS="1304" WIDTH="26" HEIGHT="21" CONTENT="de" WC="1.00" CC="00"/>
						<SP ID="P34_SP00219" HPOS="448" VPOS="1326" WIDTH="16"/>
						<String ID="P34_ST00246" HPOS="464" VPOS="1304" WIDTH="140" HEIGHT="21" CONTENT="observantia" WC="0.65" CC="45144071007"/>
						<SP ID="P34_SP00220" HPOS="604" VPOS="1326" WIDTH="17"/>
						<String ID="P34_ST00247" HPOS="621" VPOS="1304" WIDTH="36" HEIGHT="28" CONTENT="qui" WC="0.44" CC="654"/>
						<SP ID="P34_SP00221" HPOS="657" VPOS="1332" WIDTH="22"/>
						<String ID="P34_ST00248" HPOS="679" VPOS="1303" WIDTH="170" HEIGHT="29" CONTENT="exemplaritate" WC="0.54" CC="5009007555756"/>
						<SP ID="P34_SP00222" HPOS="849" VPOS="1332" WIDTH="24"/>
						<String ID="P34_ST00249" HPOS="873" VPOS="1303" WIDTH="44" HEIGHT="22" CONTENT="vite" WC="0.60" CC="0653"/>
						<SP ID="P34_SP00223" HPOS="917" VPOS="1332" WIDTH="22"/>
						<String ID="P34_ST00250" HPOS="939" VPOS="1309" WIDTH="21" HEIGHT="16" CONTENT="et" WC="0.74" CC="04"/>
						<SP ID="P34_SP00224" HPOS="960" VPOS="1332" WIDTH="20"/>
						<String ID="P34_ST00251" HPOS="980" VPOS="1304" WIDTH="148" HEIGHT="21" CONTENT="sacramentis" WC="0.56" CC="26307460664"/>
						<SP ID="P34_SP00225" HPOS="1128" VPOS="1332" WIDTH="23"/>
						<String ID="P34_ST00252" HPOS="1151" VPOS="1303" WIDTH="103" HEIGHT="22" CONTENT="universo" WC="0.53" CC="48271462"/>
					</TextLine>
					<TextLine ID="P34_TL00027" HPOS="293" VPOS="1344" WIDTH="961" HEIGHT="31">
						<String ID="P34_ST00253" HPOS="293" VPOS="1346" WIDTH="82" HEIGHT="29" CONTENT="populo" WC="0.67" CC="000376"/>
						<SP ID="P34_SP00226" HPOS="375" VPOS="1375" WIDTH="17"/>
						<String ID="P34_ST00254" HPOS="392" VPOS="1350" WIDTH="73" HEIGHT="17" CONTENT="vestro" WC="0.45" CC="066567"/>
						<SP ID="P34_SP00227" HPOS="465" VPOS="1375" WIDTH="17"/>
						<String ID="P34_ST00255" HPOS="482" VPOS="1344" WIDTH="118" HEIGHT="29" CONTENT="specialem" WC="0.57" CC="097607042"/>
						<SP ID="P34_SP00228" HPOS="600" VPOS="1375" WIDTH="17"/>
						<String ID="P34_ST00256" HPOS="617" VPOS="1344" WIDTH="178" HEIGHT="22" CONTENT="consolationem" WC="0.56" CC="7631036574062"/>
						<SP ID="P34_SP00229" HPOS="795" VPOS="1375" WIDTH="17"/>
						<String ID="P34_ST00257" HPOS="812" VPOS="1349" WIDTH="100" HEIGHT="25" CONTENT="prestant" WC="0.62" CC="00265760"/>
						<SP ID="P34_SP00230" HPOS="912" VPOS="1375" WIDTH="17"/>
						<String ID="P34_ST00258" HPOS="929" VPOS="1345" WIDTH="99" HEIGHT="29" CONTENT="quietem" WC="0.96" CC="0001000"/>
						<SP ID="P34_SP00231" HPOS="1028" VPOS="1375" WIDTH="18"/>
						<String ID="P34_ST00259" HPOS="1046" VPOS="1352" WIDTH="62" HEIGHT="14" CONTENT="suam" WC="0.74" CC="4500"/>
						<SP ID="P34_SP00232" HPOS="1108" VPOS="1375" WIDTH="23"/>
						<String ID="P34_ST00260" HPOS="1131" VPOS="1345" WIDTH="123" HEIGHT="29" CONTENT="perturbari" WC="0.58" CC="0640704665"/>
					</TextLine>
					<TextLine ID="P34_TL00028" HPOS="295" VPOS="1385" WIDTH="959" HEIGHT="30">
						<String ID="P34_ST00261" HPOS="295" VPOS="1386" WIDTH="96" HEIGHT="22" CONTENT="sentiant" WC="0.50" CC="03756754"/>
						<SP ID="P34_SP00233" HPOS="391" VPOS="1408" WIDTH="17"/>
						<String ID="P34_ST00262" HPOS="408" VPOS="1391" WIDTH="21" HEIGHT="17" CONTENT="et" WC="0.82" CC="30"/>
						<SP ID="P34_SP00234" HPOS="429" VPOS="1408" WIDTH="17"/>
						<String ID="P34_ST00263" HPOS="446" VPOS="1386" WIDTH="124" HEIGHT="29" CONTENT="pestilentia" WC="0.53" CC="01605088478"/>
						<SP ID="P34_SP00235" HPOS="570" VPOS="1415" WIDTH="18"/>
						<String ID="P34_ST00264" HPOS="588" VPOS="1385" WIDTH="59" HEIGHT="22" CONTENT="infici" WC="0.60" CC="350076"/>
						<SP ID="P34_SP00236" HPOS="647" VPOS="1415" WIDTH="17"/>
						<String ID="P34_ST00265" HPOS="664" VPOS="1386" WIDTH="100" HEIGHT="21" CONTENT="dubitent" WC="0.53" CC="86036614"/>
						<SP ID="P34_SP00237" HPOS="764" VPOS="1415" WIDTH="18"/>
						<String ID="P34_ST00266" HPOS="782" VPOS="1393" WIDTH="12" HEIGHT="14" CONTENT="a" WC="0.31" CC="6"/>
						<SP ID="P34_SP00238" HPOS="794" VPOS="1415" WIDTH="25"/>
						<String ID="P34_ST00267" HPOS="819" VPOS="1385" WIDTH="91" HEIGHT="23" CONTENT="familiis" WC="0.72" CC="26040223"/>
						<SP ID="P34_SP00239" HPOS="910" VPOS="1415" WIDTH="17"/>
						<String ID="P34_ST00268" HPOS="927" VPOS="1391" WIDTH="22" HEIGHT="17" CONTENT="et" WC="0.35" CC="75"/>
						<SP ID="P34_SP00240" HPOS="949" VPOS="1415" WIDTH="22"/>
						<String ID="P34_ST00269" HPOS="971" VPOS="1386" WIDTH="100" HEIGHT="28" CONTENT="personis" WC="0.64" CC="05061076"/>
						<SP ID="P34_SP00241" HPOS="1071" VPOS="1415" WIDTH="29"/>
						<String ID="P34_ST00270" HPOS="1100" VPOS="1393" WIDTH="43" HEIGHT="22" CONTENT="que" WC="0.61" CC="074"/>
						<SP ID="P34_SP00242" HPOS="1143" VPOS="1415" WIDTH="22"/>
						<String ID="P34_ST00271" HPOS="1165" VPOS="1386" WIDTH="89" HEIGHT="29" CONTENT="vigente" WC="0.65" CC="0500756"/>
					</TextLine>
					<TextLine ID="P34_TL00029" HPOS="293" VPOS="1427" WIDTH="961" HEIGHT="30">
						<String ID="P34_ST00272" HPOS="293" VPOS="1435" WIDTH="57" HEIGHT="15" CONTENT="nunc" WC="0.35" CC="9176"/>
						<SP ID="P34_SP00243" HPOS="350" VPOS="1450" WIDTH="17"/>
						<String ID="P34_ST00273" HPOS="367" VPOS="1427" WIDTH="125" HEIGHT="30" CONTENT="pestilentia" WC="0.61" CC="04746054107"/>
						<SP ID="P34_SP00244" HPOS="492" VPOS="1457" WIDTH="16"/>
						<String ID="P34_ST00274" HPOS="508" VPOS="1427" WIDTH="56" HEIGHT="29" CONTENT="apud" WC="0.68" CC="6060"/>
						<SP ID="P34_SP00245" HPOS="564" VPOS="1457" WIDTH="18"/>
						<String ID="P34_ST00275" HPOS="582" VPOS="1435" WIDTH="39" HEIGHT="14" CONTENT="vos" WC="0.28" CC="767"/>
						<SP ID="P34_SP00246" HPOS="621" VPOS="1457" WIDTH="16"/>
						<String ID="P34_ST00276" HPOS="637" VPOS="1427" WIDTH="23" HEIGHT="21" CONTENT="in" WC="0.49" CC="36"/>
						<SP ID="P34_SP00247" HPOS="660" VPOS="1457" WIDTH="12"/>
						<String ID="P34_ST00277" HPOS="672" VPOS="1427" WIDTH="139" HEIGHT="29" CONTENT="pertinentiis" WC="0.54" CC="000655582666"/>
						<SP ID="P34_SP00248" HPOS="811" VPOS="1457" WIDTH="12"/>
						<String ID="P34_ST00278" HPOS="823" VPOS="1427" WIDTH="98" HEIGHT="22" CONTENT="eiusdem" WC="0.48" CC="2777046"/>
						<SP ID="P34_SP00249" HPOS="921" VPOS="1457" WIDTH="12"/>
						<String ID="P34_ST00279" HPOS="933" VPOS="1427" WIDTH="42" HEIGHT="21" CONTENT="loci" WC="0.41" CC="6690"/>
						<SP ID="P34_SP00250" HPOS="975" VPOS="1457" WIDTH="14"/>
						<String ID="P34_ST00280" HPOS="989" VPOS="1427" WIDTH="100" HEIGHT="21" CONTENT="habitant" WC="0.45" CC="60174868"/>
						<SP ID="P34_SP00251" HPOS="1089" VPOS="1457" WIDTH="13"/>
						<String ID="P34_ST00281" HPOS="1102" VPOS="1432" WIDTH="22" HEIGHT="17" CONTENT="et" WC="0.57" CC="71"/>
						<SP ID="P34_SP00252" HPOS="1124" VPOS="1457" WIDTH="13"/>
						<String ID="P34_ST00282" HPOS="1137" VPOS="1432" WIDTH="117" HEIGHT="17" CONTENT="morantur" WC="0.34" CC="65776566"/>
					</TextLine>
					<TextLine ID="P34_TL00030" HPOS="293" VPOS="1469" WIDTH="961" HEIGHT="29">
						<String ID="P34_ST00283" HPOS="293" VPOS="1474" WIDTH="22" HEIGHT="17" CONTENT="et" WC="0.90" CC="02"/>
						<SP ID="P34_SP00253" HPOS="315" VPOS="1491" WIDTH="16"/>
						<String ID="P34_ST00284" HPOS="331" VPOS="1469" WIDTH="80" HEIGHT="22" CONTENT="idcirco" WC="0.45" CC="5967045"/>
						<SP ID="P34_SP00254" HPOS="411" VPOS="1491" WIDTH="17"/>
						<String ID="P34_ST00285" HPOS="428" VPOS="1469" WIDTH="141" HEIGHT="21" CONTENT="devotionem" WC="0.67" CC="0106503366"/>
						<SP ID="P34_SP00255" HPOS="569" VPOS="1491" WIDTH="18"/>
						<String ID="P34_ST00286" HPOS="587" VPOS="1474" WIDTH="96" HEIGHT="16" CONTENT="vestram" WC="0.64" CC="0034069"/>
						<SP ID="P34_SP00256" HPOS="683" VPOS="1491" WIDTH="18"/>
						<String ID="P34_ST00287" HPOS="701" VPOS="1469" WIDTH="116" HEIGHT="21" CONTENT="hortamur" WC="0.59" CC="51209057"/>
						<SP ID="P34_SP00257" HPOS="817" VPOS="1491" WIDTH="17"/>
						<String ID="P34_ST00288" HPOS="834" VPOS="1469" WIDTH="23" HEIGHT="21" CONTENT="in" WC="0.36" CC="57"/>
						<SP ID="P34_SP00258" HPOS="857" VPOS="1491" WIDTH="17"/>
						<String ID="P34_ST00289" HPOS="874" VPOS="1469" WIDTH="92" HEIGHT="21" CONTENT="domino" WC="0.52" CC="049356"/>
						<SP ID="P34_SP00259" HPOS="966" VPOS="1491" WIDTH="10"/>
						<String ID="P34_ST00290" HPOS="976" VPOS="1475" WIDTH="4" HEIGHT="14" CONTENT=":" WC="0.18" CC="8"/>
						<SP ID="P34_SP00260" HPOS="980" VPOS="1491" WIDTH="18"/>
						<String ID="P34_ST00291" HPOS="998" VPOS="1474" WIDTH="24" HEIGHT="16" CONTENT="ut" WC="0.70" CC="50"/>
						<SP ID="P34_SP00261" HPOS="1022" VPOS="1491" WIDTH="11"/>
						<String ID="P34_ST00292" HPOS="1033" VPOS="1469" WIDTH="37" HEIGHT="29" CONTENT="qui" WC="0.58" CC="075"/>
						<SP ID="P34_SP00262" HPOS="1070" VPOS="1498" WIDTH="12"/>
						<String ID="P34_ST00293" HPOS="1082" VPOS="1469" WIDTH="113" HEIGHT="29" CONTENT="rehgionis" WC="0.53" CC="047066446"/>
						<SP ID="P34_SP00263" HPOS="1195" VPOS="1498" WIDTH="14"/>
						<String ID="P34_ST00294" HPOS="1209" VPOS="1476" WIDTH="45" HEIGHT="22" CONTENT="pre" SUBS_TYPE="HypPart1" SUBS_CONTENT="presertim" WC="0.83" CC="0240"/>
						<HYP CONTENT="-"/>
					</TextLine>
					<TextLine ID="P34_TL00031" HPOS="293" VPOS="1508" WIDTH="961" HEIGHT="31">
						<String ID="P34_ST00295" HPOS="293" VPOS="1510" WIDTH="77" HEIGHT="22" CONTENT="sertim" SUBS_TYPE="HypPart2" SUBS_CONTENT="presertim" WC="0.63" CC="150319"/>
						<SP ID="P34_SP00264" HPOS="370" VPOS="1532" WIDTH="17"/>
						<String ID="P34_ST00296" HPOS="387" VPOS="1509" WIDTH="49" HEIGHT="22" CONTENT="talis" WC="0.68" CC="70026"/>
						<SP ID="P34_SP00265" HPOS="436" VPOS="1532" WIDTH="17"/>
						<String ID="P34_ST00297" HPOS="453" VPOS="1509" WIDTH="188" HEIGHT="22" CONTENT="observantissimi" WC="0.57" CC="066400760664246"/>
						<SP ID="P34_SP00266" HPOS="641" VPOS="1532" WIDTH="17"/>
						<String ID="P34_ST00298" HPOS="658" VPOS="1508" WIDTH="72" HEIGHT="23" CONTENT="fuistis" WC="0.56" CC="0515565"/>
						<SP ID="P34_SP00267" HPOS="730" VPOS="1532" WIDTH="16"/>
						<String ID="P34_ST00299" HPOS="746" VPOS="1516" WIDTH="88" HEIGHT="22" CONTENT="semper" WC="0.58" CC="654061"/>
						<SP ID="P34_SP00268" HPOS="834" VPOS="1538" WIDTH="17"/>
						<String ID="P34_ST00300" HPOS="851" VPOS="1510" WIDTH="104" HEIGHT="28" CONTENT="deinceps" WC="0.66" CC="04505605"/>
						<SP ID="P34_SP00269" HPOS="955" VPOS="1538" WIDTH="17"/>
						<String ID="P34_ST00301" HPOS="972" VPOS="1510" WIDTH="130" HEIGHT="29" CONTENT="permittcre" WC="0.75" CC="0760200800"/>
						<SP ID="P34_SP00270" HPOS="1102" VPOS="1539" WIDTH="17"/>
						<String ID="P34_ST00302" HPOS="1119" VPOS="1517" WIDTH="45" HEIGHT="14" CONTENT="non" WC="0.59" CC="254"/>
						<SP ID="P34_SP00271" HPOS="1164" VPOS="1539" WIDTH="18"/>
						<String ID="P34_ST00303" HPOS="1182" VPOS="1510" WIDTH="72" HEIGHT="22" CONTENT="velitis" WC="0.80" CC="0600015"/>
					</TextLine>
					<TextLine ID="P34_TL00032" HPOS="294" VPOS="1551" WIDTH="960" HEIGHT="29">
						<String ID="P34_ST00304" HPOS="294" VPOS="1557" WIDTH="23" HEIGHT="16" CONTENT="ut" WC="0.44" CC="46"/>
						<SP ID="P34_SP00272" HPOS="317" VPOS="1573" WIDTH="17"/>
						<String ID="P34_ST00305" HPOS="334" VPOS="1551" WIDTH="66" HEIGHT="29" CONTENT="aliqui" WC="0.62" CC="750072"/>
						<SP ID="P34_SP00273" HPOS="400" VPOS="1580" WIDTH="21"/>
						<String ID="P34_ST00306" HPOS="421" VPOS="1557" WIDTH="100" HEIGHT="22" CONTENT="tempore" WC="0.74" CC="3500610"/>
						<SP ID="P34_SP00274" HPOS="521" VPOS="1580" WIDTH="17"/>
						<String ID="P34_ST00307" HPOS="538" VPOS="1552" WIDTH="67" HEIGHT="27" CONTENT="pestis" WC="0.64" CC="024733"/>
						<SP ID="P34_SP00275" HPOS="605" VPOS="1580" WIDTH="17"/>
						<String ID="P34_ST00308" HPOS="622" VPOS="1556" WIDTH="23" HEIGHT="16" CONTENT="ut" WC="0.40" CC="65"/>
						<SP ID="P34_SP00276" HPOS="645" VPOS="1580" WIDTH="18"/>
						<String ID="P34_ST00309" HPOS="663" VPOS="1551" WIDTH="136" HEIGHT="28" CONTENT="premittitur" WC="0.58" CC="06000366964"/>
						<SP ID="P34_SP00277" HPOS="799" VPOS="1580" WIDTH="17"/>
						<String ID="P34_ST00310" HPOS="816" VPOS="1552" WIDTH="22" HEIGHT="20" CONTENT="in" WC="0.55" CC="35"/>
						<SP ID="P34_SP00278" HPOS="838" VPOS="1580" WIDTH="20"/>
						<String ID="P34_ST00311" HPOS="858" VPOS="1551" WIDTH="51" HEIGHT="22" CONTENT="loco" WC="0.36" CC="5676"/>
						<SP ID="P34_SP00279" HPOS="909" VPOS="1580" WIDTH="23"/>
						<String ID="P34_ST00312" HPOS="932" VPOS="1552" WIDTH="112" HEIGHT="21" CONTENT="antedicto" WC="0.52" CC="752704625"/>
						<SP ID="P34_SP00280" HPOS="1044" VPOS="1580" WIDTH="23"/>
						<String ID="P34_ST00313" HPOS="1067" VPOS="1551" WIDTH="124" HEIGHT="22" CONTENT="conslstant" WC="0.42" CC="7066852775"/>
						<SP ID="P34_SP00281" HPOS="1191" VPOS="1580" WIDTH="26"/>
						<String ID="P34_ST00314" HPOS="1217" VPOS="1557" WIDTH="37" HEIGHT="16" CONTENT="aut" WC="0.28" CC="866"/>
					</TextLine>
					<TextLine ID="P34_TL00033" HPOS="294" VPOS="1591" WIDTH="960" HEIGHT="31">
						<String ID="P34_ST00315" HPOS="294" VPOS="1592" WIDTH="104" HEIGHT="22" CONTENT="accedant" WC="0.40" CC="69740766"/>
						<SP ID="P34_SP00282" HPOS="398" VPOS="1614" WIDTH="9"/>
						<String ID="P34_ST00316" HPOS="407" VPOS="1600" WIDTH="4" HEIGHT="14" CONTENT=":" WC="0.26" CC="7"/>
						<SP ID="P34_SP00283" HPOS="411" VPOS="1614" WIDTH="17"/>
						<String ID="P34_ST00317" HPOS="428" VPOS="1592" WIDTH="38" HEIGHT="22" CONTENT="sed" WC="0.60" CC="029"/>
						<SP ID="P34_SP00284" HPOS="466" VPOS="1614" WIDTH="17"/>
						<String ID="P34_ST00318" HPOS="483" VPOS="1599" WIDTH="37" HEIGHT="14" CONTENT="eos" WC="0.43" CC="564"/>
						<SP ID="P34_SP00285" HPOS="520" VPOS="1614" WIDTH="17"/>
						<String ID="P34_ST00319" HPOS="537" VPOS="1592" WIDTH="37" HEIGHT="29" CONTENT="qui" WC="0.50" CC="077"/>
						<SP ID="P34_SP00286" HPOS="574" VPOS="1621" WIDTH="17"/>
						<String ID="P34_ST00320" HPOS="591" VPOS="1599" WIDTH="57" HEIGHT="15" CONTENT="nunc" WC="0.39" CC="8356"/>
						<SP ID="P34_SP00287" HPOS="648" VPOS="1621" WIDTH="17"/>
						<String ID="P34_ST00321" HPOS="665" VPOS="1597" WIDTH="145" HEIGHT="21" CONTENT="accesserunt," WC="0.48" CC="749633533713"/>
						<SP ID="P34_SP00288" HPOS="810" VPOS="1621" WIDTH="18"/>
						<String ID="P34_ST00322" HPOS="828" VPOS="1599" WIDTH="50" HEIGHT="15" CONTENT="cum" WC="0.60" CC="722"/>
						<SP ID="P34_SP00289" HPOS="878" VPOS="1621" WIDTH="17"/>
						<String ID="P34_ST00323" HPOS="895" VPOS="1592" WIDTH="87" HEIGHT="30" CONTENT="purgati" WC="0.66" CC="0609006"/>
						<SP ID="P34_SP00290" HPOS="982" VPOS="1622" WIDTH="18"/>
						<String ID="P34_ST00324" HPOS="1000" VPOS="1591" WIDTH="81" HEIGHT="23" CONTENT="fuerint" WC="0.42" CC="5576329"/>
						<SP ID="P34_SP00291" HPOS="1081" VPOS="1622" WIDTH="17"/>
						<String ID="P34_ST00325" HPOS="1098" VPOS="1594" WIDTH="108" HEIGHT="28" CONTENT="temporis" WC="0.59" CC="34800573"/>
						<SP ID="P34_SP00292" HPOS="1206" VPOS="1622" WIDTH="18"/>
						<String ID="P34_ST00326" HPOS="1224" VPOS="1593" WIDTH="30" HEIGHT="21" CONTENT="in" SUBS_TYPE="HypPart1" SUBS_CONTENT="intervallo," WC="0.57" CC="343"/>
						<HYP CONTENT="-"/>
					</TextLine>
					<TextLine ID="P34_TL00034" HPOS="294" VPOS="1633" WIDTH="959" HEIGHT="30">
						<String ID="P34_ST00327" HPOS="294" VPOS="1634" WIDTH="101" HEIGHT="26" CONTENT="tervallo," SUBS_TYPE="HypPart2" SUBS_CONTENT="intervallo," WC="0.72" CC="033062322"/>
						<SP ID="P34_SP00293" HPOS="395" VPOS="1660" WIDTH="10"/>
						<String ID="P34_ST00328" HPOS="405" VPOS="1634" WIDTH="49" HEIGHT="21" CONTENT="inde" WC="0.58" CC="3606"/>
						<SP ID="P34_SP00294" HPOS="454" VPOS="1660" WIDTH="13"/>
						<String ID="P34_ST00329" HPOS="467" VPOS="1634" WIDTH="122" HEIGHT="22" CONTENT="amoveatis" WC="0.63" CC="006048453"/>
						<SP ID="P34_SP00295" HPOS="589" VPOS="1660" WIDTH="12"/>
						<String ID="P34_ST00330" HPOS="601" VPOS="1638" WIDTH="23" HEIGHT="17" CONTENT="ut" WC="0.58" CC="43"/>
						<SP ID="P34_SP00296" HPOS="624" VPOS="1660" WIDTH="11"/>
						<String ID="P34_ST00331" HPOS="635" VPOS="1634" WIDTH="100" HEIGHT="28" CONTENT="precibus" WC="0.69" CC="00072176"/>
						<SP ID="P34_SP00297" HPOS="735" VPOS="1662" WIDTH="12"/>
						<String ID="P34_ST00332" HPOS="747" VPOS="1634" WIDTH="99" HEIGHT="28" CONTENT="ipsorura" WC="0.61" CC="00460755"/>
						<SP ID="P34_SP00298" HPOS="846" VPOS="1662" WIDTH="12"/>
						<String ID="P34_ST00333" HPOS="858" VPOS="1634" WIDTH="67" HEIGHT="22" CONTENT="etiam" WC="0.71" CC="50008"/>
						<SP ID="P34_SP00299" HPOS="925" VPOS="1662" WIDTH="14"/>
						<String ID="P34_ST00334" HPOS="939" VPOS="1633" WIDTH="92" HEIGHT="23" CONTENT="l'ratrum" WC="0.70" CC="47005401"/>
						<SP ID="P34_SP00300" HPOS="1031" VPOS="1662" WIDTH="13"/>
						<String ID="P34_ST00335" HPOS="1044" VPOS="1634" WIDTH="68" HEIGHT="22" CONTENT="adiuti" WC="0.42" CC="067947"/>
						<SP ID="P34_SP00301" HPOS="1112" VPOS="1662" WIDTH="14"/>
						<String ID="P34_ST00336" HPOS="1126" VPOS="1634" WIDTH="127" HEIGHT="29" CONTENT="pestilentia" WC="0.50" CC="81676056307"/>
					</TextLine>
					<TextLine ID="P34_TL00035" HPOS="294" VPOS="1673" WIDTH="960" HEIGHT="31">
						<String ID="P34_ST00337" HPOS="294" VPOS="1675" WIDTH="45" HEIGHT="27" CONTENT="ipsa" WC="0.47" CC="4069"/>
						<SP ID="P34_SP00302" HPOS="339" VPOS="1702" WIDTH="17"/>
						<String ID="P34_ST00338" HPOS="356" VPOS="1674" WIDTH="63" HEIGHT="21" CONTENT="citius" WC="0.53" CC="516076"/>
						<SP ID="P34_SP00303" HPOS="419" VPOS="1702" WIDTH="15"/>
						<String ID="P34_ST00339" HPOS="434" VPOS="1673" WIDTH="132" HEIGHT="23" CONTENT="liberemini." WC="0.59" CC="76064073800"/>
						<SP ID="P34_SP00304" HPOS="566" VPOS="1702" WIDTH="16"/>
						<String ID="P34_ST00340" HPOS="582" VPOS="1674" WIDTH="68" HEIGHT="26" CONTENT="Quod" WC="0.68" CC="0660"/>
						<SP ID="P34_SP00305" HPOS="650" VPOS="1702" WIDTH="16"/>
						<String ID="P34_ST00341" HPOS="666" VPOS="1674" WIDTH="18" HEIGHT="22" CONTENT="si" WC="0.38" CC="47"/>
						<SP ID="P34_SP00306" HPOS="684" VPOS="1702" WIDTH="22"/>
						<String ID="P34_ST00342" HPOS="706" VPOS="1673" WIDTH="103" HEIGHT="28" CONTENT="feceritis," WC="0.58" CC="0592204735"/>
						<SP ID="P34_SP00307" HPOS="809" VPOS="1702" WIDTH="21"/>
						<String ID="P34_ST00343" HPOS="830" VPOS="1680" WIDTH="22" HEIGHT="16" CONTENT="ut" WC="0.53" CC="54"/>
						<SP ID="P34_SP00308" HPOS="852" VPOS="1702" WIDTH="22"/>
						<String ID="P34_ST00344" HPOS="874" VPOS="1675" WIDTH="65" HEIGHT="21" CONTENT="decet" WC="0.62" CC="06650"/>
						<SP ID="P34_SP00309" HPOS="939" VPOS="1702" WIDTH="25"/>
						<String ID="P34_ST00345" HPOS="964" VPOS="1680" WIDTH="22" HEIGHT="16" CONTENT="et" WC="0.59" CC="52"/>
						<SP ID="P34_SP00310" HPOS="986" VPOS="1702" WIDTH="20"/>
						<String ID="P34_ST00346" HPOS="1006" VPOS="1682" WIDTH="115" HEIGHT="21" CONTENT="speramus" WC="0.49" CC="60707676"/>
						<SP ID="P34_SP00311" HPOS="1121" VPOS="1703" WIDTH="24"/>
						<String ID="P34_ST00347" HPOS="1145" VPOS="1683" WIDTH="50" HEIGHT="21" CONTENT="nos," WC="0.79" CC="5020"/>
						<SP ID="P34_SP00312" HPOS="1195" VPOS="1704" WIDTH="17"/>
						<String ID="P34_ST00348" HPOS="1212" VPOS="1676" WIDTH="42" HEIGHT="21" CONTENT="erit" WC="0.49" CC="0667"/>
					</TextLine>
					<TextLine ID="P34_TL00036" HPOS="296" VPOS="1715" WIDTH="831" HEIGHT="30">
						<String ID="P34_ST00349" HPOS="296" VPOS="1716" WIDTH="63" HEIGHT="23" CONTENT="Bobis" WC="0.30" CC="77766"/>
						<SP ID="P34_SP00313" HPOS="359" VPOS="1739" WIDTH="17"/>
						<String ID="P34_ST00350" HPOS="376" VPOS="1715" WIDTH="121" HEIGHT="29" CONTENT="plurimum" WC="0.25" CC="94955499"/>
						<SP ID="P34_SP00314" HPOS="497" VPOS="1744" WIDTH="16"/>
						<String ID="P34_ST00351" HPOS="513" VPOS="1720" WIDTH="95" HEIGHT="25" CONTENT="graturn." WC="0.46" CC="90660774"/>
						<SP ID="P34_SP00315" HPOS="608" VPOS="1745" WIDTH="19"/>
						<String ID="P34_ST00352" HPOS="627" VPOS="1716" WIDTH="52" HEIGHT="23" CONTENT="Dat," WC="0.53" CC="0917"/>
						<SP ID="P34_SP00316" HPOS="679" VPOS="1745" WIDTH="15"/>
						<String ID="P34_ST00353" HPOS="694" VPOS="1716" WIDTH="35" HEIGHT="21" CONTENT="die" WC="0.58" CC="920"/>
						<SP ID="P34_SP00317" HPOS="729" VPOS="1745" WIDTH="16"/>
						<String ID="P34_ST00354" HPOS="745" VPOS="1716" WIDTH="18" HEIGHT="23" CONTENT="li" WC="0.54" CC="44"/>
						<SP ID="P34_SP00318" HPOS="763" VPOS="1745" WIDTH="17"/>
						<String ID="P34_ST00355" HPOS="780" VPOS="1717" WIDTH="95" HEIGHT="28" CONTENT="Augusti" WC="0.38" CC="1596775"/>
						<SP ID="P34_SP00319" HPOS="875" VPOS="1745" WIDTH="21"/>
						<String ID="P34_ST00356" HPOS="896" VPOS="1723" WIDTH="4" HEIGHT="12" CONTENT="'■" WC="0.51" CC="18"/>
						<SP ID="P34_SP00320" HPOS="900" VPOS="1745" WIDTH="9"/>
						<String ID="P34_ST00357" HPOS="909" VPOS="1722" WIDTH="42" HEIGHT="21" CONTENT="504" WC="0.17" CC="879"/>
						<SP ID="P34_SP00321" HPOS="951" VPOS="1745" WIDTH="17"/>
						<String ID="P34_ST00358" HPOS="968" VPOS="1723" WIDTH="59" HEIGHT="15" CONTENT="anno" WC="0.38" CC="6674"/>
						<SP ID="P34_SP00322" HPOS="1027" VPOS="1745" WIDTH="17"/>
						<String ID="P34_ST00359" HPOS="1044" VPOS="1717" WIDTH="83" HEIGHT="28" CONTENT="primo." WC="0.35" CC="963774"/>
					</TextLine>
				</TextBlock>
			</PrintSpace>
		</Page>
	</Layout>
</alto>
